symbol,relative_path,bytes,sha256,references,decision
US.AACG,cache/market_breadth/prices/US.AACG.json,14427,182d31281763353be56e1cc681bf8bb0c58b9a47afbae0e734cbda01ff8c8340,cache/market_breadth/members/nasdaq.json;cache/market_breadth/snapshots/nasdaq.json,Composite business still references; approval required before archive
US.AACI,cache/market_breadth/prices/US.AACI.json,14482,bbda29073171a6921e9be93aba6287d8794aab31736b3a3f9108f48fa0d10e5b,cache/market_breadth/members/nasdaq.json;cache/market_breadth/snapshots/nasdaq.json,Composite business still references; approval required before archive
US.AACO,cache/market_breadth/prices/US.AACO.json,1958,1ef573a0a076b8da9f677afbff28b01479715492bd18a12e6707bc67683a43d5,cache/market_breadth/members/nasdaq.json;cache/market_breadth/snapshots/nasdaq.json,Composite business still references; approval required before archive
US.AACP,cache/market_breadth/prices/US.AACP.json,2561,e7b7120c1a1546ade0eb4294fa0329f322cb2d2b7f8ce4da0e0d32e6ca5d289d,cache/market_breadth/members/nasdaq.json;cache/market_breadth/snapshots/nasdaq.json,Composite business still references; approval required before archive
US.AAL,cache/market_breadth/prices/US.AAL.json,14497,9188d679f7c88e1d3b534981359ffcd02bbee61ebb49deb57ead5b9503f16ce7,cache/market_breadth/members/nasdaq.json;cache/market_breadth/snapshots/nasdaq.json,Composite business still references; approval required before archive
US.AAME,cache/market_breadth/prices/US.AAME.json,14159,2910e129ca4670320b848726db97eb494c33177e917ff9f435c5422174b4ca4e,cache/market_breadth/members/nasdaq.json;cache/market_breadth/snapshots/nasdaq.json,Composite business still references; approval required before archive
US.AAOI,cache/market_breadth/prices/US.AAOI.json,14650,ed0f38b4b250c1496d4665917b74f6732ff3e8b4e54faa9f8e8c0a8028f03012,cache/market_breadth/members/nasdaq.json;cache/market_breadth/snapshots/nasdaq.json,Composite business still references; approval required before archive
US.AAON,cache/market_breadth/prices/US.AAON.json,14607,f5c0e04d031b608d5cbd11bd1ae06c3736353fd7e3fa49953fd9369ddf59627b,cache/market_breadth/members/nasdaq.json;cache/market_breadth/snapshots/nasdaq.json,Composite business still references; approval required before archive
US.AAPG,cache/market_breadth/prices/US.AAPG.json,14516,04031e390826e08ed8be732360164b89e7d7d6ad358ea57b5341a2a1ae6f0090,cache/market_breadth/members/nasdaq.json;cache/market_breadth/snapshots/nasdaq.json,Composite business still references; approval required before archive
US.AARD,cache/market_breadth/prices/US.AARD.json,14294,f9050d875784bfdfddd0929f1db1b5c25a4edbf4c1249b233ac82b50427f134d,cache/market_breadth/members/nasdaq.json;cache/market_breadth/snapshots/nasdaq.json,Composite business still references; approval required before archive
US.ABAT,cache/market_breadth/prices/US.ABAT.json,14128,74be0a9414371e6c9bbfa452206a605f3a610cecc0457c900b0c730b3f2788bc,cache/market_breadth/members/nasdaq.json;cache/market_breadth/snapshots/nasdaq.json,Composite business still references; approval required before archive
US.ABCL,cache/market_breadth/prices/US.ABCL.json,14148,1586a1768de076acaf35bfefbc23c9a540948ad296a4a29ac5a3a63bf7a4a514,cache/market_breadth/members/nasdaq.json;cache/market_breadth/snapshots/nasdaq.json,Composite business still references; approval required before archive
US.ABEO,cache/market_breadth/prices/US.ABEO.json,14121,9b8461d2217fc1cbe2030da1fb24351ae1dca57e9c71e82c14cda09a8dac0e93,cache/market_breadth/members/nasdaq.json;cache/market_breadth/snapshots/nasdaq.json,Composite business still references; approval required before archive
US.ABLV,cache/market_breadth/prices/US.ABLV.json,14411,e1684a11531fbc129e9e9a0c2282ac262d417cf9463bd9511b3c34f7144fae36,cache/market_breadth/members/nasdaq.json;cache/market_breadth/snapshots/nasdaq.json,Composite business still references; approval required before archive
US.ABOS,cache/market_breadth/prices/US.ABOS.json,17233,a02098c1b63f79eaf831aedbcf8e4e500a0127f99fa4736af39b5602874b5848,cache/market_breadth/members/nasdaq.json;cache/market_breadth/snapshots/nasdaq.json,Composite business still references; approval required before archive
US.ABSI,cache/market_breadth/prices/US.ABSI.json,17267,d13068a52cb15547ac36b6139a1d8508de8b8c3e6ef50bd6f5aec34a16b35752,cache/market_breadth/members/nasdaq.json;cache/market_breadth/snapshots/nasdaq.json,Composite business still references; approval required before archive
US.ABTC,cache/market_breadth/prices/US.ABTC.json,16759,84ad3ebdfe00073936c768a217a6baf6cff77c73af777ab3f8b7313b709f0431,cache/market_breadth/members/nasdaq.json;cache/market_breadth/snapshots/nasdaq.json,Composite business still references; approval required before archive
US.ABTS,cache/market_breadth/prices/US.ABTS.json,17174,3869ae0c28f6e7e0cb0f888042ee4283f4eb7e75135701f7e2db74670e8f8ae7,cache/market_breadth/members/nasdaq.json;cache/market_breadth/snapshots/nasdaq.json,Composite business still references; approval required before archive
US.ABUS,cache/market_breadth/prices/US.ABUS.json,17230,f03ba032da8451a3fbe3b80bec98a12a421d844d8286750141d42e01e4aba50d,cache/market_breadth/members/nasdaq.json;cache/market_breadth/snapshots/nasdaq.json,Composite business still references; approval required before archive
US.ABVC,cache/market_breadth/prices/US.ABVC.json,17210,fdd7e24ae465cd27b7b164dfbe6da05557183226a8efe122fd4982b8bb620ecb,cache/market_breadth/members/nasdaq.json;cache/market_breadth/snapshots/nasdaq.json,Composite business still references; approval required before archive
US.ABVX,cache/market_breadth/prices/US.ABVX.json,17614,208e2ffc2d1c63779c2124340e0ae1f9d59d6d3865c7b988176f2cd8f4c339ca,cache/market_breadth/members/nasdaq.json;cache/market_breadth/snapshots/nasdaq.json,Composite business still references; approval required before archive
US.ACAA,cache/market_breadth/prices/US.ACAA.json,5073,14f7df87d1df54141b335deef8d039a56888c03e06e3758c4ea9c976ac93424d,cache/market_breadth/members/nasdaq.json;cache/market_breadth/snapshots/nasdaq.json,Composite business still references; approval required before archive
US.ACAD,cache/market_breadth/prices/US.ACAD.json,17646,e670a3fb6b42be7b6a63e98a6fa095d069717edd2b6854da92410d8ccb9e2d0e,cache/market_breadth/members/nasdaq.json;cache/market_breadth/snapshots/nasdaq.json,Composite business still references; approval required before archive
US.ACB,cache/market_breadth/prices/US.ACB.json,17248,5a3c15e976e378458c974cdac116ccc9416677ec0f00cd63ce161423cc35a207,cache/market_breadth/members/nasdaq.json;cache/market_breadth/snapshots/nasdaq.json,Composite business still references; approval required before archive
US.ACCL,cache/market_breadth/prices/US.ACCL.json,10194,834723ecb808d157f8f9678ab57890ea89dd6719750c368a2724694bc1a16996,cache/market_breadth/members/nasdaq.json;cache/market_breadth/snapshots/nasdaq.json,Composite business still references; approval required before archive
US.ACDC,cache/market_breadth/prices/US.ACDC.json,17186,30cfa68eeb6f2e129c66b9eb3f4acb14788b34f00ec8d03cc4776322cddec704,cache/market_breadth/members/nasdaq.json;cache/market_breadth/snapshots/nasdaq.json,Composite business still references; approval required before archive
US.ACET,cache/market_breadth/prices/US.ACET.json,17327,3d0b15d0998af60c0354b18a20034eda985bea9f574276614a712ba86bcb6670,cache/market_breadth/members/nasdaq.json;cache/market_breadth/snapshots/nasdaq.json,Composite business still references; approval required before archive
US.ACFN,cache/market_breadth/prices/US.ACFN.json,17198,81bb4bc38bd069d667dc489aeb8739199599ff9252b49fd712619f64d41b58c6,cache/market_breadth/members/nasdaq.json;cache/market_breadth/snapshots/nasdaq.json,Composite business still references; approval required before archive
US.ACGC,cache/market_breadth/prices/US.ACGC.json,3713,c90b9ef70a9c23ebfd23e158d70c01687df420030fc1d0f7e114d6af40cee557,cache/market_breadth/members/nasdaq.json;cache/market_breadth/snapshots/nasdaq.json,Composite business still references; approval required before archive
US.ACGL,cache/market_breadth/prices/US.ACGL.json,17674,a9304527057b5b8be5b912e7bb59bc4e90860f67452a172b480bca880642b315,cache/market_breadth/members/nasdaq.json;cache/market_breadth/snapshots/nasdaq.json,Composite business still references; approval required before archive
US.ACHC,cache/market_breadth/prices/US.ACHC.json,17577,05ddc8fdbfa2fb56928e5b65136e848d7face23a7d6cfa533d82d9fc628a65b7,cache/market_breadth/members/nasdaq.json;cache/market_breadth/snapshots/nasdaq.json,Composite business still references; approval required before archive
US.ACHV,cache/market_breadth/prices/US.ACHV.json,17199,c441004227aa6c9cbd7accaac21c1beaaa319188dd90448a07999f33b838e9c4,cache/market_breadth/members/nasdaq.json;cache/market_breadth/snapshots/nasdaq.json,Composite business still references; approval required before archive
US.ACIC,cache/market_breadth/prices/US.ACIC.json,17590,916e14bd274f124ad05253ca3562d5e530933e95ea08e3f9b3231151b715c0d9,cache/market_breadth/members/nasdaq.json;cache/market_breadth/snapshots/nasdaq.json,Composite business still references; approval required before archive
US.ACIU,cache/market_breadth/prices/US.ACIU.json,17223,e5519cc6d0f58b128b8cad7d9f30c2e0505c56b253a1274962528ca7c2841b30,cache/market_breadth/members/nasdaq.json;cache/market_breadth/snapshots/nasdaq.json,Composite business still references; approval required before archive
US.ACIW,cache/market_breadth/prices/US.ACIW.json,17589,398a0b8b74bfc8cc8a303643817f233ffa15e2f49ea319e08bc3ef6e07d90dac,cache/market_breadth/members/nasdaq.json;cache/market_breadth/snapshots/nasdaq.json,Composite business still references; approval required before archive
US.ACLS,cache/market_breadth/prices/US.ACLS.json,17744,bfc36431ea0c90373657a53b542b173413c1c2401fb5b4229231ec1c03f41849,cache/market_breadth/members/nasdaq.json;cache/market_breadth/snapshots/nasdaq.json,Composite business still references; approval required before archive
US.ACMR,cache/market_breadth/prices/US.ACMR.json,17641,a860bc2c24934dc1b8f5db8a487647a0642ca1ddf895a97bd1681e09aded5ea4,cache/market_breadth/members/nasdaq.json;cache/market_breadth/snapshots/nasdaq.json,Composite business still references; approval required before archive
US.ACNB,cache/market_breadth/prices/US.ACNB.json,17713,39957dfff972f903f7e79439748a728e339dd53abfab989d8f17ec16c935d9c0,cache/market_breadth/members/nasdaq.json;cache/market_breadth/snapshots/nasdaq.json,Composite business still references; approval required before archive
US.ACNT,cache/market_breadth/prices/US.ACNT.json,17598,1c2dad372993d5c863e57586f1ed4bc1e4f9232798cc43eed91b073760cf41e8,cache/market_breadth/members/nasdaq.json;cache/market_breadth/snapshots/nasdaq.json,Composite business still references; approval required before archive
US.ACOG,cache/market_breadth/prices/US.ACOG.json,17020,703dacb4936fb0165a2438570d59527ee5daf104bad5fe178aca6cd0bffe5550,cache/market_breadth/members/nasdaq.json;cache/market_breadth/snapshots/nasdaq.json,Composite business still references; approval required before archive
US.ACON,cache/market_breadth/prices/US.ACON.json,17241,f7c61d7ee7026772bb4525a2a0f106602aa0340ee5b695dcbd9efc3296e21fb4,cache/market_breadth/members/nasdaq.json;cache/market_breadth/snapshots/nasdaq.json,Composite business still references; approval required before archive
US.ACRS,cache/market_breadth/prices/US.ACRS.json,17217,c1cadd914818ae65d99003b4090be39fca099356661aadff401562aacc703b7e,cache/market_breadth/members/nasdaq.json;cache/market_breadth/snapshots/nasdaq.json,Composite business still references; approval required before archive
US.ACRV,cache/market_breadth/prices/US.ACRV.json,17188,8501f6fc2f3c6e8bc54f7d367a9cb98ef6906f4b988a0299af8f58484be46f40,cache/market_breadth/members/nasdaq.json;cache/market_breadth/snapshots/nasdaq.json,Composite business still references; approval required before archive
US.ACT,cache/market_breadth/prices/US.ACT.json,17688,a61d2aa16e23fa0350b49925ece3c69adaa936313583a59c26772b434fc7ec31,cache/market_breadth/members/nasdaq.json;cache/market_breadth/snapshots/nasdaq.json,Composite business still references; approval required before archive
US.ACTG,cache/market_breadth/prices/US.ACTG.json,17186,f7fdcb94fcfb830fc436a1b08b146837881bfb6aa71d52570e372731fac9a1ab,cache/market_breadth/members/nasdaq.json;cache/market_breadth/snapshots/nasdaq.json,Composite business still references; approval required before archive
US.ACTU,cache/market_breadth/prices/US.ACTU.json,17181,0062525a1664cfdc01bc74aebd7050a7984dc43e2ab1544059234e1df3e291b7,cache/market_breadth/members/nasdaq.json;cache/market_breadth/snapshots/nasdaq.json,Composite business still references; approval required before archive
US.ACXP,cache/market_breadth/prices/US.ACXP.json,17178,47f36bdc2dd6080aa3af7210afd07df446ef1ce09f2bf51686c80bceb6dc1fe7,cache/market_breadth/members/nasdaq.json;cache/market_breadth/snapshots/nasdaq.json,Composite business still references; approval required before archive
US.ADAC,cache/market_breadth/prices/US.ADAC.json,7045,653e53412545267402b391a3d58acd82f4c33acf3fcce96d3ffc831c7c771e9f,cache/market_breadth/members/nasdaq.json;cache/market_breadth/snapshots/nasdaq.json,Composite business still references; approval required before archive
US.ADAG,cache/market_breadth/prices/US.ADAG.json,17225,2f39fb23a89a1b552423b6f91a48605938e92fb90f87d82b1fde540cf26d213a,cache/market_breadth/members/nasdaq.json;cache/market_breadth/snapshots/nasdaq.json,Composite business still references; approval required before archive
US.ADAM,cache/market_breadth/prices/US.ADAM.json,17291,08391d6cf49a0d80c44cbf2a34994edff702415837b86b8314c07a46b1a60e2c,cache/market_breadth/members/nasdaq.json;cache/market_breadth/snapshots/nasdaq.json,Composite business still references; approval required before archive
US.ADBT,cache/market_breadth/prices/US.ADBT.json,1182,3cbd8961d03bdbebd863bbfd3a2650024d706ccdc82b3a585f0bd6eceb3f2a44,cache/market_breadth/members/nasdaq.json;cache/market_breadth/snapshots/nasdaq.json,Composite business still references; approval required before archive
US.ADEA,cache/market_breadth/prices/US.ADEA.json,17696,7e479ad0654681770374f25fdc79b09080f66d45f3f1f6464c1c234b8ceee5bd,cache/market_breadth/members/nasdaq.json;cache/market_breadth/snapshots/nasdaq.json,Composite business still references; approval required before archive
US.ADGM,cache/market_breadth/prices/US.ADGM.json,17098,8078dfce73cbfee0205450a4682298bc257bcf1b4612ded6851ec1da880d0e93,cache/market_breadth/members/nasdaq.json;cache/market_breadth/snapshots/nasdaq.json,Composite business still references; approval required before archive
US.ADIL,cache/market_breadth/prices/US.ADIL.json,15383,8fde15ec29f849478c588d58cc350e4a3262e27ab42a7d8d4230540e1880f601,cache/market_breadth/members/nasdaq.json;cache/market_breadth/snapshots/nasdaq.json,Composite business still references; approval required before archive
US.ADMA,cache/market_breadth/prices/US.ADMA.json,17486,a9229a4116752f61fd209584464cb4c04a30b8fb1b182388f9b3264a2133ff08,cache/market_breadth/members/nasdaq.json;cache/market_breadth/snapshots/nasdaq.json,Composite business still references; approval required before archive
US.ADPT,cache/market_breadth/prices/US.ADPT.json,17482,fcfceadcbcf9a0a4dd2b6861c56dbc62e1f3f6c9ee2ddc2c5b266e0b24a21aed,cache/market_breadth/members/nasdaq.json;cache/market_breadth/snapshots/nasdaq.json,Composite business still references; approval required before archive
US.ADRX,cache/market_breadth/prices/US.ADRX.json,238,5918555908243ac6cf0869987c3bab81fbc7a33bffec55a7781c5a00b13638d2,cache/market_breadth/members/nasdaq.json;cache/market_breadth/snapshots/nasdaq.json,Composite business still references; approval required before archive
US.ADSE,cache/market_breadth/prices/US.ADSE.json,17300,ae522953967cd037d80d57fc85d5d30fa150156f8da24835b9b45053be1c84bb,cache/market_breadth/members/nasdaq.json;cache/market_breadth/snapshots/nasdaq.json,Composite business still references; approval required before archive
US.ADTN,cache/market_breadth/prices/US.ADTN.json,17272,a6ced8b58d4926ff8697dd1a26e6c93c426aee28badd17ee9fb4fa8d42a5de42,cache/market_breadth/members/nasdaq.json;cache/market_breadth/snapshots/nasdaq.json,Composite business still references; approval required before archive
US.ADUR,cache/market_breadth/prices/US.ADUR.json,17493,329ba6d03e3090921950a82ae57746625a93d7ca02e1dc040093a37ae33bf4a1,cache/market_breadth/members/nasdaq.json;cache/market_breadth/snapshots/nasdaq.json,Composite business still references; approval required before archive
US.ADUS,cache/market_breadth/prices/US.ADUS.json,17917,bb212210a4bab1f981fcfc24eab39d19d1c6cf904f6086826b27454cb87a3001,cache/market_breadth/members/nasdaq.json;cache/market_breadth/snapshots/nasdaq.json,Composite business still references; approval required before archive
US.ADV,cache/market_breadth/prices/US.ADV.json,15903,f9c6b975e26c148fbaea901142fec113d043bc4d19f53bbc7740de3af8100c70,cache/market_breadth/members/nasdaq.json;cache/market_breadth/snapshots/nasdaq.json,Composite business still references; approval required before archive
US.ADVB,cache/market_breadth/prices/US.ADVB.json,16785,d9cbbba2d87eeb2a9100e2bdfb2b3fc19ff20451ef6ea61550b86297583ebe5e,cache/market_breadth/members/nasdaq.json;cache/market_breadth/snapshots/nasdaq.json,Composite business still references; approval required before archive
US.ADXN,cache/market_breadth/prices/US.ADXN.json,17010,a9ec5410fa6196a95ae21fa51400577ad72973a3135bae0ca14d71774f344b53,cache/market_breadth/members/nasdaq.json;cache/market_breadth/snapshots/nasdaq.json,Composite business still references; approval required before archive
US.AEAQ,cache/market_breadth/prices/US.AEAQ.json,7379,8e2b5689617c2c7d7df770f4d95d9e121e069b5448912c655925504e7d1e0a70,cache/market_breadth/members/nasdaq.json;cache/market_breadth/snapshots/nasdaq.json,Composite business still references; approval required before archive
US.AEBI,cache/market_breadth/prices/US.AEBI.json,13815,08ccf5996e130b8d33257699ea2e70f6d9b333d9c562e7cf92eefd47645432d0,cache/market_breadth/members/nasdaq.json;cache/market_breadth/snapshots/nasdaq.json,Composite business still references; approval required before archive
US.AEC,cache/market_breadth/prices/US.AEC.json,16308,b8846ec71298c2029edbac22fc6fef7d07a87aa607293832c7dcf51e13c226a4,cache/market_breadth/members/nasdaq.json;cache/market_breadth/snapshots/nasdaq.json,Composite business still references; approval required before archive
US.AEHL,cache/market_breadth/prices/US.AEHL.json,17621,5c7eb3da2c6f9560a8cc545a936df3c72f86e7c8d60ff61e81cb54114c0300df,cache/market_breadth/members/nasdaq.json;cache/market_breadth/snapshots/nasdaq.json,Composite business still references; approval required before archive
US.AEHR,cache/market_breadth/prices/US.AEHR.json,17545,8e17b08cd2731b92a0063413cfeb9b87ac6377ee3c6fada7273044b48af19d71,cache/market_breadth/members/nasdaq.json;cache/market_breadth/snapshots/nasdaq.json,Composite business still references; approval required before archive
US.AEI,cache/market_breadth/prices/US.AEI.json,17219,dc8a406502f78a31afa7ac3d0463ac4d64c1b81623e186bb09208eca7165df51,cache/market_breadth/members/nasdaq.json;cache/market_breadth/snapshots/nasdaq.json,Composite business still references; approval required before archive
US.AEIS,cache/market_breadth/prices/US.AEIS.json,18049,c077f053a7ef1e07c0fcdcdd6cc526d5516fb1f0fdb5c78a37686b528a6d5c67,cache/market_breadth/members/nasdaq.json;cache/market_breadth/snapshots/nasdaq.json,Composite business still references; approval required before archive
US.AEMD,cache/market_breadth/prices/US.AEMD.json,15809,a61d3dce0cd4fddf9f65b60b1c874d5ca157dd39f1023a687519c701bf9c4c42,cache/market_breadth/members/nasdaq.json;cache/market_breadth/snapshots/nasdaq.json,Composite business still references; approval required before archive
US.AENT,cache/market_breadth/prices/US.AENT.json,17127,7509c39aebed4620524fb9fa3271f952647454ca3ee9437b4a51fdac929fba3e,cache/market_breadth/members/nasdaq.json;cache/market_breadth/snapshots/nasdaq.json,Composite business still references; approval required before archive
US.AERT,cache/market_breadth/prices/US.AERT.json,17224,089fd0a4c3c9d3a2080573f6b242ebcb42e926f1393a6e72d7d737460049fd54,cache/market_breadth/members/nasdaq.json;cache/market_breadth/snapshots/nasdaq.json,Composite business still references; approval required before archive
US.AESP,cache/market_breadth/prices/US.AESP.json,2803,2cdffb1ee933f3e7462e64e3752c23eeb671c5180ece6539c78da1a08dea8c32,cache/market_breadth/members/nasdaq.json;cache/market_breadth/snapshots/nasdaq.json,Composite business still references; approval required before archive
US.AEVA,cache/market_breadth/prices/US.AEVA.json,17508,fa7f06311c10283e9060bf448270c21858d4f508aa6c835d805a23a7a9f6d5b7,cache/market_breadth/members/nasdaq.json;cache/market_breadth/snapshots/nasdaq.json,Composite business still references; approval required before archive
US.AEYE,cache/market_breadth/prices/US.AEYE.json,17387,68c8f08ad5274e3c5d382cad6199143052ed23cb7e2960f49bada76f7c53f4f6,cache/market_breadth/members/nasdaq.json;cache/market_breadth/snapshots/nasdaq.json,Composite business still references; approval required before archive
US.AFCG,cache/market_breadth/prices/US.AFCG.json,17271,72f9ddb4652be4316b0dd6f01bc55c6f7f7a0ffa0b7ec4d33d538ef420d50b48,cache/market_breadth/members/nasdaq.json;cache/market_breadth/snapshots/nasdaq.json,Composite business still references; approval required before archive
US.AFJK,cache/market_breadth/prices/US.AFJK.json,17166,fd17a1966e8a369210016eb1bf8a2c98dfa86aa42359bd64da9fcbe6f1adb5be,cache/market_breadth/members/nasdaq.json;cache/market_breadth/snapshots/nasdaq.json,Composite business still references; approval required before archive
US.AFRI,cache/market_breadth/prices/US.AFRI.json,17248,40fd0dc52557c934f123f3ed930bf9f26e6685c46f0687fb7fe8616b9cf6ba18,cache/market_breadth/members/nasdaq.json;cache/market_breadth/snapshots/nasdaq.json,Composite business still references; approval required before archive
US.AFRM,cache/market_breadth/prices/US.AFRM.json,17616,61fe24b722bc2977b70d4768b2a063e661b2d871e11be11c378c0725566b874b,cache/market_breadth/members/nasdaq.json;cache/market_breadth/snapshots/nasdaq.json,Composite business still references; approval required before archive
US.AFYA,cache/market_breadth/prices/US.AFYA.json,17608,62c7bbc43b1e29b9441ad74d1a87a7ffe7905b736d67279442189e86a2bfa0f2,cache/market_breadth/members/nasdaq.json;cache/market_breadth/snapshots/nasdaq.json,Composite business still references; approval required before archive
US.AGCC,cache/market_breadth/prices/US.AGCC.json,10235,97f89b1c909a0a52c86779cf956432935e58dc0f226e2852c3735196b2494a60,cache/market_breadth/members/nasdaq.json;cache/market_breadth/snapshots/nasdaq.json,Composite business still references; approval required before archive
US.AGEN,cache/market_breadth/prices/US.AGEN.json,17179,3f61c1f758bafeaf2ca4b6deb0489fa8f0917cf114d71299a160587a8524db25,cache/market_breadth/members/nasdaq.json;cache/market_breadth/snapshots/nasdaq.json,Composite business still references; approval required before archive
US.AGIO,cache/market_breadth/prices/US.AGIO.json,17601,565df66faad81c87013b063ab258ec4b25cee64c63db3694014e4efa30040751,cache/market_breadth/members/nasdaq.json;cache/market_breadth/snapshots/nasdaq.json,Composite business still references; approval required before archive
US.AGMB,cache/market_breadth/prices/US.AGMB.json,7088,008489abfc8c1af66af055fc0f3856f3693703caefe73a3c3d62b85ed4e7ab8c,cache/market_breadth/members/nasdaq.json;cache/market_breadth/snapshots/nasdaq.json,Composite business still references; approval required before archive
US.AGMH,cache/market_breadth/prices/US.AGMH.json,17096,69afbbc6cdd7b0abc18b8da4fd5d7e783cf9a7c1a5237225f2c133397e2a437d,cache/market_breadth/members/nasdaq.json;cache/market_breadth/snapshots/nasdaq.json,Composite business still references; approval required before archive
US.AGNC,cache/market_breadth/prices/US.AGNC.json,17432,9709f70a893c8f747fd2c16855b9368b17f0b5859ec75bca02bbbeb5ad45336e,cache/market_breadth/members/nasdaq.json;cache/market_breadth/snapshots/nasdaq.json,Composite business still references; approval required before archive
US.AGNT,cache/market_breadth/prices/US.AGNT.json,17377,84c1321b9e5e0097c99623f16598f5e7c826e805a6d19241774bcfe7c061b5a7,cache/market_breadth/members/nasdaq.json;cache/market_breadth/snapshots/nasdaq.json,Composite business still references; approval required before archive
US.AGPU,cache/market_breadth/prices/US.AGPU.json,17141,ce49d6b23961dc0fa5f6be2eb667bf5a87f3aa9a346e179f5c1990370df66527,cache/market_breadth/members/nasdaq.json;cache/market_breadth/snapshots/nasdaq.json,Composite business still references; approval required before archive
US.AGRZ,cache/market_breadth/prices/US.AGRZ.json,10806,eae0aa496de3ad41aa53f83277866919142b818a1572afa9340d0fe6d1f1807f,cache/market_breadth/members/nasdaq.json;cache/market_breadth/snapshots/nasdaq.json,Composite business still references; approval required before archive
US.AGYS,cache/market_breadth/prices/US.AGYS.json,17715,56bd30d196d56e5ad7ab3813215910b2ba2d8aae9a787a1893ffe2a0473de8b7,cache/market_breadth/members/nasdaq.json;cache/market_breadth/snapshots/nasdaq.json,Composite business still references; approval required before archive
US.AHCO,cache/market_breadth/prices/US.AHCO.json,17279,9029729dc395349aea06f3ba0bbc60400a104ad1b1fef613df5567a3a07f862e,cache/market_breadth/members/nasdaq.json;cache/market_breadth/snapshots/nasdaq.json,Composite business still references; approval required before archive
US.AHG,cache/market_breadth/prices/US.AHG.json,17241,25823cf105a0101ad8e717bdb5d728a0a2609e28fbf624589ccaa971d8d9a832,cache/market_breadth/members/nasdaq.json;cache/market_breadth/snapshots/nasdaq.json,Composite business still references; approval required before archive
US.AHMA,cache/market_breadth/prices/US.AHMA.json,10144,5206d85988eb529807699de2c313df698ea2004675e8fe6c1cad66b54f698ee5,cache/market_breadth/members/nasdaq.json;cache/market_breadth/snapshots/nasdaq.json,Composite business still references; approval required before archive
US.AIAI,cache/market_breadth/prices/US.AIAI.json,4184,c76507e1d392c69d63cb3a50ac03a3132d854e3fa2454689b0917a51f7b8885b,cache/market_breadth/members/nasdaq.json;cache/market_breadth/snapshots/nasdaq.json,Composite business still references; approval required before archive
US.AIBZ,cache/market_breadth/prices/US.AIBZ.json,3401,e1382e13ae9337ea59eea99e70c366b0b7383c416f158c740b399ccd494d3882,cache/market_breadth/members/nasdaq.json;cache/market_breadth/snapshots/nasdaq.json,Composite business still references; approval required before archive
US.AIDX,cache/market_breadth/prices/US.AIDX.json,6721,2e77109dcb7e48a2e1962cda377cdd528bc3c3eb59f04f44e38b0425012b4eb8,cache/market_breadth/members/nasdaq.json;cache/market_breadth/snapshots/nasdaq.json,Composite business still references; approval required before archive
US.AIFA,cache/market_breadth/prices/US.AIFA.json,17308,4fc363e7dbd745c528830491f33160be18710db3f0853e0a0ef409d0ff769f5d,cache/market_breadth/members/nasdaq.json;cache/market_breadth/snapshots/nasdaq.json,Composite business still references; approval required before archive
US.AIFC,cache/market_breadth/prices/US.AIFC.json,17257,3aa513892f1d4b8961eb8f21446dae439fc0f877dd15fe753af7139e82f9c29d,cache/market_breadth/members/nasdaq.json;cache/market_breadth/snapshots/nasdaq.json,Composite business still references; approval required before archive
US.AIFF,cache/market_breadth/prices/US.AIFF.json,17232,39fb9cd40beef8ea10e7af122a45c50b8f7394bcfceeac536684bad1105f36f8,cache/market_breadth/members/nasdaq.json;cache/market_breadth/snapshots/nasdaq.json,Composite business still references; approval required before archive
US.AIFU,cache/market_breadth/prices/US.AIFU.json,16519,085db649bcf9a4b2ce2357b630e2b55090835305b1dea24bc4b4db50da1475d7,cache/market_breadth/members/nasdaq.json;cache/market_breadth/snapshots/nasdaq.json,Composite business still references; approval required before archive
US.AIIO,cache/market_breadth/prices/US.AIIO.json,17075,0fbc8760ce99b7edafdd006517b6c3aac117974a4d742db03890354488924899,cache/market_breadth/members/nasdaq.json;cache/market_breadth/snapshots/nasdaq.json,Composite business still references; approval required before archive
US.AIIR,cache/market_breadth/prices/US.AIIR.json,13719,b2a79efc67663e22b20609dc774e16bbad84e7947423b050d1636e3424454d5c,cache/market_breadth/members/nasdaq.json;cache/market_breadth/snapshots/nasdaq.json,Composite business still references; approval required before archive
US.AIMD,cache/market_breadth/prices/US.AIMD.json,17189,2acdf246a04a66f0f75e192a484495375ca3b6047ca8f2ac8f92318a87f217ac,cache/market_breadth/members/nasdaq.json;cache/market_breadth/snapshots/nasdaq.json,Composite business still references; approval required before archive
US.AIOS,cache/market_breadth/prices/US.AIOS.json,17059,2806c39b3c4907c7779c31494c120afcfe6b755f854bf88ccd4d4620540aead2,cache/market_breadth/members/nasdaq.json;cache/market_breadth/snapshots/nasdaq.json,Composite business still references; approval required before archive
US.AIOT,cache/market_breadth/prices/US.AIOT.json,17134,93dab0f4f476f6241d02ec1f6542afb7175fb4aaa6aedb07dfd691e31e6b9460,cache/market_breadth/members/nasdaq.json;cache/market_breadth/snapshots/nasdaq.json,Composite business still references; approval required before archive
US.AIP,cache/market_breadth/prices/US.AIP.json,17477,7bb984cec7c4f15b1740347f4ab968a9813ffa0a73509bb61f25e8cbb0aac5e5,cache/market_breadth/members/nasdaq.json;cache/market_breadth/snapshots/nasdaq.json,Composite business still references; approval required before archive
US.AIRE,cache/market_breadth/prices/US.AIRE.json,16515,501605535155a8c9b01bdea67ca46ad01e7223b9c692955e006acb4354f4585f,cache/market_breadth/members/nasdaq.json;cache/market_breadth/snapshots/nasdaq.json,Composite business still references; approval required before archive
US.AIRG,cache/market_breadth/prices/US.AIRG.json,17126,f647c6ca759790600ce579c3dfbec768f5c7815ced1e7f1dc70ea0d55ce0e9b0,cache/market_breadth/members/nasdaq.json;cache/market_breadth/snapshots/nasdaq.json,Composite business still references; approval required before archive
US.AIRJ,cache/market_breadth/prices/US.AIRJ.json,17148,bec23a246918f11b0d07718e827dd2daf9e9157a33f42191f745ec6145c27395,cache/market_breadth/members/nasdaq.json;cache/market_breadth/snapshots/nasdaq.json,Composite business still references; approval required before archive
US.AIRO,cache/market_breadth/prices/US.AIRO.json,14065,373903551bf0b25a578a917fae240a806c719c8416d022ff4004e520fbfd2e44,cache/market_breadth/members/nasdaq.json;cache/market_breadth/snapshots/nasdaq.json,Composite business still references; approval required before archive
US.AIRS,cache/market_breadth/prices/US.AIRS.json,17268,f8792670397a4f19ba0f6ab8a3161486720ba6bb72e02eb30822f15c24658f81,cache/market_breadth/members/nasdaq.json;cache/market_breadth/snapshots/nasdaq.json,Composite business still references; approval required before archive
US.AIRT,cache/market_breadth/prices/US.AIRT.json,17025,740abe5045f2afd118fa9a64fd9a49116eb39be979e58fc8d525b922dae6db50,cache/market_breadth/members/nasdaq.json;cache/market_breadth/snapshots/nasdaq.json,Composite business still references; approval required before archive
US.AISP,cache/market_breadth/prices/US.AISP.json,17215,2c19b8e06ec0873c905f495c3c6f96ad97ce18121b3f55ab671bcfecd7ee7adb,cache/market_breadth/members/nasdaq.json;cache/market_breadth/snapshots/nasdaq.json,Composite business still references; approval required before archive
US.AIXC,cache/market_breadth/prices/US.AIXC.json,17213,477ecaeadb327802731652f2a7c16774af6a28b6bd85f0536f6704ced160e982,cache/market_breadth/members/nasdaq.json;cache/market_breadth/snapshots/nasdaq.json,Composite business still references; approval required before archive
US.AIXI,cache/market_breadth/prices/US.AIXI.json,17116,33f803444dc7637a9c3a79b8682486871b4b9e32adb4f8ea33bc4d391d6ffa5b,cache/market_breadth/members/nasdaq.json;cache/market_breadth/snapshots/nasdaq.json,Composite business still references; approval required before archive
US.AKAM,cache/market_breadth/prices/US.AKAM.json,17675,a783b0f9639875cbccf962286e6439d08dd8a5af40fe220e048f8c7d5b2ce02f,cache/market_breadth/members/nasdaq.json;cache/market_breadth/snapshots/nasdaq.json,Composite business still references; approval required before archive
US.AKAN,cache/market_breadth/prices/US.AKAN.json,17556,bbc8874a515c2a9ce7a6d32531cfdd1f700e21f33f76400a4628ad8869545b82,cache/market_breadth/members/nasdaq.json;cache/market_breadth/snapshots/nasdaq.json,Composite business still references; approval required before archive
US.AKBA,cache/market_breadth/prices/US.AKBA.json,17281,a7b77276249d7b3f0a39d1253d8611b562631306782769499117fc75c06739cd,cache/market_breadth/members/nasdaq.json;cache/market_breadth/snapshots/nasdaq.json,Composite business still references; approval required before archive
US.AKTS,cache/market_breadth/prices/US.AKTS.json,7895,eb52c98bfeb19d9f91613af64072a98c35b494ac549d9fccfbfb3d537446bf50,cache/market_breadth/members/nasdaq.json;cache/market_breadth/snapshots/nasdaq.json,Composite business still references; approval required before archive
US.AKTX,cache/market_breadth/prices/US.AKTX.json,17087,1b2dd9d614ee10e340fd68d8a9ea94bb49cb35020ce2b8d3ec723f7e8b93ff70,cache/market_breadth/members/nasdaq.json;cache/market_breadth/snapshots/nasdaq.json,Composite business still references; approval required before archive
US.ALAR,cache/market_breadth/prices/US.ALAR.json,17339,b39c721a2947e461b6d0b4a89a7f794223c0aa6ad92fd65844ca1867e131eee7,cache/market_breadth/members/nasdaq.json;cache/market_breadth/snapshots/nasdaq.json,Composite business still references; approval required before archive
US.ALCO,cache/market_breadth/prices/US.ALCO.json,17692,abe9ded3c4864beaca4e2fa0621e8bfe72af55d4addbf4e311442468041cf908,cache/market_breadth/members/nasdaq.json;cache/market_breadth/snapshots/nasdaq.json,Composite business still references; approval required before archive
US.ALDF,cache/market_breadth/prices/US.ALDF.json,17617,7fd11fe58740e0378b0864281483372ef6f945eaf54f2d17e353568486e9b0ff,cache/market_breadth/members/nasdaq.json;cache/market_breadth/snapshots/nasdaq.json,Composite business still references; approval required before archive
US.ALDX,cache/market_breadth/prices/US.ALDX.json,17193,cff0561e5dcc753f3be7ed866845cf64f85c727fcadc7d619eff8ad54c6fa8ca,cache/market_breadth/members/nasdaq.json;cache/market_breadth/snapshots/nasdaq.json,Composite business still references; approval required before archive
US.ALEC,cache/market_breadth/prices/US.ALEC.json,17210,b70d3522f8bcbd360678fa986806a31973f6da7625a089ac82d16c2fa57c15d1,cache/market_breadth/members/nasdaq.json;cache/market_breadth/snapshots/nasdaq.json,Composite business still references; approval required before archive
US.ALF,cache/market_breadth/prices/US.ALF.json,17650,4c6b5bc4dc5887e4e6228e3373460464bfc1f2120b1f60e26fbf587f4bc96fd4,cache/market_breadth/members/nasdaq.json;cache/market_breadth/snapshots/nasdaq.json,Composite business still references; approval required before archive
US.ALGM,cache/market_breadth/prices/US.ALGM.json,17579,f57ba9d6bff1c00d9a680775b271623992389a7466d4b3fd17e45d6288a84d00,cache/market_breadth/members/nasdaq.json;cache/market_breadth/snapshots/nasdaq.json,Composite business still references; approval required before archive
US.ALGN,cache/market_breadth/prices/US.ALGN.json,17949,5f4384ab9b99fbe19254527a46e9be15239cb99968376bbaa4a887bf382c4bbf,cache/market_breadth/members/nasdaq.json;cache/market_breadth/snapshots/nasdaq.json,Composite business still references; approval required before archive
US.ALGS,cache/market_breadth/prices/US.ALGS.json,17166,b5445a4b2464b874c6862ee06bfee9b45270c5620656a445540778c7be17694e,cache/market_breadth/members/nasdaq.json;cache/market_breadth/snapshots/nasdaq.json,Composite business still references; approval required before archive
US.ALGT,cache/market_breadth/prices/US.ALGT.json,17637,99a68178bc93257a0a319aebb4b84db6242adc5edce73dd617dc392dc83d5d67,cache/market_breadth/members/nasdaq.json;cache/market_breadth/snapshots/nasdaq.json,Composite business still references; approval required before archive
US.ALHC,cache/market_breadth/prices/US.ALHC.json,17555,c91ac5062c727b79262fd2a05c62812207927c57a1e5af8045e47676463a4da3,cache/market_breadth/members/nasdaq.json;cache/market_breadth/snapshots/nasdaq.json,Composite business still references; approval required before archive
US.ALIS,cache/market_breadth/prices/US.ALIS.json,9314,bdcee2cc9e642b238a31f40ac04e6bb06be0289ab2aa9e3603e6c0f2ba10b597,cache/market_breadth/members/nasdaq.json;cache/market_breadth/snapshots/nasdaq.json,Composite business still references; approval required before archive
US.ALKS,cache/market_breadth/prices/US.ALKS.json,17542,a7975e52e335c4db0298669f4f1b09d3b692f210f71a43ec174548f8a65f539c,cache/market_breadth/members/nasdaq.json;cache/market_breadth/snapshots/nasdaq.json,Composite business still references; approval required before archive
US.ALKT,cache/market_breadth/prices/US.ALKT.json,17579,7c558b36a292ea560536420c98c03df67d7114fcbe1ba55897826a633617380c,cache/market_breadth/members/nasdaq.json;cache/market_breadth/snapshots/nasdaq.json,Composite business still references; approval required before archive
US.ALLO,cache/market_breadth/prices/US.ALLO.json,17222,ddc7f0e325c86339d1a0de854db38ba0e9770daf702ae34da5039362d1a160c2,cache/market_breadth/members/nasdaq.json;cache/market_breadth/snapshots/nasdaq.json,Composite business still references; approval required before archive
US.ALLR,cache/market_breadth/prices/US.ALLR.json,17162,19eab89705348b69460e15b1acbefa61fa99d31fb684b6350d1e0ed3e92b1ae0,cache/market_breadth/members/nasdaq.json;cache/market_breadth/snapshots/nasdaq.json,Composite business still references; approval required before archive
US.ALLT,cache/market_breadth/prices/US.ALLT.json,17209,bca3a25973df86c2158594823e1cd6ae975ec1d5a40b0c158557347017985131,cache/market_breadth/members/nasdaq.json;cache/market_breadth/snapshots/nasdaq.json,Composite business still references; approval required before archive
US.ALM,cache/market_breadth/prices/US.ALM.json,17411,4b0b833952028be178c9c500c0c2518915fea78e152c0b58b779a3f651199861,cache/market_breadth/members/nasdaq.json;cache/market_breadth/snapshots/nasdaq.json,Composite business still references; approval required before archive
US.ALMR,cache/market_breadth/prices/US.ALMR.json,5069,5e636ae5209acbf8607881c60a6f2964b7d33091bfb2ff45c47959dfc6c2ad53,cache/market_breadth/members/nasdaq.json;cache/market_breadth/snapshots/nasdaq.json,Composite business still references; approval required before archive
US.ALMS,cache/market_breadth/prices/US.ALMS.json,17353,961e8f0d1a24c7eb1ccc571b8dd3e61290365ac02c585cf561872591ae97f957,cache/market_breadth/members/nasdaq.json;cache/market_breadth/snapshots/nasdaq.json,Composite business still references; approval required before archive
US.ALMU,cache/market_breadth/prices/US.ALMU.json,17573,df600d6e099143fb0652ac400927701a172c83bc9a4e4e6f8a3933e3f62c23db,cache/market_breadth/members/nasdaq.json;cache/market_breadth/snapshots/nasdaq.json,Composite business still references; approval required before archive
US.ALNT,cache/market_breadth/prices/US.ALNT.json,17733,7986be8e2c227e1a327d2210a391790cb2286e527cd011d93a9e75697602d970,cache/market_breadth/members/nasdaq.json;cache/market_breadth/snapshots/nasdaq.json,Composite business still references; approval required before archive
US.ALOV,cache/market_breadth/prices/US.ALOV.json,5855,c50c9398e01a476d6c4317d881f511cad6011926b4ca533fe8c7df3eea68fa71,cache/market_breadth/members/nasdaq.json;cache/market_breadth/snapshots/nasdaq.json,Composite business still references; approval required before archive
US.ALOY,cache/market_breadth/prices/US.ALOY.json,17225,bbed5d3fd7acb4f19e495339e59d3ed09f1f377c65e4b12d28250d28e5d027da,cache/market_breadth/members/nasdaq.json;cache/market_breadth/snapshots/nasdaq.json,Composite business still references; approval required before archive
US.ALP,cache/market_breadth/prices/US.ALP.json,17179,f83d9f9d0461fa4336e8cb9617b1ad757fd81e8ae2f1df0446f4c1d4382d1d28,cache/market_breadth/members/nasdaq.json;cache/market_breadth/snapshots/nasdaq.json,Composite business still references; approval required before archive
US.ALPS,cache/market_breadth/prices/US.ALPS.json,9753,17f649a46a6b36b4554757db509c8f8fe4390d0528b9dadfe64caf57cfd26b15,cache/market_breadth/members/nasdaq.json;cache/market_breadth/snapshots/nasdaq.json,Composite business still references; approval required before archive
US.ALPX,cache/market_breadth/prices/US.ALPX.json,2687,ed8518c219d3b266d72edeeafd3d7db871a7d4d7679262c9085f4078141fa4ef,cache/market_breadth/members/nasdaq.json;cache/market_breadth/snapshots/nasdaq.json,Composite business still references; approval required before archive
US.ALRM,cache/market_breadth/prices/US.ALRM.json,17559,570d133c6115cf5835fb42658f2f291283a9fb6735bb196531d5e79b988a3d8f,cache/market_breadth/members/nasdaq.json;cache/market_breadth/snapshots/nasdaq.json,Composite business still references; approval required before archive
US.ALRS,cache/market_breadth/prices/US.ALRS.json,17700,3dde2c24eb4cd37165722dc5d855cc997e145f6e92eff99711d2a29d745a4891,cache/market_breadth/members/nasdaq.json;cache/market_breadth/snapshots/nasdaq.json,Composite business still references; approval required before archive
US.ALT,cache/market_breadth/prices/US.ALT.json,17165,d4320d9e051494307bf2b3b28044f1da4f2ee5655b750989ba18cea309251a97,cache/market_breadth/members/nasdaq.json;cache/market_breadth/snapshots/nasdaq.json,Composite business still references; approval required before archive
US.ALTI,cache/market_breadth/prices/US.ALTI.json,17220,d31d932ce230f7f37ab72d990b442a0e3b9fde8b666fe7ab6554b64eefda6f9c,cache/market_breadth/members/nasdaq.json;cache/market_breadth/snapshots/nasdaq.json,Composite business still references; approval required before archive
US.ALTO,cache/market_breadth/prices/US.ALTO.json,17229,82253087363148a5a28b78aed5407473b8ece9189edf657e555458282062f06c,cache/market_breadth/members/nasdaq.json;cache/market_breadth/snapshots/nasdaq.json,Composite business still references; approval required before archive
US.ALVO,cache/market_breadth/prices/US.ALVO.json,17232,915aa0bbe1360936ca13b21fe52abdc674a289dcb63d574f8852bae43330f70e,cache/market_breadth/members/nasdaq.json;cache/market_breadth/snapshots/nasdaq.json,Composite business still references; approval required before archive
US.ALXO,cache/market_breadth/prices/US.ALXO.json,17219,3bb2970be4d3786fd44c9563481e2d2d4347089484bd35f857c265023b8c0151,cache/market_breadth/members/nasdaq.json;cache/market_breadth/snapshots/nasdaq.json,Composite business still references; approval required before archive
US.ALZN,cache/market_breadth/prices/US.ALZN.json,17227,d2f2c957c42538c998b614a016e8318e1f7eb66fdfdc920a03869b8632a04c83,cache/market_breadth/members/nasdaq.json;cache/market_breadth/snapshots/nasdaq.json,Composite business still references; approval required before archive
US.AMAC,cache/market_breadth/prices/US.AMAC.json,795,d5485e81de0424fd8e76e21b08b11de38c52f021ad5b327365d55730321a5d49,cache/market_breadth/members/nasdaq.json;cache/market_breadth/snapshots/nasdaq.json,Composite business still references; approval required before archive
US.AMAL,cache/market_breadth/prices/US.AMAL.json,17718,3023a81aea898fd75192065626961458decfd95076c58585d213e74182cf63d8,cache/market_breadth/members/nasdaq.json;cache/market_breadth/snapshots/nasdaq.json,Composite business still references; approval required before archive
US.AMAN,cache/market_breadth/prices/US.AMAN.json,4141,4bfd2e409e3ac191d237198b38eaecdca33a10ccada655610988aaf14a4a2b34,cache/market_breadth/members/nasdaq.json;cache/market_breadth/snapshots/nasdaq.json,Composite business still references; approval required before archive
US.AMBA,cache/market_breadth/prices/US.AMBA.json,17563,ccd0844a6737ec7b91084fa9fe8a4f8410f0ad050c6f62e7a9ef3d82d192fde7,cache/market_breadth/members/nasdaq.json;cache/market_breadth/snapshots/nasdaq.json,Composite business still references; approval required before archive
US.AMBR,cache/market_breadth/prices/US.AMBR.json,17235,adbd1c38e5b4b999364499d4c9452e6b69c717bfe0065c8f93a95283ddf3662c,cache/market_breadth/members/nasdaq.json;cache/market_breadth/snapshots/nasdaq.json,Composite business still references; approval required before archive
US.AMCI,cache/market_breadth/prices/US.AMCI.json,17289,67f12225fd12fa9c7d49c909f4b033664ea09dac650d22c276841a4442ad6ca1,cache/market_breadth/members/nasdaq.json;cache/market_breadth/snapshots/nasdaq.json,Composite business still references; approval required before archive
US.AMCX,cache/market_breadth/prices/US.AMCX.json,17191,52fe1ed8cfcbaaed3b9b80a568841cb5a36fa643041db27d7ed9ba63a82cab89,cache/market_breadth/members/nasdaq.json;cache/market_breadth/snapshots/nasdaq.json,Composite business still references; approval required before archive
US.AMIX,cache/market_breadth/prices/US.AMIX.json,17401,c8be7ceefcf0a809ebf1f8bf696f9d5b1ab67e6ca4e106211b7b7f39431a4c4b,cache/market_breadth/members/nasdaq.json;cache/market_breadth/snapshots/nasdaq.json,Composite business still references; approval required before archive
US.AMKR,cache/market_breadth/prices/US.AMKR.json,17707,617e7753be9b8c6c2bb58c551702cc3e3e26d3d39b2cda70f1c7aee7cdbb84ae,cache/market_breadth/members/nasdaq.json;cache/market_breadth/snapshots/nasdaq.json,Composite business still references; approval required before archive
US.AMLX,cache/market_breadth/prices/US.AMLX.json,17437,cf9e859c2d98aacf54401064a3152bf15bbf7f8c96be0575b675877226741acd,cache/market_breadth/members/nasdaq.json;cache/market_breadth/snapshots/nasdaq.json,Composite business still references; approval required before archive
US.AMOD,cache/market_breadth/prices/US.AMOD.json,17226,e4c93e3b35e87b29732d41774b50995c17d732f44ffd13f7316969c1e96185e8,cache/market_breadth/members/nasdaq.json;cache/market_breadth/snapshots/nasdaq.json,Composite business still references; approval required before archive
US.AMPG,cache/market_breadth/prices/US.AMPG.json,17229,089a3f5afafa5471097cd8c308ad5658885c199faa6ce2451d30428d9ecea3dd,cache/market_breadth/members/nasdaq.json;cache/market_breadth/snapshots/nasdaq.json,Composite business still references; approval required before archive
US.AMPH,cache/market_breadth/prices/US.AMPH.json,17565,19bd2cde5441adc7fed481f5f6da0f1f5b09599d98ab4f791c1f1f92b2aef2ec,cache/market_breadth/members/nasdaq.json;cache/market_breadth/snapshots/nasdaq.json,Composite business still references; approval required before archive
US.AMPL,cache/market_breadth/prices/US.AMPL.json,17389,a097fd7d3c5470b9d64beccd69a7960d0b42eaf671c51333339a3e5da3de2d97,cache/market_breadth/members/nasdaq.json;cache/market_breadth/snapshots/nasdaq.json,Composite business still references; approval required before archive
US.AMRN,cache/market_breadth/prices/US.AMRN.json,17477,b97d0f99aeeac949355af78c724e566964e7ede8297166a521b56b44b6ded996,cache/market_breadth/members/nasdaq.json;cache/market_breadth/snapshots/nasdaq.json,Composite business still references; approval required before archive
US.AMRX,cache/market_breadth/prices/US.AMRX.json,17323,6a61cca2659b8d1e24d181e1f35deabd147fc190e6ecb6b1c420c8b84b5a4865,cache/market_breadth/members/nasdaq.json;cache/market_breadth/snapshots/nasdaq.json,Composite business still references; approval required before archive
US.AMSC,cache/market_breadth/prices/US.AMSC.json,17606,3ef7b746e696d518adb0bc9d5e62d38ad0bf47399482097c520ce0da94c3dce0,cache/market_breadth/members/nasdaq.json;cache/market_breadth/snapshots/nasdaq.json,Composite business still references; approval required before archive
US.AMSF,cache/market_breadth/prices/US.AMSF.json,17709,6487b489e5258bd81339b1413cdb81a13c83554f88c3b016d1dfc4901b3a3220,cache/market_breadth/members/nasdaq.json;cache/market_breadth/snapshots/nasdaq.json,Composite business still references; approval required before archive
US.AMSS,cache/market_breadth/prices/US.AMSS.json,3997,df437b7adca359e6a3b369b9e4adb9ac4535226c1d0f8ea704f0ee6d07e5c665,cache/market_breadth/members/nasdaq.json;cache/market_breadth/snapshots/nasdaq.json,Composite business still references; approval required before archive
US.AMST,cache/market_breadth/prices/US.AMST.json,17177,5824c2cbbf505a098ab124e7e269ce3bd8c8a5db1352021d0f7beaeb5ffd49fd,cache/market_breadth/members/nasdaq.json;cache/market_breadth/snapshots/nasdaq.json,Composite business still references; approval required before archive
US.AMTX,cache/market_breadth/prices/US.AMTX.json,17190,183802a7c90ecbfd36ad3ddd12513e80970e3da12d352b8e17058920d277a74b,cache/market_breadth/members/nasdaq.json;cache/market_breadth/snapshots/nasdaq.json,Composite business still references; approval required before archive
US.ANAB,cache/market_breadth/prices/US.ANAB.json,17676,e6f967a5906fc828930198beda7359295e88dc3f867579ddcb7456914f31affa,cache/market_breadth/members/nasdaq.json;cache/market_breadth/snapshots/nasdaq.json,Composite business still references; approval required before archive
US.ANDE,cache/market_breadth/prices/US.ANDE.json,17693,fd187fba10e3bbc30cf04c1c88d0b103f7b4d94ddd55ce7736eecfb0306bb9c3,cache/market_breadth/members/nasdaq.json;cache/market_breadth/snapshots/nasdaq.json,Composite business still references; approval required before archive
US.ANGH,cache/market_breadth/prices/US.ANGH.json,17048,9fd9496fb28e2d28d5a6b324fec2b81a025c33e163ac4a55ab6adb506fa14894,cache/market_breadth/members/nasdaq.json;cache/market_breadth/snapshots/nasdaq.json,Composite business still references; approval required before archive
US.ANGI,cache/market_breadth/prices/US.ANGI.json,17400,f7e8cb172ca2497826ddf6a300a510a06a2161a9dd1e04eb557ec38cd11e1431,cache/market_breadth/members/nasdaq.json;cache/market_breadth/snapshots/nasdaq.json,Composite business still references; approval required before archive
US.ANGO,cache/market_breadth/prices/US.ANGO.json,17499,b90cfad03833967f8a088ebfadcfa3de2dc1d0b977202b1f54f20b0d64c9d334,cache/market_breadth/members/nasdaq.json;cache/market_breadth/snapshots/nasdaq.json,Composite business still references; approval required before archive
US.ANIK,cache/market_breadth/prices/US.ANIK.json,17395,03d11e97efcfd81fe244e700f66cb6bc688f1f0c607931f02f6aa334ae117ff6,cache/market_breadth/members/nasdaq.json;cache/market_breadth/snapshots/nasdaq.json,Composite business still references; approval required before archive
US.ANIP,cache/market_breadth/prices/US.ANIP.json,17548,e6509efc3d013bebb39bee17cae9ca3904ec2fc038579344da2be5e23dd3d7eb,cache/market_breadth/members/nasdaq.json;cache/market_breadth/snapshots/nasdaq.json,Composite business still references; approval required before archive
US.ANIX,cache/market_breadth/prices/US.ANIX.json,17180,5d3da00d59c21a8a478ae7c8f1d205e02332063aad8e2300f5b2a4d1976b7a1c,cache/market_breadth/members/nasdaq.json;cache/market_breadth/snapshots/nasdaq.json,Composite business still references; approval required before archive
US.ANL,cache/market_breadth/prices/US.ANL.json,17151,4e071971432ea4bf6c11b4d41b43cb5f21e61cce93e2dee6d06c9b0fd174c9d3,cache/market_breadth/members/nasdaq.json;cache/market_breadth/snapshots/nasdaq.json,Composite business still references; approval required before archive
US.ANNA,cache/market_breadth/prices/US.ANNA.json,17190,1c214a6fe17b2f446cc5bf315c7b19b584d8d079da61dddf1ab8fd1505ef88e3,cache/market_breadth/members/nasdaq.json;cache/market_breadth/snapshots/nasdaq.json,Composite business still references; approval required before archive
US.ANNX,cache/market_breadth/prices/US.ANNX.json,17160,3378d9d2043126d97301efb312089b62a26a39e86746d1c80766a67e484b2834,cache/market_breadth/members/nasdaq.json;cache/market_breadth/snapshots/nasdaq.json,Composite business still references; approval required before archive
US.ANPA,cache/market_breadth/prices/US.ANPA.json,13189,454a5e1820afd90f1051769bc5666db29a4ff2312565c633f4b19b1ea23d6a7f,cache/market_breadth/members/nasdaq.json;cache/market_breadth/snapshots/nasdaq.json,Composite business still references; approval required before archive
US.ANTA,cache/market_breadth/prices/US.ANTA.json,14931,68b56bfebea955ca3d97e3ca139c230b5f889bad2423ebc1e39f731efae00bc5,cache/market_breadth/members/nasdaq.json;cache/market_breadth/snapshots/nasdaq.json,Composite business still references; approval required before archive
US.ANTX,cache/market_breadth/prices/US.ANTX.json,17216,db76879f14a74e482c5705521742d966885925efa11139405d3ab98805f207df,cache/market_breadth/members/nasdaq.json;cache/market_breadth/snapshots/nasdaq.json,Composite business still references; approval required before archive
US.AOSL,cache/market_breadth/prices/US.AOSL.json,17625,1287793f90966e635bbec49190b638a288dfbc3ef1f7d4d1bbc4741f9350932f,cache/market_breadth/members/nasdaq.json;cache/market_breadth/snapshots/nasdaq.json,Composite business still references; approval required before archive
US.AOUT,cache/market_breadth/prices/US.AOUT.json,17358,a14322cc36951a4ab74fb1c29e0cfd1443e9dcff3cbd07c39db473c57c7e463f,cache/market_breadth/members/nasdaq.json;cache/market_breadth/snapshots/nasdaq.json,Composite business still references; approval required before archive
US.APA,cache/market_breadth/prices/US.APA.json,17719,47e6aeaf6483a6f6053e35c4c0187d7a5a9ff49ebd7df7daf87d99be05b1793b,cache/market_breadth/members/nasdaq.json;cache/market_breadth/snapshots/nasdaq.json,Composite business still references; approval required before archive
US.APAC,cache/market_breadth/prices/US.APAC.json,9384,e5211301246c4d2a1afc0e2574990b19cb61ab40b0bcfd9f3ba6b9e01d6e0485,cache/market_breadth/members/nasdaq.json;cache/market_breadth/snapshots/nasdaq.json,Composite business still references; approval required before archive
US.APC,cache/market_breadth/prices/US.APC.json,7003,72cc211d159b2a7132abfdec5fa0536b24a93d27f85cb5a7ab64fcc1082f9c77,cache/market_breadth/members/nasdaq.json;cache/market_breadth/snapshots/nasdaq.json,Composite business still references; approval required before archive
US.APEI,cache/market_breadth/prices/US.APEI.json,17587,0d5dcafc56ee0eaa4cad0d59e1536a9cb02674ace8bdbcdd525c6b8969dfb53d,cache/market_breadth/members/nasdaq.json;cache/market_breadth/snapshots/nasdaq.json,Composite business still references; approval required before archive
US.API,cache/market_breadth/prices/US.API.json,17142,2fb9dcd914b0f79915b4717d6b2eb59e25f7b28af4fdd5d4c8b3602bc5daa22f,cache/market_breadth/members/nasdaq.json;cache/market_breadth/snapshots/nasdaq.json,Composite business still references; approval required before archive
US.APLD,cache/market_breadth/prices/US.APLD.json,17525,c9f2bb0ebf9e1eccc8d6ec4396a209d735bbabd61c9e449c7f593822932c9d70,cache/market_breadth/members/nasdaq.json;cache/market_breadth/snapshots/nasdaq.json,Composite business still references; approval required before archive
US.APLM,cache/market_breadth/prices/US.APLM.json,17193,49845a05d83606f133538dff50f99c2974f5d3b1d8eb5dbf8209e04d3bae42bb,cache/market_breadth/members/nasdaq.json;cache/market_breadth/snapshots/nasdaq.json,Composite business still references; approval required before archive
US.APMC,cache/market_breadth/prices/US.APMC.json,2893,3fee3079c606f091879ae92d8bda0104139e1031bd6646043610c0c2e551b437,cache/market_breadth/members/nasdaq.json;cache/market_breadth/snapshots/nasdaq.json,Composite business still references; approval required before archive
US.APMD,cache/market_breadth/prices/US.APMD.json,1902,ec7b66491f9f1d26c814775bbcc0ace61926ae0e796d759c3d735ff8d6b1dfcd,cache/market_breadth/members/nasdaq.json;cache/market_breadth/snapshots/nasdaq.json,Composite business still references; approval required before archive
US.APOG,cache/market_breadth/prices/US.APOG.json,17690,e3eda40b5736c3bd819832bd85dfbe264dcdb15ae86cdd2c630cbc22d44ad701,cache/market_breadth/members/nasdaq.json;cache/market_breadth/snapshots/nasdaq.json,Composite business still references; approval required before archive
US.APPF,cache/market_breadth/prices/US.APPF.json,18011,780d4ad3ff95c5de5ac5253254a1a709bf35bfa9692f75229da4f5790d02abe8,cache/market_breadth/members/nasdaq.json;cache/market_breadth/snapshots/nasdaq.json,Composite business still references; approval required before archive
US.APPN,cache/market_breadth/prices/US.APPN.json,17672,e603c068b484fce48d2a90429b47e4afb93234389e8cb8866842eec0e48a529f,cache/market_breadth/members/nasdaq.json;cache/market_breadth/snapshots/nasdaq.json,Composite business still references; approval required before archive
US.APPS,cache/market_breadth/prices/US.APPS.json,17258,67bb513963b1e7bb891b2ef7aa8f82737dd65db1e402f0dba54d2efa6ac010e7,cache/market_breadth/members/nasdaq.json;cache/market_breadth/snapshots/nasdaq.json,Composite business still references; approval required before archive
US.APRE,cache/market_breadth/prices/US.APRE.json,17181,229bff26218813e4892dcece4fabb6f0c2f46cead341b397fd00dd9a3c4ba7b3,cache/market_breadth/members/nasdaq.json;cache/market_breadth/snapshots/nasdaq.json,Composite business still references; approval required before archive
US.APUR,cache/market_breadth/prices/US.APUR.json,3952,9622d138e9a45740b8e2c83b65b630401e5aa9a4de23080add05c59681f20c77,cache/market_breadth/members/nasdaq.json;cache/market_breadth/snapshots/nasdaq.json,Composite business still references; approval required before archive
US.APVO,cache/market_breadth/prices/US.APVO.json,17392,d242b7038d35cca4c9cce63a4e7c5e1af8618074aba60c9c4f1ac979aa54b4ea,cache/market_breadth/members/nasdaq.json;cache/market_breadth/snapshots/nasdaq.json,Composite business still references; approval required before archive
US.APWC,cache/market_breadth/prices/US.APWC.json,17228,0fadcdb1d04ab9f4568904fac0ec3e3b3051aecf992fb3591cf51fe2aabee3f1,cache/market_breadth/members/nasdaq.json;cache/market_breadth/snapshots/nasdaq.json,Composite business still references; approval required before archive
US.APXT,cache/market_breadth/prices/US.APXT.json,9394,8cc859f94cc7a9c52ba6234c757a4a644c6b7d5abe8e53c4d1b01a939827b029,cache/market_breadth/members/nasdaq.json;cache/market_breadth/snapshots/nasdaq.json,Composite business still references; approval required before archive
US.APYX,cache/market_breadth/prices/US.APYX.json,17107,c9c0fb83a222dcfb190f24000f623e8572581fd6db372c3f2a856d9fc8fcc174,cache/market_breadth/members/nasdaq.json;cache/market_breadth/snapshots/nasdaq.json,Composite business still references; approval required before archive
US.AQB,cache/market_breadth/prices/US.AQB.json,17232,f73b168969a1c972bb29ae21ff51384a234aebed127b7edf72a5bcb6c84a114c,cache/market_breadth/members/nasdaq.json;cache/market_breadth/snapshots/nasdaq.json,Composite business still references; approval required before archive
US.AQMS,cache/market_breadth/prices/US.AQMS.json,17171,d4661b27f4cdabf8f8e98e2dfa44858275ef3a76e9b9be1b7413ef62aa10105b,cache/market_breadth/members/nasdaq.json;cache/market_breadth/snapshots/nasdaq.json,Composite business still references; approval required before archive
US.AQST,cache/market_breadth/prices/US.AQST.json,17156,d2afb5cb461b86dd00ba6e59c392a69ff9fcc6b9ae5e54f75bd48feb96d04f0e,cache/market_breadth/members/nasdaq.json;cache/market_breadth/snapshots/nasdaq.json,Composite business still references; approval required before archive
US.ARAI,cache/market_breadth/prices/US.ARAI.json,14783,c2f0a6c65b209a096052ebc10f8cd89d453261427580ed3cc702ec92b94e4eda,cache/market_breadth/members/nasdaq.json;cache/market_breadth/snapshots/nasdaq.json,Composite business still references; approval required before archive
US.ARAY,cache/market_breadth/prices/US.ARAY.json,17214,a594c652a3031a28d29a6ee50dca33dab092e954cc2b3688246d3ad945bf5d4e,cache/market_breadth/members/nasdaq.json;cache/market_breadth/snapshots/nasdaq.json,Composite business still references; approval required before archive
US.ARBB,cache/market_breadth/prices/US.ARBB.json,17051,44a51261971de9cd0cfd2e558bbf1f2b0145434ffa53ee2892f76fa61eefe00e,cache/market_breadth/members/nasdaq.json;cache/market_breadth/snapshots/nasdaq.json,Composite business still references; approval required before archive
US.ARBE,cache/market_breadth/prices/US.ARBE.json,17233,50142a301f19eeab5b5c4fbcb8a15d7f85f8c50263452fa3fa4144c3accd2597,cache/market_breadth/members/nasdaq.json;cache/market_breadth/snapshots/nasdaq.json,Composite business still references; approval required before archive
US.ARBK,cache/market_breadth/prices/US.ARBK.json,17447,aad1e03e24f3b73e41838dacfb8592fa1f2a7d9ff38b66919dbb6768ba0e27c1,cache/market_breadth/members/nasdaq.json;cache/market_breadth/snapshots/nasdaq.json,Composite business still references; approval required before archive
US.ARCB,cache/market_breadth/prices/US.ARCB.json,17851,bc8673790d11aa4e2b19f4f2d24897883fde0dbec225a5442b42fc2c0ec68eb6,cache/market_breadth/members/nasdaq.json;cache/market_breadth/snapshots/nasdaq.json,Composite business still references; approval required before archive
US.ARCI,cache/market_breadth/prices/US.ARCI.json,6033,c01d6195039e47402e1ac5120463572e6ac615559a2b286ffb7b7f0d60ac6a12,cache/market_breadth/members/nasdaq.json;cache/market_breadth/snapshots/nasdaq.json,Composite business still references; approval required before archive
US.ARCL,cache/market_breadth/prices/US.ARCL.json,3729,97a17c42b4bcc67c957ec8865127af3dbd6218ba845fc6ad1c68156408ed290a,cache/market_breadth/members/nasdaq.json;cache/market_breadth/snapshots/nasdaq.json,Composite business still references; approval required before archive
US.ARCT,cache/market_breadth/prices/US.ARCT.json,17376,50f436366806cb8e8745edf357466fd1f18b531e790f4a9675e006171336b0ef,cache/market_breadth/members/nasdaq.json;cache/market_breadth/snapshots/nasdaq.json,Composite business still references; approval required before archive
US.ARDX,cache/market_breadth/prices/US.ARDX.json,17180,699362a0cc0ae2bf8b76f17d537b26141d76e33afca724a4d0e98cbdba1ccff1,cache/market_breadth/members/nasdaq.json;cache/market_breadth/snapshots/nasdaq.json,Composite business still references; approval required before archive
US.AREC,cache/market_breadth/prices/US.AREC.json,17298,7d8e8e6907a964e36fc7c207ea5107051e2218946fb2c5af856988cd0e076e9a,cache/market_breadth/members/nasdaq.json;cache/market_breadth/snapshots/nasdaq.json,Composite business still references; approval required before archive
US.ARGX,cache/market_breadth/prices/US.ARGX.json,17862,84c8eb0055c9dcc77d60c0e29ddd9f8a0798309d52636de637806f63320ab6ea,cache/market_breadth/members/nasdaq.json;cache/market_breadth/snapshots/nasdaq.json,Composite business still references; approval required before archive
US.ARHS,cache/market_breadth/prices/US.ARHS.json,17393,486f4baeb37c7980bab56889d32068d823d34264ed0ddf55f4fa41399eb133ec,cache/market_breadth/members/nasdaq.json;cache/market_breadth/snapshots/nasdaq.json,Composite business still references; approval required before archive
US.ARKO,cache/market_breadth/prices/US.ARKO.json,17268,735d963de142a3e57dc6a7db9f0ac5a857a45f30f3143dd962468015a8234430,cache/market_breadth/members/nasdaq.json;cache/market_breadth/snapshots/nasdaq.json,Composite business still references; approval required before archive
US.ARKR,cache/market_breadth/prices/US.ARKR.json,17051,0390d3862129043e1fc7854077e91768026fa42f470a35d9d2b0122b112750bc,cache/market_breadth/members/nasdaq.json;cache/market_breadth/snapshots/nasdaq.json,Composite business still references; approval required before archive
US.AROW,cache/market_breadth/prices/US.AROW.json,17709,a219ff15523f72da2b3b6945d39f1f753e97f6d7e052ac33a4312d9a73b87249,cache/market_breadth/members/nasdaq.json;cache/market_breadth/snapshots/nasdaq.json,Composite business still references; approval required before archive
US.ARQ,cache/market_breadth/prices/US.ARQ.json,17212,0ad83c756c4f54becf4b8037a800ecf7c15411c1451f5d15ca16f9820a2d0959,cache/market_breadth/members/nasdaq.json;cache/market_breadth/snapshots/nasdaq.json,Composite business still references; approval required before archive
US.ARQQ,cache/market_breadth/prices/US.ARQQ.json,17559,e8e31ac166c2e7465f2856fd5801456f4353a8dfc90159022881f8f2cd14e568,cache/market_breadth/members/nasdaq.json;cache/market_breadth/snapshots/nasdaq.json,Composite business still references; approval required before archive
US.ARQT,cache/market_breadth/prices/US.ARQT.json,17606,b7d1c5a0a2add20e5d91f09b9e04fc15ccb5eb32dd522b8910df68b135cb9c44,cache/market_breadth/members/nasdaq.json;cache/market_breadth/snapshots/nasdaq.json,Composite business still references; approval required before archive
US.ARRY,cache/market_breadth/prices/US.ARRY.json,17170,e7eefaad63c2802fc055981c6b9a02fbac7a426a3bb804d073e2093727811ef9,cache/market_breadth/members/nasdaq.json;cache/market_breadth/snapshots/nasdaq.json,Composite business still references; approval required before archive
US.ARTC,cache/market_breadth/prices/US.ARTC.json,6387,6384529747b3baa365ad5a68795193f3ef23d936c0d391d9aa3f830383dffc9d,cache/market_breadth/members/nasdaq.json;cache/market_breadth/snapshots/nasdaq.json,Composite business still references; approval required before archive
US.ARTL,cache/market_breadth/prices/US.ARTL.json,17675,0b0fab98a79b83c72e14b387e8cec41e023d1f7b5156992e622baa5622a2cb29,cache/market_breadth/members/nasdaq.json;cache/market_breadth/snapshots/nasdaq.json,Composite business still references; approval required before archive
US.ARTNA,cache/market_breadth/prices/US.ARTNA.json,17684,1bdd7c68c032f821097c6debec4018c74f043fe700cc4b912c3b636bd34f9c0e,cache/market_breadth/members/nasdaq.json;cache/market_breadth/snapshots/nasdaq.json,Composite business still references; approval required before archive
US.ARTV,cache/market_breadth/prices/US.ARTV.json,17245,978823094c06accc8b381e249f8f9cad5a1d82e468680276615422ba4b4448fd,cache/market_breadth/members/nasdaq.json;cache/market_breadth/snapshots/nasdaq.json,Composite business still references; approval required before archive
US.ARTW,cache/market_breadth/prices/US.ARTW.json,17256,a39156afcbdd00e84c9a17279c54d47d536a5af0ced9a1a2e5872bf73b527452,cache/market_breadth/members/nasdaq.json;cache/market_breadth/snapshots/nasdaq.json,Composite business still references; approval required before archive
US.ARVN,cache/market_breadth/prices/US.ARVN.json,17294,d1721d8e6e2bd696f388345366d7e12399025ebac1edd92cf8daf3286d3f329f,cache/market_breadth/members/nasdaq.json;cache/market_breadth/snapshots/nasdaq.json,Composite business still references; approval required before archive
US.ARWR,cache/market_breadth/prices/US.ARWR.json,17539,f718cd4d20b93fe0aec068ad5f93352d5888cd13e697a66b98604de7e6e36f84,cache/market_breadth/members/nasdaq.json;cache/market_breadth/snapshots/nasdaq.json,Composite business still references; approval required before archive
US.ARXS,cache/market_breadth/prices/US.ARXS.json,5080,16769d38ab90b5d35066359313889a8c9a10a703ba60c97cc4dfd10cc09c8894,cache/market_breadth/members/nasdaq.json;cache/market_breadth/snapshots/nasdaq.json,Composite business still references; approval required before archive
US.ASBP,cache/market_breadth/prices/US.ASBP.json,17308,c6f6b0caf08248145d0f293f96347bd8ba94dd3f1583355f991a83f5e0ddb54d,cache/market_breadth/members/nasdaq.json;cache/market_breadth/snapshots/nasdaq.json,Composite business still references; approval required before archive
US.ASLE,cache/market_breadth/prices/US.ASLE.json,17208,71c81cadfa9ca1337ac0ac9c24fc8f469ebacf89ca0b9b83f497103c291c92a7,cache/market_breadth/members/nasdaq.json;cache/market_breadth/snapshots/nasdaq.json,Composite business still references; approval required before archive
US.ASMB,cache/market_breadth/prices/US.ASMB.json,17561,585dffec4cea2abd2453d48ea12c7a8c347c81c7e34b853b100fd999b8903d81,cache/market_breadth/members/nasdaq.json;cache/market_breadth/snapshots/nasdaq.json,Composite business still references; approval required before archive
US.ASND,cache/market_breadth/prices/US.ASND.json,17921,98d23738bf2fec24f1c13f0f6ff727a83e38d8443b8b37cc851db8c562cb4404,cache/market_breadth/members/nasdaq.json;cache/market_breadth/snapshots/nasdaq.json,Composite business still references; approval required before archive
US.ASO,cache/market_breadth/prices/US.ASO.json,17701,6371b0a4cea6fa7856d2d66f84203c527298e41894ba4b8623393a93c04fb4c3,cache/market_breadth/members/nasdaq.json;cache/market_breadth/snapshots/nasdaq.json,Composite business still references; approval required before archive
US.ASPC,cache/market_breadth/prices/US.ASPC.json,17519,113972b36f3d82cb51f0cad2e6b87235c0faf012361ed45751a5751b5053fd66,cache/market_breadth/members/nasdaq.json;cache/market_breadth/snapshots/nasdaq.json,Composite business still references; approval required before archive
US.ASPI,cache/market_breadth/prices/US.ASPI.json,17225,211ea7519380c29ae25beef518f6ddf8021678f1099a0ef439f63be49e8fa9cc,cache/market_breadth/members/nasdaq.json;cache/market_breadth/snapshots/nasdaq.json,Composite business still references; approval required before archive
US.ASPS,cache/market_breadth/prices/US.ASPS.json,17189,520238af61c2110c4a0ead2bd01b92852bfe8a7e2898d549e1ddea685ff197bd,cache/market_breadth/members/nasdaq.json;cache/market_breadth/snapshots/nasdaq.json,Composite business still references; approval required before archive
US.ASRV,cache/market_breadth/prices/US.ASRV.json,17289,5944c7f7bd78dacfe850a2c205a1c7643552804b2f6181a4c306d0d0145781e1,cache/market_breadth/members/nasdaq.json;cache/market_breadth/snapshots/nasdaq.json,Composite business still references; approval required before archive
US.ASST,cache/market_breadth/prices/US.ASST.json,17353,95eab7009955858aa6fe2873ccbbf4cad6f19040280fae8eabd722180fe07937,cache/market_breadth/members/nasdaq.json;cache/market_breadth/snapshots/nasdaq.json,Composite business still references; approval required before archive
US.ASTC,cache/market_breadth/prices/US.ASTC.json,17126,29903fd7ff2cc3f099622984943f4f7fa708c69a99cc7f6d5ba9eb8bfbd996ea,cache/market_breadth/members/nasdaq.json;cache/market_breadth/snapshots/nasdaq.json,Composite business still references; approval required before archive
US.ASTE,cache/market_breadth/prices/US.ASTE.json,17707,a5faedc8fd8dfc67b51b9f6d17836527baa2c9f28478b6189e3c4e8179d562c5,cache/market_breadth/members/nasdaq.json;cache/market_breadth/snapshots/nasdaq.json,Composite business still references; approval required before archive
US.ASTH,cache/market_breadth/prices/US.ASTH.json,17595,3d1ecb83a207bd1737f92b0f1a2f5117730f4bc2a91b5b8a2ced35145b9061e1,cache/market_breadth/members/nasdaq.json;cache/market_breadth/snapshots/nasdaq.json,Composite business still references; approval required before archive
US.ASTI,cache/market_breadth/prices/US.ASTI.json,17203,6425eb24489135ce8c005cca0af64d6cb031b10cc0f11bf4cd1e3c9dfefa9b1f,cache/market_breadth/members/nasdaq.json;cache/market_breadth/snapshots/nasdaq.json,Composite business still references; approval required before archive
US.ASTL,cache/market_breadth/prices/US.ASTL.json,17255,086c0b4b5ede6134b75ae150b81c07916bae0e89e999d0533e98b76a037b7c56,cache/market_breadth/members/nasdaq.json;cache/market_breadth/snapshots/nasdaq.json,Composite business still references; approval required before archive
US.ASTS,cache/market_breadth/prices/US.ASTS.json,17563,0407c994d94fa9b3f75a3047fa1cf7a8620eacc7dd010417a332bc192f58b361,cache/market_breadth/members/nasdaq.json;cache/market_breadth/snapshots/nasdaq.json,Composite business still references; approval required before archive
US.ASUR,cache/market_breadth/prices/US.ASUR.json,17249,5b315c3f56d58ef4b809d5fa4841c3f5d6a0bb96b02beeef22a290c62518bb81,cache/market_breadth/members/nasdaq.json;cache/market_breadth/snapshots/nasdaq.json,Composite business still references; approval required before archive
US.ASYS,cache/market_breadth/prices/US.ASYS.json,17348,6990994c1b8e694921697be2039f9e5d7eca72c0fedae39f62787516840055c5,cache/market_breadth/members/nasdaq.json;cache/market_breadth/snapshots/nasdaq.json,Composite business still references; approval required before archive
US.ATAT,cache/market_breadth/prices/US.ATAT.json,17668,a64b0fe36379921125aacc2f3d2769d2e92f8964e2b77859e05b15e18fc13f09,cache/market_breadth/members/nasdaq.json;cache/market_breadth/snapshots/nasdaq.json,Composite business still references; approval required before archive
US.ATCX,cache/market_breadth/prices/US.ATCX.json,7811,ce86e36740896b6320e9ab340dd409b198130244f49acb01f9eeec1269d9220f,cache/market_breadth/members/nasdaq.json;cache/market_breadth/snapshots/nasdaq.json,Composite business still references; approval required before archive
US.ATEC,cache/market_breadth/prices/US.ATEC.json,17419,d61c282d04ef3704f9531f65eb2c057f1bf52773146d67d28c085b054286d3c7,cache/market_breadth/members/nasdaq.json;cache/market_breadth/snapshots/nasdaq.json,Composite business still references; approval required before archive
US.ATER,cache/market_breadth/prices/US.ATER.json,17266,bede28022eb188bc0380b0ff064156b1bcd83a383bbfc7ed8ad530bee1792791,cache/market_breadth/members/nasdaq.json;cache/market_breadth/snapshots/nasdaq.json,Composite business still references; approval required before archive
US.ATEX,cache/market_breadth/prices/US.ATEX.json,17597,95608704fa43453894e1fd229868b02b609e09d3f5916c09ebc555f4a6f87a8b,cache/market_breadth/members/nasdaq.json;cache/market_breadth/snapshots/nasdaq.json,Composite business still references; approval required before archive
US.ATGL,cache/market_breadth/prices/US.ATGL.json,16920,c522f5d6bd0e353c054a40fbffb15116d4a1e0d37770fd5996a3653f8be3e25d,cache/market_breadth/members/nasdaq.json;cache/market_breadth/snapshots/nasdaq.json,Composite business still references; approval required before archive
US.ATHE,cache/market_breadth/prices/US.ATHE.json,17178,ce36ec1b5a0265666f9b8dd2ae7d7b2104492798b5bb14ef639dd6188042b221,cache/market_breadth/members/nasdaq.json;cache/market_breadth/snapshots/nasdaq.json,Composite business still references; approval required before archive
US.ATHR,cache/market_breadth/prices/US.ATHR.json,15830,88b5e2fc22eac850d032fa604a55ea5b067dddfe59ff6edb7e5b4eeff13825c9,cache/market_breadth/members/nasdaq.json;cache/market_breadth/snapshots/nasdaq.json,Composite business still references; approval required before archive
US.ATII,cache/market_breadth/prices/US.ATII.json,16453,28784eead2144a26e69a03b6331be18909ee11ac39a89af951585d3254fa2691,cache/market_breadth/members/nasdaq.json;cache/market_breadth/snapshots/nasdaq.json,Composite business still references; approval required before archive
US.ATLC,cache/market_breadth/prices/US.ATLC.json,17585,64e4e89d5c1a45b54da501cce54882af2a3bfd1091aab8612148796562895955,cache/market_breadth/members/nasdaq.json;cache/market_breadth/snapshots/nasdaq.json,Composite business still references; approval required before archive
US.ATLO,cache/market_breadth/prices/US.ATLO.json,17682,b82b9269dcd5353461dc34d6d114614dc4aa56df5d4a15f3bc7dfc2596c5f29c,cache/market_breadth/members/nasdaq.json;cache/market_breadth/snapshots/nasdaq.json,Composite business still references; approval required before archive
US.ATLQ,cache/market_breadth/prices/US.ATLQ.json,1652,64a756b1cc539ceada8575f1e4bed1759c44d80c9b727fb5c154d1f1a1356c47,cache/market_breadth/members/nasdaq.json;cache/market_breadth/snapshots/nasdaq.json,Composite business still references; approval required before archive
US.ATLX,cache/market_breadth/prices/US.ATLX.json,17143,d998653f453689222cee07ee2a8785e1d39e5465ff0f7fd936ec3cf263666af6,cache/market_breadth/members/nasdaq.json;cache/market_breadth/snapshots/nasdaq.json,Composite business still references; approval required before archive
US.ATNI,cache/market_breadth/prices/US.ATNI.json,17687,0a73ccd0b9ca9564bb295b430dc4f3054b58379f6f3a016b286aac1029661bba,cache/market_breadth/members/nasdaq.json;cache/market_breadth/snapshots/nasdaq.json,Composite business still references; approval required before archive
US.ATOM,cache/market_breadth/prices/US.ATOM.json,17140,bad4d52a016ac7ba6c84f7df9fa837308fe91172cf197cda2b80a6fa39212b1c,cache/market_breadth/members/nasdaq.json;cache/market_breadth/snapshots/nasdaq.json,Composite business still references; approval required before archive
US.ATOS,cache/market_breadth/prices/US.ATOS.json,17085,f91b9a974460821da4b86e69664d6403bd796cbb73e1a8cb7f18d909c99a02fb,cache/market_breadth/members/nasdaq.json;cache/market_breadth/snapshots/nasdaq.json,Composite business still references; approval required before archive
US.ATPC,cache/market_breadth/prices/US.ATPC.json,15746,3dee069efd6502d5050002fb0701e7b9c62d339a2f44f108346cbeeeb2204523,cache/market_breadth/members/nasdaq.json;cache/market_breadth/snapshots/nasdaq.json,Composite business still references; approval required before archive
US.ATRA,cache/market_breadth/prices/US.ATRA.json,17316,cf0a6b394f4e03d0379873ba8d2c256d7d864519e1cc2bb9d5cb24e518985f09,cache/market_breadth/members/nasdaq.json;cache/market_breadth/snapshots/nasdaq.json,Composite business still references; approval required before archive
US.ATRC,cache/market_breadth/prices/US.ATRC.json,17597,a884f0597afa21276edf43dfb034a0e850b556abca329884990c32bdfd132937,cache/market_breadth/members/nasdaq.json;cache/market_breadth/snapshots/nasdaq.json,Composite business still references; approval required before archive
US.ATRO,cache/market_breadth/prices/US.ATRO.json,17608,3557eddf246015a14192a8e51141cfdb67bef8827124701083772fbcc315e979,cache/market_breadth/members/nasdaq.json;cache/market_breadth/snapshots/nasdaq.json,Composite business still references; approval required before archive
US.ATTO,cache/market_breadth/prices/US.ATTO.json,1814,0c6054c75689958ac4b9d4af1c97c68f3f807018b2c55ed04e97945b740b99bd,cache/market_breadth/members/nasdaq.json;cache/market_breadth/snapshots/nasdaq.json,Composite business still references; approval required before archive
US.ATTT,cache/market_breadth/prices/US.ATTT.json,14358,32ed3657454c0c91cf7af9c5cee48a5fdd13324d2ad7d18878d1a46757664753,cache/market_breadth/members/nasdaq.json;cache/market_breadth/snapshots/nasdaq.json,Composite business still references; approval required before archive
US.ATXG,cache/market_breadth/prices/US.ATXG.json,17088,2334f8f021d23a641ad3dbf802c49d19cbf5aa19a035a5db69090345f199702d,cache/market_breadth/members/nasdaq.json;cache/market_breadth/snapshots/nasdaq.json,Composite business still references; approval required before archive
US.ATYR,cache/market_breadth/prices/US.ATYR.json,17230,bb50474d697e61f690bfbbc9c24d47741650ece0e0bafae3e60737445637d7c7,cache/market_breadth/members/nasdaq.json;cache/market_breadth/snapshots/nasdaq.json,Composite business still references; approval required before archive
US.AUBN,cache/market_breadth/prices/US.AUBN.json,17677,9755257f2f29c5dccad87ee99c04073654b17d0bb96a9c5bf479660638729736,cache/market_breadth/members/nasdaq.json;cache/market_breadth/snapshots/nasdaq.json,Composite business still references; approval required before archive
US.AUC,cache/market_breadth/prices/US.AUC.json,17095,abca477aad3cbfa7b87895995ad7231b6ceee8ee714647f16466eb180ff87784,cache/market_breadth/members/nasdaq.json;cache/market_breadth/snapshots/nasdaq.json,Composite business still references; approval required before archive
US.AUDC,cache/market_breadth/prices/US.AUDC.json,17328,d71d1935a1d645ccd37157c56e19b11b021b2d491125a054e12c6bc68a01f5da,cache/market_breadth/members/nasdaq.json;cache/market_breadth/snapshots/nasdaq.json,Composite business still references; approval required before archive
US.AUGO,cache/market_breadth/prices/US.AUGO.json,13451,3684908f8961d42a0b3bcd51c71b695fb64e514455f79d9fa874997f96c9614f,cache/market_breadth/members/nasdaq.json;cache/market_breadth/snapshots/nasdaq.json,Composite business still references; approval required before archive
US.AUID,cache/market_breadth/prices/US.AUID.json,17198,7a72170d158fc7c8a3bf56f77e55c5c9a8499ae027d4b46a79d8b6f4e141dd50,cache/market_breadth/members/nasdaq.json;cache/market_breadth/snapshots/nasdaq.json,Composite business still references; approval required before archive
US.AUPH,cache/market_breadth/prices/US.AUPH.json,17471,3a9239141d5b80b5b864f59aec6d85bf07970a4653ea3070d4938a7c0795aef6,cache/market_breadth/members/nasdaq.json;cache/market_breadth/snapshots/nasdaq.json,Composite business still references; approval required before archive
US.AUR,cache/market_breadth/prices/US.AUR.json,17248,1984a2599c8e8e5647a8e65971228e4e9d13d66cb3a15010161ea2bf977a989b,cache/market_breadth/members/nasdaq.json;cache/market_breadth/snapshots/nasdaq.json,Composite business still references; approval required before archive
US.AURA,cache/market_breadth/prices/US.AURA.json,17132,9d422e1fabe3b93110701402fc1aa8dc846a363128c296917ced1b35a24875f0,cache/market_breadth/members/nasdaq.json;cache/market_breadth/snapshots/nasdaq.json,Composite business still references; approval required before archive
US.AURE,cache/market_breadth/prices/US.AURE.json,17126,d2ef01f205a5404206fd525cb7822afaf06a1f9aebc08baf16f1852a9ec10678,cache/market_breadth/members/nasdaq.json;cache/market_breadth/snapshots/nasdaq.json,Composite business still references; approval required before archive
US.AUTL,cache/market_breadth/prices/US.AUTL.json,17222,c1636697839ef574959e580081cad79811dbdb4b5aaf416b016305fc08628b09,cache/market_breadth/members/nasdaq.json;cache/market_breadth/snapshots/nasdaq.json,Composite business still references; approval required before archive
US.AUUD,cache/market_breadth/prices/US.AUUD.json,17350,567d4ef6c2ed331f97d6b27c8086cdcb08bb6d2bd8f99610c2d6d92350c4fef5,cache/market_breadth/members/nasdaq.json;cache/market_breadth/snapshots/nasdaq.json,Composite business still references; approval required before archive
US.AVAH,cache/market_breadth/prices/US.AVAH.json,17230,6ff7425062a064f8ec6da496e7df1a31381c8e131c7439cce11049beb9a9f6da,cache/market_breadth/members/nasdaq.json;cache/market_breadth/snapshots/nasdaq.json,Composite business still references; approval required before archive
US.AVAT,cache/market_breadth/prices/US.AVAT.json,17454,11217c7f29f295e5533009056ec9031d1e4ca321bf1b8dbc7b368fb45bb1b60d,cache/market_breadth/members/nasdaq.json;cache/market_breadth/snapshots/nasdaq.json,Composite business still references; approval required before archive
US.AVAV,cache/market_breadth/prices/US.AVAV.json,17960,c0c623ef6c680b445eb0fb58b3076d23723e6bc36fc22364af5b3b9fdcfc8be2,cache/market_breadth/members/nasdaq.json;cache/market_breadth/snapshots/nasdaq.json,Composite business still references; approval required before archive
US.AVBH,cache/market_breadth/prices/US.AVBH.json,17457,0251f8698eef9021b76380e05e7f979c85fefe8f4ef5b497c30431c657589ded,cache/market_breadth/members/nasdaq.json;cache/market_breadth/snapshots/nasdaq.json,Composite business still references; approval required before archive
US.AVBP,cache/market_breadth/prices/US.AVBP.json,17501,9e92849af2a30bb0b718c42d4bb759209b2a3e3fd233e8938a03211c41ba188f,cache/market_breadth/members/nasdaq.json;cache/market_breadth/snapshots/nasdaq.json,Composite business still references; approval required before archive
US.AVIR,cache/market_breadth/prices/US.AVIR.json,17164,e53675114f9f49ff048e0d7cb98a0b3da6ed3a217fa94cee108d971c360fb9f6,cache/market_breadth/members/nasdaq.json;cache/market_breadth/snapshots/nasdaq.json,Composite business still references; approval required before archive
US.AVLN,cache/market_breadth/prices/US.AVLN.json,4675,508d8c2dd3c786c225fa657598f83cbc85f7d7314b6e48f2d7a6813e5eeb3f36,cache/market_breadth/members/nasdaq.json;cache/market_breadth/snapshots/nasdaq.json,Composite business still references; approval required before archive
US.AVNW,cache/market_breadth/prices/US.AVNW.json,17603,189d919d9d0ad82f43895fd78c5418727da78299e698a9a20e490da5101b0bef,cache/market_breadth/members/nasdaq.json;cache/market_breadth/snapshots/nasdaq.json,Composite business still references; approval required before archive
US.AVO,cache/market_breadth/prices/US.AVO.json,17576,395e9a51709f48f26ba5651771c6a1395f3363a3e265d82ea77c9dec695d7c18,cache/market_breadth/members/nasdaq.json;cache/market_breadth/snapshots/nasdaq.json,Composite business still references; approval required before archive
US.AVPT,cache/market_breadth/prices/US.AVPT.json,17456,05a3ec2d950e4d588fd55a38e67d986fe316099232d2342789fb6e8412e89633,cache/market_breadth/members/nasdaq.json;cache/market_breadth/snapshots/nasdaq.json,Composite business still references; approval required before archive
US.AVR,cache/market_breadth/prices/US.AVR.json,17166,8236b490dc72076a5c3f70e1f2821263bb0b3fe666aa5e141aeab9df5889d8ca,cache/market_breadth/members/nasdaq.json;cache/market_breadth/snapshots/nasdaq.json,Composite business still references; approval required before archive
US.AVT,cache/market_breadth/prices/US.AVT.json,17700,d10d07fbc718ee31bc99e80a5e2861a4cf04e44897575a74e3adcfe48ea34add,cache/market_breadth/members/nasdaq.json;cache/market_breadth/snapshots/nasdaq.json,Composite business still references; approval required before archive
US.AVTX,cache/market_breadth/prices/US.AVTX.json,17306,f3646985160599b3a37cfa0518d5aa567d01d5d19acca1478bc41eb938b36a1d,cache/market_breadth/members/nasdaq.json;cache/market_breadth/snapshots/nasdaq.json,Composite business still references; approval required before archive
US.AVX,cache/market_breadth/prices/US.AVX.json,17541,956a7eac36d6c86ee4bd7c322dc54da2f361919015bf9dc61629712378cb81bf,cache/market_breadth/members/nasdaq.json;cache/market_breadth/snapshots/nasdaq.json,Composite business still references; approval required before archive
US.AVXL,cache/market_breadth/prices/US.AVXL.json,17211,d666b80080a8e658be08c952c1c2d7223337eba0a5fa53a4ede3656df574aba9,cache/market_breadth/members/nasdaq.json;cache/market_breadth/snapshots/nasdaq.json,Composite business still references; approval required before archive
US.AWRE,cache/market_breadth/prices/US.AWRE.json,17171,6c75301d32ceefad9d4c6f28fc5464f931e2d147a9cbd0e918787c13f558e957,cache/market_breadth/members/nasdaq.json;cache/market_breadth/snapshots/nasdaq.json,Composite business still references; approval required before archive
US.AXG,cache/market_breadth/prices/US.AXG.json,17168,7c73f2abcced8b01a3f4174d20eb139f26905b2feb062fef8ba6e8a7107323f3,cache/market_breadth/members/nasdaq.json;cache/market_breadth/snapshots/nasdaq.json,Composite business still references; approval required before archive
US.AXGN,cache/market_breadth/prices/US.AXGN.json,17527,4a1b80961cae11ccab471b0b44d3b45456e6f17a2b67b7656b54ad3af406f4bf,cache/market_breadth/members/nasdaq.json;cache/market_breadth/snapshots/nasdaq.json,Composite business still references; approval required before archive
US.AXIN,cache/market_breadth/prices/US.AXIN.json,12857,ebc4b35ab3ea3b4eddda08a37e0b7fbbab81e2ea956aafbd0b77d8c016164e0a,cache/market_breadth/members/nasdaq.json;cache/market_breadth/snapshots/nasdaq.json,Composite business still references; approval required before archive
US.AXSM,cache/market_breadth/prices/US.AXSM.json,17913,59ff2e34cc9cdc70f8090a7f14d8f601acb9a3b029c2fb26893e9a0f5d36fa96,cache/market_breadth/members/nasdaq.json;cache/market_breadth/snapshots/nasdaq.json,Composite business still references; approval required before archive
US.AXTI,cache/market_breadth/prices/US.AXTI.json,17497,6afd7653b8e117b07a63c1f14821fe73239d97c60c8e63bb43dec5e3c7833f1a,cache/market_breadth/members/nasdaq.json;cache/market_breadth/snapshots/nasdaq.json,Composite business still references; approval required before archive
US.AYA,cache/market_breadth/prices/US.AYA.json,17445,4b597fefe48d536b5504fcc27c41080ad50ff70da40561285534561dcb8921c5,cache/market_breadth/members/nasdaq.json;cache/market_breadth/snapshots/nasdaq.json,Composite business still references; approval required before archive
US.AYTU,cache/market_breadth/prices/US.AYTU.json,17125,1d7eec79051efb62b2a1f1efb6fbdfbff13b01583178c01bd02d3cfbdf4fef8b,cache/market_breadth/members/nasdaq.json;cache/market_breadth/snapshots/nasdaq.json,Composite business still references; approval required before archive
US.AZ,cache/market_breadth/prices/US.AZ.json,17240,d9d822ae5844c5f045599a476481a8554993d7249990ffaa7fcc72618506b9e8,cache/market_breadth/members/nasdaq.json;cache/market_breadth/snapshots/nasdaq.json,Composite business still references; approval required before archive
US.AZI,cache/market_breadth/prices/US.AZI.json,15764,d5d7349af2937066399e10a906b669ec19eb9cd5cf5a0c96bc06a89de9e4c639,cache/market_breadth/members/nasdaq.json;cache/market_breadth/snapshots/nasdaq.json,Composite business still references; approval required before archive
US.AZIO,cache/market_breadth/prices/US.AZIO.json,17151,598112d2226e27ae6086c856c8d18f78f784b1e08eff39a98b0dd16af9395c6b,cache/market_breadth/members/nasdaq.json;cache/market_breadth/snapshots/nasdaq.json,Composite business still references; approval required before archive
US.AZTA,cache/market_breadth/prices/US.AZTA.json,17534,4ea1a887e229f0557d68793ffb4424b70c621e2c6aebfd0d09b79c2588fb0a40,cache/market_breadth/members/nasdaq.json;cache/market_breadth/snapshots/nasdaq.json,Composite business still references; approval required before archive
US.BACC,cache/market_breadth/prices/US.BACC.json,12614,08128a897d37eb9dc0a0c62b2d4ab46bdc13fcf42c6e6496ab8e0cf8a8162077,cache/market_breadth/members/nasdaq.json;cache/market_breadth/snapshots/nasdaq.json,Composite business still references; approval required before archive
US.BAER,cache/market_breadth/prices/US.BAER.json,17255,56d3f7cbc52733708445728effe933fe23c53a49537e8ed8e67eafd2b3bd2f95,cache/market_breadth/members/nasdaq.json;cache/market_breadth/snapshots/nasdaq.json,Composite business still references; approval required before archive
US.BAFN,cache/market_breadth/prices/US.BAFN.json,17123,3ad6fc6f72adb50cefb21e4abf69a36266ec152f3cb9ccdc832ad9a5805619c1,cache/market_breadth/members/nasdaq.json;cache/market_breadth/snapshots/nasdaq.json,Composite business still references; approval required before archive
US.BAND,cache/market_breadth/prices/US.BAND.json,17644,72a73070f2289b5231a13f598dd7b449e6108bb6571e53e8910145024f8b999b,cache/market_breadth/members/nasdaq.json;cache/market_breadth/snapshots/nasdaq.json,Composite business still references; approval required before archive
US.BANF,cache/market_breadth/prices/US.BANF.json,18092,6693007e5429c3684ed2dc45233b3137e9daa3039e3818eeb5304f1cb4e29e3c,cache/market_breadth/members/nasdaq.json;cache/market_breadth/snapshots/nasdaq.json,Composite business still references; approval required before archive
US.BANL,cache/market_breadth/prices/US.BANL.json,17417,c3c8316b4673f5d0fac40cb998661631b6c8b6962f0e7f7c7f230ed5ca7c5908,cache/market_breadth/members/nasdaq.json;cache/market_breadth/snapshots/nasdaq.json,Composite business still references; approval required before archive
US.BANR,cache/market_breadth/prices/US.BANR.json,17691,a1417b3ab163725b88de486b2986fffa90dc965b90e7138d7b9fba88508bdfb2,cache/market_breadth/members/nasdaq.json;cache/market_breadth/snapshots/nasdaq.json,Composite business still references; approval required before archive
US.BAOS,cache/market_breadth/prices/US.BAOS.json,17192,4c87f3f0cd4624ecff8690b866e7d7a87afacf9203342dd405c1b177db4d2e19,cache/market_breadth/members/nasdaq.json;cache/market_breadth/snapshots/nasdaq.json,Composite business still references; approval required before archive
US.BATRA,cache/market_breadth/prices/US.BATRA.json,17622,042b5b82a7067feef76e327f55ed711ab290cd2764cf415017b265dba937bc91,cache/market_breadth/members/nasdaq.json;cache/market_breadth/snapshots/nasdaq.json,Composite business still references; approval required before archive
US.BATRK,cache/market_breadth/prices/US.BATRK.json,17553,21d525c20cd5ddbeb1d45e400368c247bf20163bfacf4e292744dde229d40a5e,cache/market_breadth/members/nasdaq.json;cache/market_breadth/snapshots/nasdaq.json,Composite business still references; approval required before archive
US.BBCP,cache/market_breadth/prices/US.BBCP.json,17364,a32719b5e3549e48e646fd86702721f2bbc65d8add440ef769befa7959a3e1c9,cache/market_breadth/members/nasdaq.json;cache/market_breadth/snapshots/nasdaq.json,Composite business still references; approval required before archive
US.BBGI,cache/market_breadth/prices/US.BBGI.json,17252,bf295acd3d5898e322ebed8ddabd7badc1d77e9c9be1f20eb83d02469c25948f,cache/market_breadth/members/nasdaq.json;cache/market_breadth/snapshots/nasdaq.json,Composite business still references; approval required before archive
US.BBIO,cache/market_breadth/prices/US.BBIO.json,17560,45b98d762d00713776b48db07e8126f8b3b7ecc9db19c2d0fe9d9c210c3632bb,cache/market_breadth/members/nasdaq.json;cache/market_breadth/snapshots/nasdaq.json,Composite business still references; approval required before archive
US.BBLG,cache/market_breadth/prices/US.BBLG.json,17214,242de15691b056dd284781afc76a6a21e40632210c13c2acea696c7055ce42df,cache/market_breadth/members/nasdaq.json;cache/market_breadth/snapshots/nasdaq.json,Composite business still references; approval required before archive
US.BBNX,cache/market_breadth/prices/US.BBNX.json,17632,998b69596742d84c4d80c6b24195dd53db623ccb8f5906027136eae44769d811,cache/market_breadth/members/nasdaq.json;cache/market_breadth/snapshots/nasdaq.json,Composite business still references; approval required before archive
US.BBOT,cache/market_breadth/prices/US.BBOT.json,17330,8f9f511a5e71a0c918cc94a8b89f725d7e282d7a4789c537cbf68cc3a7beccd1,cache/market_breadth/members/nasdaq.json;cache/market_breadth/snapshots/nasdaq.json,Composite business still references; approval required before archive
US.BBSI,cache/market_breadth/prices/US.BBSI.json,17699,c4e2a1a8e1e6048dcc6fa1802a9524b95a3b2aa358a2e317511ff973461ae69b,cache/market_breadth/members/nasdaq.json;cache/market_breadth/snapshots/nasdaq.json,Composite business still references; approval required before archive
US.BCAL,cache/market_breadth/prices/US.BCAL.json,17698,fb16eb562dca354ae468a6898a9e90d487d7ddf057bcbbf4208cc1e1af381663,cache/market_breadth/members/nasdaq.json;cache/market_breadth/snapshots/nasdaq.json,Composite business still references; approval required before archive
US.BCAX,cache/market_breadth/prices/US.BCAX.json,17469,ba629001ea4b36315e148b7a836774e465a09596b4f6c10c7e5339027590840a,cache/market_breadth/members/nasdaq.json;cache/market_breadth/snapshots/nasdaq.json,Composite business still references; approval required before archive
US.BCBP,cache/market_breadth/prices/US.BCBP.json,17308,8a3a0c4380c07e23ae8bf992fcb409f23281904f3041cdda9798f7ac306985c8,cache/market_breadth/members/nasdaq.json;cache/market_breadth/snapshots/nasdaq.json,Composite business still references; approval required before archive
US.BCCQ,cache/market_breadth/prices/US.BCCQ.json,1859,b129d0a8100263a9dfb5bd3a59cf797c4c2be85f46b6ffe5ec13da46f7d7e05e,cache/market_breadth/members/nasdaq.json;cache/market_breadth/snapshots/nasdaq.json,Composite business still references; approval required before archive
US.BCDA,cache/market_breadth/prices/US.BCDA.json,17250,dc14cb75cb259fde8ef72038961af349a9c60d6eb157c531c640370e33d122c8,cache/market_breadth/members/nasdaq.json;cache/market_breadth/snapshots/nasdaq.json,Composite business still references; approval required before archive
US.BCG,cache/market_breadth/prices/US.BCG.json,17134,f108f29f5dafc99d9b2167bdf64f274fc5201b89775ce2f9814490d0c6dfd9fb,cache/market_breadth/members/nasdaq.json;cache/market_breadth/snapshots/nasdaq.json,Composite business still references; approval required before archive
US.BCML,cache/market_breadth/prices/US.BCML.json,17686,5b461a5f0c2c48cdd4119d2b52b27330a4cd383af45dba00d0b3c1b91e08a27f,cache/market_breadth/members/nasdaq.json;cache/market_breadth/snapshots/nasdaq.json,Composite business still references; approval required before archive
US.BCPC,cache/market_breadth/prices/US.BCPC.json,18015,388188982de8d6bc444f6f4e0675e4704f8c6076f1be8853958272502b7be046,cache/market_breadth/members/nasdaq.json;cache/market_breadth/snapshots/nasdaq.json,Composite business still references; approval required before archive
US.BCRX,cache/market_breadth/prices/US.BCRX.json,17207,64f7b0f277c71c9e973a5f7c52f3c1ed6e029a0d33862a477be72c4dff574248,cache/market_breadth/members/nasdaq.json;cache/market_breadth/snapshots/nasdaq.json,Composite business still references; approval required before archive
US.BCTX,cache/market_breadth/prices/US.BCTX.json,17105,4e0c5f04cba6b51585c420673f24d5e354dc9dd7f17b672f29e1c3ff0145c8a4,cache/market_breadth/members/nasdaq.json;cache/market_breadth/snapshots/nasdaq.json,Composite business still references; approval required before archive
US.BCYC,cache/market_breadth/prices/US.BCYC.json,17185,fb836ce00c492aecffedab3f39a8341082ddcdf91804492cd5828b920ce0b4d4,cache/market_breadth/members/nasdaq.json;cache/market_breadth/snapshots/nasdaq.json,Composite business still references; approval required before archive
US.BDCI,cache/market_breadth/prices/US.BDCI.json,10499,f27b1c4bc9ce0c975766c60e646c31c76f50f12f402e7098ec6d1bebef3da6d4,cache/market_breadth/members/nasdaq.json;cache/market_breadth/snapshots/nasdaq.json,Composite business still references; approval required before archive
US.BDMD,cache/market_breadth/prices/US.BDMD.json,17223,73e95dc9b616481ff19d140b9b09f268960365827afc4f362b672ae2efa28fde,cache/market_breadth/members/nasdaq.json;cache/market_breadth/snapshots/nasdaq.json,Composite business still references; approval required before archive
US.BDRX,cache/market_breadth/prices/US.BDRX.json,16369,6e4bd277b5bea863adb8290c52a1616f535ed5801a9069c0ec854f07f13c4b53,cache/market_breadth/members/nasdaq.json;cache/market_breadth/snapshots/nasdaq.json,Composite business still references; approval required before archive
US.BDSX,cache/market_breadth/prices/US.BDSX.json,17260,6f657d1fb158bd771c74fea57d29e0d00b9a19b5a0958b6d2e25d6637fcc73ab,cache/market_breadth/members/nasdaq.json;cache/market_breadth/snapshots/nasdaq.json,Composite business still references; approval required before archive
US.BDTX,cache/market_breadth/prices/US.BDTX.json,17175,a2f801d3c659c96b071502f51530fde9775f18790dc479138c951363d58bd415,cache/market_breadth/members/nasdaq.json;cache/market_breadth/snapshots/nasdaq.json,Composite business still references; approval required before archive
US.BEAG,cache/market_breadth/prices/US.BEAG.json,17585,801ec343f62d9de84165d5e96439235db50e668f63c44038d975c928f4ddbb52,cache/market_breadth/members/nasdaq.json;cache/market_breadth/snapshots/nasdaq.json,Composite business still references; approval required before archive
US.BEAM,cache/market_breadth/prices/US.BEAM.json,17615,349a130042e347e416dc8db7267f273e22fce2a8f50d74c67104b0f9b63497d2,cache/market_breadth/members/nasdaq.json;cache/market_breadth/snapshots/nasdaq.json,Composite business still references; approval required before archive
US.BEAT,cache/market_breadth/prices/US.BEAT.json,17232,2d4b6177b89e5752795f46f0bf061136229de6f63fe5c1f6712bc56fea9b7ef3,cache/market_breadth/members/nasdaq.json;cache/market_breadth/snapshots/nasdaq.json,Composite business still references; approval required before archive
US.BEEM,cache/market_breadth/prices/US.BEEM.json,17228,aeaf4e5e3c63b1225e5399b18567eef7b8b6eecc5c1701072c84cc72c219dfb0,cache/market_breadth/members/nasdaq.json;cache/market_breadth/snapshots/nasdaq.json,Composite business still references; approval required before archive
US.BEEP,cache/market_breadth/prices/US.BEEP.json,17189,d0826910e00b673d519743247e592128067a7f7e217dd40b056a4c74981d4f85,cache/market_breadth/members/nasdaq.json;cache/market_breadth/snapshots/nasdaq.json,Composite business still references; approval required before archive
US.BELFA,cache/market_breadth/prices/US.BELFA.json,17979,65a2d95b8e6394a714c459c1ca33078b086073f3ad6385c01329380b72d5bfe3,cache/market_breadth/members/nasdaq.json;cache/market_breadth/snapshots/nasdaq.json,Composite business still references; approval required before archive
US.BELFB,cache/market_breadth/prices/US.BELFB.json,17988,815f7124077d92550829b9a0d7b0265127a417c9a41dd2a06bbe85745fe08f10,cache/market_breadth/members/nasdaq.json;cache/market_breadth/snapshots/nasdaq.json,Composite business still references; approval required before archive
US.BENF,cache/market_breadth/prices/US.BENF.json,17259,65705b4a5223ef5fd97f5e8ef51f1de3e01942ff8d9f6d2a9de1c544ef325313,cache/market_breadth/members/nasdaq.json;cache/market_breadth/snapshots/nasdaq.json,Composite business still references; approval required before archive
US.BETR,cache/market_breadth/prices/US.BETR.json,17530,20b0ea743f3edf9c6adc58257667698506df994f61bfb149c983141826782f66,cache/market_breadth/members/nasdaq.json;cache/market_breadth/snapshots/nasdaq.json,Composite business still references; approval required before archive
US.BFC,cache/market_breadth/prices/US.BFC.json,18075,732cbefdd43eb0d4a1e34be9298535d9f5ceb86e6ec74958b6648ef27ada17d7,cache/market_breadth/members/nasdaq.json;cache/market_breadth/snapshots/nasdaq.json,Composite business still references; approval required before archive
US.BFRG,cache/market_breadth/prices/US.BFRG.json,17229,0a5b02fb2943a72e083a9f3f0c0bd5f36450c922ed4836f320338c5ec9613606,cache/market_breadth/members/nasdaq.json;cache/market_breadth/snapshots/nasdaq.json,Composite business still references; approval required before archive
US.BFRI,cache/market_breadth/prices/US.BFRI.json,17256,fc8e641fbe4a3daa675846d61e76f60fae38fbc77c8527e63d32366ad666142c,cache/market_breadth/members/nasdaq.json;cache/market_breadth/snapshots/nasdaq.json,Composite business still references; approval required before archive
US.BFST,cache/market_breadth/prices/US.BFST.json,17713,87c99afcf420ff70b209d54aedd69310d070d9e3a3de360a08d0943775f15089,cache/market_breadth/members/nasdaq.json;cache/market_breadth/snapshots/nasdaq.json,Composite business still references; approval required before archive
US.BGC,cache/market_breadth/prices/US.BGC.json,17451,2d705ac4ebd3beef3ec7d79bf14e34d082cf025e907b3801be7564944be92dd7,cache/market_breadth/members/nasdaq.json;cache/market_breadth/snapshots/nasdaq.json,Composite business still references; approval required before archive
US.BGDE,cache/market_breadth/prices/US.BGDE.json,16887,0d6b3fe08fd10abc77176b74036c127e3543ed0bbbd7eac4c4dc020c0ceb1019,cache/market_breadth/members/nasdaq.json;cache/market_breadth/snapshots/nasdaq.json,Composite business still references; approval required before archive
US.BGIN,cache/market_breadth/prices/US.BGIN.json,10172,1fb37e258fb2bb3c8774f8dd9458be24e62264602af1c03aea76a1c763b00a0e,cache/market_breadth/members/nasdaq.json;cache/market_breadth/snapshots/nasdaq.json,Composite business still references; approval required before archive
US.BGL,cache/market_breadth/prices/US.BGL.json,13637,320e1f46d616e5086598bf4dc51e7c994d728fed663f555dc2e2560b1c28d417,cache/market_breadth/members/nasdaq.json;cache/market_breadth/snapshots/nasdaq.json,Composite business still references; approval required before archive
US.BGLC,cache/market_breadth/prices/US.BGLC.json,17228,6095473e514495c0d61c93f1dc89cc16c265436c26cee688b3c180ca1489169c,cache/market_breadth/members/nasdaq.json;cache/market_breadth/snapshots/nasdaq.json,Composite business still references; approval required before archive
US.BGM,cache/market_breadth/prices/US.BGM.json,17282,93ec189831e65d7a4a76a130054f3eeead8e41edfd3cd0424573e719177b7025,cache/market_breadth/members/nasdaq.json;cache/market_breadth/snapshots/nasdaq.json,Composite business still references; approval required before archive
US.BGMS,cache/market_breadth/prices/US.BGMS.json,17117,e066b352677d301139a1489a1b0a9b45d2e7bf75d60d9ca02d145e046573c8be,cache/market_breadth/members/nasdaq.json;cache/market_breadth/snapshots/nasdaq.json,Composite business still references; approval required before archive
US.BHAV,cache/market_breadth/prices/US.BHAV.json,5021,3ef250021801273b29cab2ae2c6810810b9103d0ae10654330e27572c3119a4c,cache/market_breadth/members/nasdaq.json;cache/market_breadth/snapshots/nasdaq.json,Composite business still references; approval required before archive
US.BHF,cache/market_breadth/prices/US.BHF.json,17647,5561c7d86601be179402e98f7abf2a2c76bac56d0d7087c415b9113bc00b2353,cache/market_breadth/members/nasdaq.json;cache/market_breadth/snapshots/nasdaq.json,Composite business still references; approval required before archive
US.BHFAL,cache/market_breadth/prices/US.BHFAL.json,17689,949d832257f2cdaa5e426b431df37090dbd2ace084e1b85caa625b9fde9af87c,cache/market_breadth/members/nasdaq.json;cache/market_breadth/snapshots/nasdaq.json,Composite business still references; approval required before archive
US.BHRB,cache/market_breadth/prices/US.BHRB.json,17691,41eeb0f8b7cdcd1302ff9479e2f16825fd5d5c531bd30d26c53747cf1b2787bd,cache/market_breadth/members/nasdaq.json;cache/market_breadth/snapshots/nasdaq.json,Composite business still references; approval required before archive
US.BHST,cache/market_breadth/prices/US.BHST.json,17142,b389282925d691db77b62e6f812de3926693d0ad9e97beeb40656470e26a8b2a,cache/market_breadth/members/nasdaq.json;cache/market_breadth/snapshots/nasdaq.json,Composite business still references; approval required before archive
US.BIAF,cache/market_breadth/prices/US.BIAF.json,17104,9ae115eae5d76062988d6ea5535436e007aca85711f01108c5c1665d1e972fbb,cache/market_breadth/members/nasdaq.json;cache/market_breadth/snapshots/nasdaq.json,Composite business still references; approval required before archive
US.BID,cache/market_breadth/prices/US.BID.json,2301,dc5435c526bdf82b4e980a0868ec2bef6e4972fef5a75a03267115cff4668bae,cache/market_breadth/members/nasdaq.json;cache/market_breadth/snapshots/nasdaq.json,Composite business still references; approval required before archive
US.BIDU,cache/market_breadth/prices/US.BIDU.json,17834,0c015b29b274e87af6f7aedbfa53352646269ae7a58e93f2de81c7a87413108b,cache/market_breadth/members/nasdaq.json;cache/market_breadth/snapshots/nasdaq.json,Composite business still references; approval required before archive
US.BIIB,cache/market_breadth/prices/US.BIIB.json,17983,d0d6b9c2c1cf2ec152ba99a9608006478c16d4b854f38ca1db8d1a75f6c178b5,cache/market_breadth/members/nasdaq.json;cache/market_breadth/snapshots/nasdaq.json,Composite business still references; approval required before archive
US.BILI,cache/market_breadth/prices/US.BILI.json,17578,f362a0ddfc50561ea66295dce169928de0540cf9482a908c1a5a3ec55f06812c,cache/market_breadth/members/nasdaq.json;cache/market_breadth/snapshots/nasdaq.json,Composite business still references; approval required before archive
US.BIOA,cache/market_breadth/prices/US.BIOA.json,17379,6edb193c9d8edde30bc01a73904a3a10080fdddcd536a24a22ddbc18b95d13ca,cache/market_breadth/members/nasdaq.json;cache/market_breadth/snapshots/nasdaq.json,Composite business still references; approval required before archive
US.BIOT,cache/market_breadth/prices/US.BIOT.json,2106,5de662af00f988ea20314082a928a81d218e1725c19bd92d3d86f551978c8db6,cache/market_breadth/members/nasdaq.json;cache/market_breadth/snapshots/nasdaq.json,Composite business still references; approval required before archive
US.BIOX,cache/market_breadth/prices/US.BIOX.json,17229,6beb2e157a15577aa9659ac354659ccc3882160d7814f438d90949791e79f9b5,cache/market_breadth/members/nasdaq.json;cache/market_breadth/snapshots/nasdaq.json,Composite business still references; approval required before archive
US.BIRD,cache/market_breadth/prices/US.BIRD.json,17312,5e473dcc537a74c746d2fd6e7084ca377118df3a229c2794d5e17d6f053546cd,cache/market_breadth/members/nasdaq.json;cache/market_breadth/snapshots/nasdaq.json,Composite business still references; approval required before archive
US.BIVI,cache/market_breadth/prices/US.BIVI.json,17158,39b6e56c6afb1c9de358580368d22031fd1ee44ce7051cf45cd948e936c80b51,cache/market_breadth/members/nasdaq.json;cache/market_breadth/snapshots/nasdaq.json,Composite business still references; approval required before archive
US.BIXI,cache/market_breadth/prices/US.BIXI.json,8338,6f4589041f6f625a6d293190fb814d298d45c1d2d4a64dba405f7e98a67ab3bc,cache/market_breadth/members/nasdaq.json;cache/market_breadth/snapshots/nasdaq.json,Composite business still references; approval required before archive
US.BIYA,cache/market_breadth/prices/US.BIYA.json,15067,489d496c91edd61234e4836e4cc7c7903dfd64fe80c23a25242dba557433a102,cache/market_breadth/members/nasdaq.json;cache/market_breadth/snapshots/nasdaq.json,Composite business still references; approval required before archive
US.BJDX,cache/market_breadth/prices/US.BJDX.json,17212,b78a55f862229dbddee095943b49f7fd633d1d720bf9706109d266d5cfc6c187,cache/market_breadth/members/nasdaq.json;cache/market_breadth/snapshots/nasdaq.json,Composite business still references; approval required before archive
US.BJRI,cache/market_breadth/prices/US.BJRI.json,17604,b7ef94721e921a895d4294104d41007d0e03ea83e2a490c0c341244985b6722c,cache/market_breadth/members/nasdaq.json;cache/market_breadth/snapshots/nasdaq.json,Composite business still references; approval required before archive
US.BKHA,cache/market_breadth/prices/US.BKHA.json,17329,aaea797b557df6fd497f0a6cf3fda7e4f94d6bb6266940452f49bfc52fe70688,cache/market_breadth/members/nasdaq.json;cache/market_breadth/snapshots/nasdaq.json,Composite business still references; approval required before archive
US.BKYI,cache/market_breadth/prices/US.BKYI.json,16696,0793a1f99401807df274428fdab9662d2578a4191c7aa44bfe76804552437736,cache/market_breadth/members/nasdaq.json;cache/market_breadth/snapshots/nasdaq.json,Composite business still references; approval required before archive
US.BL,cache/market_breadth/prices/US.BL.json,17577,ca2f91fc6d805b863a30eb6731318e4ff61429110bcde1dc2749b5c0e170b068,cache/market_breadth/members/nasdaq.json;cache/market_breadth/snapshots/nasdaq.json,Composite business still references; approval required before archive
US.BLBD,cache/market_breadth/prices/US.BLBD.json,17580,b19b15bee687f9ba0cf4d6cb0bdf7c6bb5b56aaac47e7313860db6e71b8882b7,cache/market_breadth/members/nasdaq.json;cache/market_breadth/snapshots/nasdaq.json,Composite business still references; approval required before archive
US.BLDP,cache/market_breadth/prices/US.BLDP.json,17257,6e7f249e762cfc00e689c111b0aaae2d86d6f1c46327fdee7f985de0a8410a46,cache/market_breadth/members/nasdaq.json;cache/market_breadth/snapshots/nasdaq.json,Composite business still references; approval required before archive
US.BLFS,cache/market_breadth/prices/US.BLFS.json,17562,6b569262c8b59ab8632940470078c85b752e0ea88247d732f83c37016094c785,cache/market_breadth/members/nasdaq.json;cache/market_breadth/snapshots/nasdaq.json,Composite business still references; approval required before archive
US.BLIN,cache/market_breadth/prices/US.BLIN.json,17176,2c4a00df92ff4933f5c63197601033424caab9febd6b1794a167868754c15752,cache/market_breadth/members/nasdaq.json;cache/market_breadth/snapshots/nasdaq.json,Composite business still references; approval required before archive
US.BLIV,cache/market_breadth/prices/US.BLIV.json,15954,c5f7cb2c8383c959b29010631029e7f4442bdaeb87bf814129298e27209ac2be,cache/market_breadth/members/nasdaq.json;cache/market_breadth/snapshots/nasdaq.json,Composite business still references; approval required before archive
US.BLKB,cache/market_breadth/prices/US.BLKB.json,17572,0d8bee19eaf7d732157b17ba8fd343f4833131d115bad35ba425400be5c866a2,cache/market_breadth/members/nasdaq.json;cache/market_breadth/snapshots/nasdaq.json,Composite business still references; approval required before archive
US.BLLN,cache/market_breadth/prices/US.BLLN.json,9910,51aaf1899383638cc1f20e92818b620348c5041c0148ec9e4da3447417567fa8,cache/market_breadth/members/nasdaq.json;cache/market_breadth/snapshots/nasdaq.json,Composite business still references; approval required before archive
US.BLMN,cache/market_breadth/prices/US.BLMN.json,17260,97964909ece61a1be2efb26ce17ba1af04930a83794553c298cdcb7d9aaefa78,cache/market_breadth/members/nasdaq.json;cache/market_breadth/snapshots/nasdaq.json,Composite business still references; approval required before archive
US.BLNE,cache/market_breadth/prices/US.BLNE.json,17254,2a643114dcf8293ef58bc3524db69a378a761f35bb9716a1a2eb26966c19c359,cache/market_breadth/members/nasdaq.json;cache/market_breadth/snapshots/nasdaq.json,Composite business still references; approval required before archive
US.BLNK,cache/market_breadth/prices/US.BLNK.json,17226,06be922638ec185cec365ced8229e12fafca3444ff0c6e86e233e396dde95a63,cache/market_breadth/members/nasdaq.json;cache/market_breadth/snapshots/nasdaq.json,Composite business still references; approval required before archive
US.BLRK,cache/market_breadth/prices/US.BLRK.json,7259,0f59375d0af2945ceb6b5b3e89789748a6afd7d572a3963e68dba49bbe6e6cc3,cache/market_breadth/members/nasdaq.json;cache/market_breadth/snapshots/nasdaq.json,Composite business still references; approval required before archive
US.BLRX,cache/market_breadth/prices/US.BLRX.json,17125,54f3c10734402be7015a6b5e808ef2f71ebc77b1c1f93fe9a5b437580ec924e2,cache/market_breadth/members/nasdaq.json;cache/market_breadth/snapshots/nasdaq.json,Composite business still references; approval required before archive
US.BLSM,cache/market_breadth/prices/US.BLSM.json,1692,857a83ede64c5704d674a1c37b52efde3d886459d4628a4b7c68b5e36337b0cd,cache/market_breadth/members/nasdaq.json;cache/market_breadth/snapshots/nasdaq.json,Composite business still references; approval required before archive
US.BLTE,cache/market_breadth/prices/US.BLTE.json,17677,87e87dfda7e1708d1a1acfd771d25aff41be779d494d1e8d01922d6895afeeef,cache/market_breadth/members/nasdaq.json;cache/market_breadth/snapshots/nasdaq.json,Composite business still references; approval required before archive
US.BLUW,cache/market_breadth/prices/US.BLUW.json,12766,228e8366279c193fc2e7a8a62770e612c1828173c01ad341a3482cd6b593580a,cache/market_breadth/members/nasdaq.json;cache/market_breadth/snapshots/nasdaq.json,Composite business still references; approval required before archive
US.BLZE,cache/market_breadth/prices/US.BLZE.json,17263,d8820e41ced54727beb0adc70c0a816c4f3f903ae1131a965cdba8cfbae75062,cache/market_breadth/members/nasdaq.json;cache/market_breadth/snapshots/nasdaq.json,Composite business still references; approval required before archive
US.BLZR,cache/market_breadth/prices/US.BLZR.json,10065,49bd8c58f3b209eea9f09bd36a3b92357c7b9225b9ae0580508a695faaaa9323,cache/market_breadth/members/nasdaq.json;cache/market_breadth/snapshots/nasdaq.json,Composite business still references; approval required before archive
US.BMBL,cache/market_breadth/prices/US.BMBL.json,17264,af38e5a22af5f05eca51709678b1234c392ae3eb30872a90b4074dacce1a1f8d,cache/market_breadth/members/nasdaq.json;cache/market_breadth/snapshots/nasdaq.json,Composite business still references; approval required before archive
US.BMEA,cache/market_breadth/prices/US.BMEA.json,17225,c13c271303c3eecef0596c89027eb993f2e44533bd364ebfed4011d2ff58862c,cache/market_breadth/members/nasdaq.json;cache/market_breadth/snapshots/nasdaq.json,Composite business still references; approval required before archive
US.BMGL,cache/market_breadth/prices/US.BMGL.json,17446,faa02765a93624f4e593c6b308807e8cacb2dbd08a2beeaeb8dddcb04f81a414,cache/market_breadth/members/nasdaq.json;cache/market_breadth/snapshots/nasdaq.json,Composite business still references; approval required before archive
US.BMHL,cache/market_breadth/prices/US.BMHL.json,13073,532a622ee5bd14230b5383c493727cde000575b8c6b100a45a894f1398eacd01,cache/market_breadth/members/nasdaq.json;cache/market_breadth/snapshots/nasdaq.json,Composite business still references; approval required before archive
US.BMM,cache/market_breadth/prices/US.BMM.json,7416,9f51fdc5517747c9a53e7071cb2e65f1f6afc42819aaddbe11daa30cc2d99d38,cache/market_breadth/members/nasdaq.json;cache/market_breadth/snapshots/nasdaq.json,Composite business still references; approval required before archive
US.BMR,cache/market_breadth/prices/US.BMR.json,17230,f2b2358449fd6a13608cfed4d4505876b929841c9279a9cfbe36bf6fad7c94c3,cache/market_breadth/members/nasdaq.json;cache/market_breadth/snapshots/nasdaq.json,Composite business still references; approval required before archive
US.BMRA,cache/market_breadth/prices/US.BMRA.json,17180,c925b7580ce41b4fda6028c907da1ff0cd8f4790401041095492d15aef3cfdda,cache/market_breadth/members/nasdaq.json;cache/market_breadth/snapshots/nasdaq.json,Composite business still references; approval required before archive
US.BMRC,cache/market_breadth/prices/US.BMRC.json,17700,dc7d7edf4844a205ef78d1aef5552cc7f6e8a4a90390c04f31ae05a8485376db,cache/market_breadth/members/nasdaq.json;cache/market_breadth/snapshots/nasdaq.json,Composite business still references; approval required before archive
US.BMRN,cache/market_breadth/prices/US.BMRN.json,17617,e7f4177b61db27ed27660e262ba14d5971121d7f2ba94f33ce30af417877a5aa,cache/market_breadth/members/nasdaq.json;cache/market_breadth/snapshots/nasdaq.json,Composite business still references; approval required before archive
US.BNAI,cache/market_breadth/prices/US.BNAI.json,17331,85e1dbcdaa6cbd833bd621b43257ce58365459f427352c3953b811b32322a2c9,cache/market_breadth/members/nasdaq.json;cache/market_breadth/snapshots/nasdaq.json,Composite business still references; approval required before archive
US.BNC,cache/market_breadth/prices/US.BNC.json,17163,030af7258045d22c71fbd583f1792915193cc7249df5a2582a64853cbb8f67e0,cache/market_breadth/members/nasdaq.json;cache/market_breadth/snapshots/nasdaq.json,Composite business still references; approval required before archive
US.BNGO,cache/market_breadth/prices/US.BNGO.json,17172,ce63badafb274a0cbc9e21f9df9b56e615b16e1d06fc0ffe94e6a69535c66172,cache/market_breadth/members/nasdaq.json;cache/market_breadth/snapshots/nasdaq.json,Composite business still references; approval required before archive
US.BNKK,cache/market_breadth/prices/US.BNKK.json,17300,023650b0db2adb748f35677c708ffc78ff75a512664ba4f66ad800c453612729,cache/market_breadth/members/nasdaq.json;cache/market_breadth/snapshots/nasdaq.json,Composite business still references; approval required before archive
US.BNR,cache/market_breadth/prices/US.BNR.json,17280,6c718beb24516dc314d4e26c3ae484326c4e29dcf53a0a5b0bbe8e158f563a72,cache/market_breadth/members/nasdaq.json;cache/market_breadth/snapshots/nasdaq.json,Composite business still references; approval required before archive
US.BNTC,cache/market_breadth/prices/US.BNTC.json,17549,13f88ca005a03a378d843b2b563521c3aa7dc0ed64ab1bc3029c57d07778a9c3,cache/market_breadth/members/nasdaq.json;cache/market_breadth/snapshots/nasdaq.json,Composite business still references; approval required before archive
US.BNTX,cache/market_breadth/prices/US.BNTX.json,17604,89d8fc0c44d46e9ede153a8acbf35f63dbd94a3f4039cf91c7508371cc2651de,cache/market_breadth/members/nasdaq.json;cache/market_breadth/snapshots/nasdaq.json,Composite business still references; approval required before archive
US.BODI,cache/market_breadth/prices/US.BODI.json,17268,71bd9d332302434867fb65a632472eaaa9ac1fbb78617e8a184de0194fea9e16,cache/market_breadth/members/nasdaq.json;cache/market_breadth/snapshots/nasdaq.json,Composite business still references; approval required before archive
US.BOF,cache/market_breadth/prices/US.BOF.json,17229,57563df85b4470514427c2ff7375a6c53b115a3c1b236b2179281b93c59e67c4,cache/market_breadth/members/nasdaq.json;cache/market_breadth/snapshots/nasdaq.json,Composite business still references; approval required before archive
US.BOKF,cache/market_breadth/prices/US.BOKF.json,18010,04c618d24a1b0c00440e1ee8f2f62f940fa887e19ea57b043574d9e7aba75ea1,cache/market_breadth/members/nasdaq.json;cache/market_breadth/snapshots/nasdaq.json,Composite business still references; approval required before archive
US.BOLD,cache/market_breadth/prices/US.BOLD.json,17227,a8aa5ac899a440612abfdc77c431d2d6e08ae1047bbdbca2f713b12c99f95c2d,cache/market_breadth/members/nasdaq.json;cache/market_breadth/snapshots/nasdaq.json,Composite business still references; approval required before archive
US.BOLT,cache/market_breadth/prices/US.BOLT.json,17138,77faa509cc0c3d921e7e41c7923ace282103f2a9b6a57224d12c608cb0bd4b80,cache/market_breadth/members/nasdaq.json;cache/market_breadth/snapshots/nasdaq.json,Composite business still references; approval required before archive
US.BON,cache/market_breadth/prices/US.BON.json,17082,dc16e57a9ef2e7af5c5b04077891bfa27d840a4f687ae9911fc703d03a77df57,cache/market_breadth/members/nasdaq.json;cache/market_breadth/snapshots/nasdaq.json,Composite business still references; approval required before archive
US.BOOM,cache/market_breadth/prices/US.BOOM.json,17205,f592414c1d61adef0bc39df669fe1a375a3f1f4982d503cf3b3ad8075574fecb,cache/market_breadth/members/nasdaq.json;cache/market_breadth/snapshots/nasdaq.json,Composite business still references; approval required before archive
US.BOSC,cache/market_breadth/prices/US.BOSC.json,17169,83b0ed69b77be7983665b96f9d6bda4f7bc9a2bc6181aaf15d536e6ee09cae27,cache/market_breadth/members/nasdaq.json;cache/market_breadth/snapshots/nasdaq.json,Composite business still references; approval required before archive
US.BOT,cache/market_breadth/prices/US.BOT.json,4384,0de97488edaf9bca6094765f3b8802e53ae3476bd1dc30a2b5756529ae18f318,cache/market_breadth/members/nasdaq.json;cache/market_breadth/snapshots/nasdaq.json,Composite business still references; approval required before archive
US.BOTJ,cache/market_breadth/prices/US.BOTJ.json,17680,721e8758d5a0ddb2d1617c3d92c2bb2cc02d5e58f2b0fce6ab17bac0a4ab1136,cache/market_breadth/members/nasdaq.json;cache/market_breadth/snapshots/nasdaq.json,Composite business still references; approval required before archive
US.BOXL,cache/market_breadth/prices/US.BOXL.json,17426,b0d3f514330cc25f03a8a747f37cbc995034bd8e8670afc8ae755c5d6f5053e1,cache/market_breadth/members/nasdaq.json;cache/market_breadth/snapshots/nasdaq.json,Composite business still references; approval required before archive
US.BPAC,cache/market_breadth/prices/US.BPAC.json,8035,85c445eda3db5330ee50d0e24adf2a4bf273f37248c40a0d31f4f7e6ab19e29e,cache/market_breadth/members/nasdaq.json;cache/market_breadth/snapshots/nasdaq.json,Composite business still references; approval required before archive
US.BPOP,cache/market_breadth/prices/US.BPOP.json,18056,0d5c552b250935f5b6d046253249fd417761876f7e8208940501f0a0855df237,cache/market_breadth/members/nasdaq.json;cache/market_breadth/snapshots/nasdaq.json,Composite business still references; approval required before archive
US.BPRN,cache/market_breadth/prices/US.BPRN.json,17682,b1083732d9fc485f8560feefb5f460f1c25baf983b5e35f7c11bc5a4f169329d,cache/market_breadth/members/nasdaq.json;cache/market_breadth/snapshots/nasdaq.json,Composite business still references; approval required before archive
US.BRAG,cache/market_breadth/prices/US.BRAG.json,17218,4ddc8dd5946f2931bdd5dcef14d541093980b7034d1d4ee79fc4febab26ad998,cache/market_breadth/members/nasdaq.json;cache/market_breadth/snapshots/nasdaq.json,Composite business still references; approval required before archive
US.BRAI,cache/market_breadth/prices/US.BRAI.json,6855,aa144edb14cc1e6540086da08dd4fbea3571094f3acd1eaea29073e40673a77e,cache/market_breadth/members/nasdaq.json;cache/market_breadth/snapshots/nasdaq.json,Composite business still references; approval required before archive
US.BRBI,cache/market_breadth/prices/US.BRBI.json,11426,c10a42d600ee31f0682c12e150f2a1ba526eeac981b99636b96f11083a195785,cache/market_breadth/members/nasdaq.json;cache/market_breadth/snapshots/nasdaq.json,Composite business still references; approval required before archive
US.BRCB,cache/market_breadth/prices/US.BRCB.json,11477,8218aa38552998af2c403e654be5f14552bccd6b940b9de6badf9844ad61a907,cache/market_breadth/members/nasdaq.json;cache/market_breadth/snapshots/nasdaq.json,Composite business still references; approval required before archive
US.BREZ,cache/market_breadth/prices/US.BREZ.json,3335,a58c73fbdd68348475e5cb17822a6e3546aaa9c3ed194b6b8bc285cacf5f0e16,cache/market_breadth/members/nasdaq.json;cache/market_breadth/snapshots/nasdaq.json,Composite business still references; approval required before archive
US.BRFH,cache/market_breadth/prices/US.BRFH.json,17093,82f6a2575b319a0290bf7dc33ebacaa058736e68e93a976e13a40ea1a3f11736,cache/market_breadth/members/nasdaq.json;cache/market_breadth/snapshots/nasdaq.json,Composite business still references; approval required before archive
US.BRID,cache/market_breadth/prices/US.BRID.json,17134,cd6e5861cf20c473a45767b817ef32b258de8960f3de0d75265d52682f5bdb6d,cache/market_breadth/members/nasdaq.json;cache/market_breadth/snapshots/nasdaq.json,Composite business still references; approval required before archive
US.BRKH,cache/market_breadth/prices/US.BRKH.json,2453,ad976ea31a6d15a951cf041c49f030333f825a02fa5827e63032a816053db952,cache/market_breadth/members/nasdaq.json;cache/market_breadth/snapshots/nasdaq.json,Composite business still references; approval required before archive
US.BRKR,cache/market_breadth/prices/US.BRKR.json,17698,b26ba0cf879342985a5f024562ba2c145f0e20abd0468d40373419d9059d6053,cache/market_breadth/members/nasdaq.json;cache/market_breadth/snapshots/nasdaq.json,Composite business still references; approval required before archive
US.BRLS,cache/market_breadth/prices/US.BRLS.json,17145,45438e50764bbaca142e2970efb39fc8bd32246a3922ea6662067228c8d49ff8,cache/market_breadth/members/nasdaq.json;cache/market_breadth/snapshots/nasdaq.json,Composite business still references; approval required before archive
US.BRLT,cache/market_breadth/prices/US.BRLT.json,17231,16beea1ce94505ae8777dc79824bfb889ac3ab99124bba448cdb98d6f15e830d,cache/market_breadth/members/nasdaq.json;cache/market_breadth/snapshots/nasdaq.json,Composite business still references; approval required before archive
US.BRNX,cache/market_breadth/prices/US.BRNX.json,16999,d61ae46eaf7470063b33a1f210d311c063a6129c860c8ae9c310da7dcb3c2fdb,cache/market_breadth/members/nasdaq.json;cache/market_breadth/snapshots/nasdaq.json,Composite business still references; approval required before archive
US.BRTM,cache/market_breadth/prices/US.BRTM.json,709,58493dcd48cb9d9880a778b840597d16c97bec9fe7b9c1b9912c53a25d120e04,cache/market_breadth/members/nasdaq.json;cache/market_breadth/snapshots/nasdaq.json,Composite business still references; approval required before archive
US.BRTX,cache/market_breadth/prices/US.BRTX.json,17267,fcfb7f514de7d0a3bd12555ec5727ac6a0afe69b1ac06fccd1ba607d37a3bc0f,cache/market_breadth/members/nasdaq.json;cache/market_breadth/snapshots/nasdaq.json,Composite business still references; approval required before archive
US.BRUN,cache/market_breadth/prices/US.BRUN.json,17541,01700ed955c12e13d232bb4fa5e17b3129776b24ac5a43d68241cc32c888af8d,cache/market_breadth/members/nasdaq.json;cache/market_breadth/snapshots/nasdaq.json,Composite business still references; approval required before archive
US.BRVE,cache/market_breadth/prices/US.BRVE.json,1735,42c627522dce42f5da3ed38f78f1523d37d400bee940b10498e18df72d4e7cae,cache/market_breadth/members/nasdaq.json;cache/market_breadth/snapshots/nasdaq.json,Composite business still references; approval required before archive
US.BRZE,cache/market_breadth/prices/US.BRZE.json,17641,d2f18123ee5c8ce49ad6964fb4f14701b8800bebf58568e2542b656132a88892,cache/market_breadth/members/nasdaq.json;cache/market_breadth/snapshots/nasdaq.json,Composite business still references; approval required before archive
US.BSAA,cache/market_breadth/prices/US.BSAA.json,12600,2d85a266ce798ed1e3e843867c133e506cdbc02ce437ab68461bcf93414a7a7b,cache/market_breadth/members/nasdaq.json;cache/market_breadth/snapshots/nasdaq.json,Composite business still references; approval required before archive
US.BSBK,cache/market_breadth/prices/US.BSBK.json,17107,c952ac40a804b28dbf4db056bb5cd9a974c2ebb63169a9b4a89ca6a62cc21f46,cache/market_breadth/members/nasdaq.json;cache/market_breadth/snapshots/nasdaq.json,Composite business still references; approval required before archive
US.BSEM,cache/market_breadth/prices/US.BSEM.json,17160,46de1c4e0a8b6a73a4e272ca88d80db6a4145ab0f5d7e9c6e3779d29c6d1a1a6,cache/market_breadth/members/nasdaq.json;cache/market_breadth/snapshots/nasdaq.json,Composite business still references; approval required before archive
US.BSET,cache/market_breadth/prices/US.BSET.json,17678,3420268bc182d7ac13bf96e250c4ade4b61a84665c01036b386f2d8263266b75,cache/market_breadth/members/nasdaq.json;cache/market_breadth/snapshots/nasdaq.json,Composite business still references; approval required before archive
US.BSIN,cache/market_breadth/prices/US.BSIN.json,17203,2f1b724e49c8a48da3fd8f777458d97d44b4cbd132eccb46db4d53e07a07a538,cache/market_breadth/members/nasdaq.json;cache/market_breadth/snapshots/nasdaq.json,Composite business still references; approval required before archive
US.BSP,cache/market_breadth/prices/US.BSP.json,2810,733c0dd91d4eb008f4b85b190555b65bf196e3ca3a5917cf9de34199ffe0b71c,cache/market_breadth/members/nasdaq.json;cache/market_breadth/snapshots/nasdaq.json,Composite business still references; approval required before archive
US.BSRR,cache/market_breadth/prices/US.BSRR.json,17692,db80c205df601a636dfd22e7de91821a996c29eea9bb2d380c0bfd33f5214140,cache/market_breadth/members/nasdaq.json;cache/market_breadth/snapshots/nasdaq.json,Composite business still references; approval required before archive
US.BSVN,cache/market_breadth/prices/US.BSVN.json,17708,582f2bfe302a22fa4741cf8d76554f924309cacdde35edd2d74b2e97c8bfb9f2,cache/market_breadth/members/nasdaq.json;cache/market_breadth/snapshots/nasdaq.json,Composite business still references; approval required before archive
US.BSY,cache/market_breadth/prices/US.BSY.json,17705,7835aceb982a252adf6d66dd5527ed0b56f8daf8a54a7dbd5b86d962092d18bc,cache/market_breadth/members/nasdaq.json;cache/market_breadth/snapshots/nasdaq.json,Composite business still references; approval required before archive
US.BTBD,cache/market_breadth/prices/US.BTBD.json,17223,a4035df1b2d4f3fbed68ad9aaf6e4b75b2b93af0acf0efbc9614c68e6598e634,cache/market_breadth/members/nasdaq.json;cache/market_breadth/snapshots/nasdaq.json,Composite business still references; approval required before archive
US.BTBT,cache/market_breadth/prices/US.BTBT.json,17245,d7639561223e8080b93aaad671d417021d8d6101fb62205e105027a9c4a6cdcd,cache/market_breadth/members/nasdaq.json;cache/market_breadth/snapshots/nasdaq.json,Composite business still references; approval required before archive
US.BTCS,cache/market_breadth/prices/US.BTCS.json,17260,74af329dbe75b450c4dd384267c7e4fdd20b71f67b100ddb681bc79afbab70f4,cache/market_breadth/members/nasdaq.json;cache/market_breadth/snapshots/nasdaq.json,Composite business still references; approval required before archive
US.BTCT,cache/market_breadth/prices/US.BTCT.json,17191,aa3b67dad21660737c2d5cee53e8eb52c83136f00cb94446e145d3d44b22ac1a,cache/market_breadth/members/nasdaq.json;cache/market_breadth/snapshots/nasdaq.json,Composite business still references; approval required before archive
US.BTDR,cache/market_breadth/prices/US.BTDR.json,17445,80b2ee48ac7b2482896a2541194094225ccec34fa423b4e20ab686d68c3e6d2b,cache/market_breadth/members/nasdaq.json;cache/market_breadth/snapshots/nasdaq.json,Composite business still references; approval required before archive
US.BTLN,cache/market_breadth/prices/US.BTLN.json,14483,9f06be50bda6f098c0f89e49f5781d69fb67de0706f7baa5fb9e7065b6540a9f,cache/market_breadth/members/nasdaq.json;cache/market_breadth/snapshots/nasdaq.json,Composite business still references; approval required before archive
US.BTMD,cache/market_breadth/prices/US.BTMD.json,17184,0729609a5e893df625286a3f13e879fdbcc4c45369aedc4da1fe30b0eed49e45,cache/market_breadth/members/nasdaq.json;cache/market_breadth/snapshots/nasdaq.json,Composite business still references; approval required before archive
US.BTOC,cache/market_breadth/prices/US.BTOC.json,17193,70b768672384c4838baea7623690990b0859d7160c7afe33234c834387d4d704,cache/market_breadth/members/nasdaq.json;cache/market_breadth/snapshots/nasdaq.json,Composite business still references; approval required before archive
US.BTQ,cache/market_breadth/prices/US.BTQ.json,10962,d17ccb7f70227d9d9a72cf385c37a7c6d79fd42538956822ce04933ee560c97a,cache/market_breadth/members/nasdaq.json;cache/market_breadth/snapshots/nasdaq.json,Composite business still references; approval required before archive
US.BTSG,cache/market_breadth/prices/US.BTSG.json,17543,304ff6244e0ab81594c101dcf97ec74a2fb18887b752eab955720a2eecaca2fa,cache/market_breadth/members/nasdaq.json;cache/market_breadth/snapshots/nasdaq.json,Composite business still references; approval required before archive
US.BTTC,cache/market_breadth/prices/US.BTTC.json,10738,e02edc20b9db9322dea96b272aba4cb7e9dc0715ae0f8f0902c2ae3cbb21347a,cache/market_breadth/members/nasdaq.json;cache/market_breadth/snapshots/nasdaq.json,Composite business still references; approval required before archive
US.BULL,cache/market_breadth/prices/US.BULL.json,17333,eea25c8fae7d35610e9683955f6421c5855df973aa9d51fad518cb66ccbae23b,cache/market_breadth/members/nasdaq.json;cache/market_breadth/snapshots/nasdaq.json,Composite business still references; approval required before archive
US.BUSE,cache/market_breadth/prices/US.BUSE.json,17685,6e084e3ab7be11c7c4a39b7c8d7de06b70bae3e951de7f4b076bdfaba5964dc7,cache/market_breadth/members/nasdaq.json;cache/market_breadth/snapshots/nasdaq.json,Composite business still references; approval required before archive
US.BUUU,cache/market_breadth/prices/US.BUUU.json,12129,67b04abc1b935363695cc515aa85063a76eb191cdc103eba73fb34977dc03cf6,cache/market_breadth/members/nasdaq.json;cache/market_breadth/snapshots/nasdaq.json,Composite business still references; approval required before archive
US.BVC,cache/market_breadth/prices/US.BVC.json,17241,cfa4dbc5866a3bfc1c48ea47386eafbf3568b88fd043d35f999d6687a2ae69ac,cache/market_breadth/members/nasdaq.json;cache/market_breadth/snapshots/nasdaq.json,Composite business still references; approval required before archive
US.BVFL,cache/market_breadth/prices/US.BVFL.json,17547,3257a1b6abfd14206ae557459608de45861ff81f941495a2e24cf70ddb6fed24,cache/market_breadth/members/nasdaq.json;cache/market_breadth/snapshots/nasdaq.json,Composite business still references; approval required before archive
US.BVS,cache/market_breadth/prices/US.BVS.json,17266,5784926c92e3b7d8e25215112984238f0c85d701388a7d1d9354d5618fd8ef1f,cache/market_breadth/members/nasdaq.json;cache/market_breadth/snapshots/nasdaq.json,Composite business still references; approval required before archive
US.BWAY,cache/market_breadth/prices/US.BWAY.json,17372,ef2dc094bbda8b2f5895597502bf1068901fac53b9b03e8bd1a1f56ff88024fd,cache/market_breadth/members/nasdaq.json;cache/market_breadth/snapshots/nasdaq.json,Composite business still references; approval required before archive
US.BWB,cache/market_breadth/prices/US.BWB.json,17546,e91342c66fd24e66beabcd1e7d616608e32cfca6632fa14293d97787199c77c9,cache/market_breadth/members/nasdaq.json;cache/market_breadth/snapshots/nasdaq.json,Composite business still references; approval required before archive
US.BWEN,cache/market_breadth/prices/US.BWEN.json,17193,ad561f2e965f9b52c3348590fb25aa5bdef1c7e33666921fa5294bfd64424b70,cache/market_breadth/members/nasdaq.json;cache/market_breadth/snapshots/nasdaq.json,Composite business still references; approval required before archive
US.BWFG,cache/market_breadth/prices/US.BWFG.json,17669,f0124d4ba18c5dce25e03436ff6e4614008287cff4faad2f4daec757f367bbf2,cache/market_breadth/members/nasdaq.json;cache/market_breadth/snapshots/nasdaq.json,Composite business still references; approval required before archive
US.BWIN,cache/market_breadth/prices/US.BWIN.json,17628,915a1e5bbbd5e3cdc7edd5276ff86a33889a9492978de8e1dcda2eb40be30dd1,cache/market_breadth/members/nasdaq.json;cache/market_breadth/snapshots/nasdaq.json,Composite business still references; approval required before archive
US.BWMN,cache/market_breadth/prices/US.BWMN.json,17608,1f183d517f733cccba81f7bcfdb2051e4e074d3532b356a9810e5d3fa273e107,cache/market_breadth/members/nasdaq.json;cache/market_breadth/snapshots/nasdaq.json,Composite business still references; approval required before archive
US.BXBL,cache/market_breadth/prices/US.BXBL.json,17341,e367216315520f8ea6542b3fe9aac788fc5871c735e975e53622890122f5dfe6,cache/market_breadth/members/nasdaq.json;cache/market_breadth/snapshots/nasdaq.json,Composite business still references; approval required before archive
US.BYAH,cache/market_breadth/prices/US.BYAH.json,16552,fbcfa82a9ab0c625941f4142960a7273f320abc21641100503501bc2b91aa5d7,cache/market_breadth/members/nasdaq.json;cache/market_breadth/snapshots/nasdaq.json,Composite business still references; approval required before archive
US.BYFC,cache/market_breadth/prices/US.BYFC.json,17073,be1e841e7ac824f4a1eb2fce4bb97bd8fcdbf88476ce593a624c977bf568d625,cache/market_breadth/members/nasdaq.json;cache/market_breadth/snapshots/nasdaq.json,Composite business still references; approval required before archive
US.BYND,cache/market_breadth/prices/US.BYND.json,17332,bd300dee2cf8a0cc36833569d652480eeec316e6b7ffa14dcbd1736721e4d7ac,cache/market_breadth/members/nasdaq.json;cache/market_breadth/snapshots/nasdaq.json,Composite business still references; approval required before archive
US.BYRN,cache/market_breadth/prices/US.BYRN.json,17474,c8330ca54e50e597a3edc5611a212f0277a9a27b54b91cead10853b10286e50d,cache/market_breadth/members/nasdaq.json;cache/market_breadth/snapshots/nasdaq.json,Composite business still references; approval required before archive
US.BYSI,cache/market_breadth/prices/US.BYSI.json,17194,ea7832b8b4df559175b24155669a86df9f2fe2a98dac26e90806240763074ef2,cache/market_breadth/members/nasdaq.json;cache/market_breadth/snapshots/nasdaq.json,Composite business still references; approval required before archive
US.BZ,cache/market_breadth/prices/US.BZ.json,17697,54b724e68570d26666db2e6111b4259519574f6a940fc12755efcb0610185a8a,cache/market_breadth/members/nasdaq.json;cache/market_breadth/snapshots/nasdaq.json,Composite business still references; approval required before archive
US.BZAI,cache/market_breadth/prices/US.BZAI.json,17290,171109188827c739f9f2ac0b11de39a8355e0d63920c40bbea3460a02ba24748,cache/market_breadth/members/nasdaq.json;cache/market_breadth/snapshots/nasdaq.json,Composite business still references; approval required before archive
US.BZFD,cache/market_breadth/prices/US.BZFD.json,17240,c6473fc03a9fe765552814d82df03c3c61077df57bdeaefa850c7b8fcc764f19,cache/market_breadth/members/nasdaq.json;cache/market_breadth/snapshots/nasdaq.json,Composite business still references; approval required before archive
US.BZUN,cache/market_breadth/prices/US.BZUN.json,17174,eb21c28c7abfd319812c2aa1159f249bc1cfa0dfc453d19034b84bcda9fd34e7,cache/market_breadth/members/nasdaq.json;cache/market_breadth/snapshots/nasdaq.json,Composite business still references; approval required before archive
US.CAAS,cache/market_breadth/prices/US.CAAS.json,17222,d2c46c308ec6914230cdfcaa74fc03f552524df16ad3ef812d5d8b3f43471255,cache/market_breadth/members/nasdaq.json;cache/market_breadth/snapshots/nasdaq.json,Composite business still references; approval required before archive
US.CABA,cache/market_breadth/prices/US.CABA.json,17164,304a42f757ba62afe35cbc8cf6df4943c4b6f6b46063848c32915037981b0d24,cache/market_breadth/members/nasdaq.json;cache/market_breadth/snapshots/nasdaq.json,Composite business still references; approval required before archive
US.CABR,cache/market_breadth/prices/US.CABR.json,9394,eed957f414a9f5e5c50ca35fc3f314ceb81c360e65cac765e639d45cdd9cc090,cache/market_breadth/members/nasdaq.json;cache/market_breadth/snapshots/nasdaq.json,Composite business still references; approval required before archive
US.CAC,cache/market_breadth/prices/US.CAC.json,17705,6b9007222b4d4f5b69cdba5c1116e3212b34b9928f8de5507649884ecd63ba2b,cache/market_breadth/members/nasdaq.json;cache/market_breadth/snapshots/nasdaq.json,Composite business still references; approval required before archive
US.CACC,cache/market_breadth/prices/US.CACC.json,17894,216f69d8e8009454d49a72c6535ed6e13060d9ed73ef6bff63d8945c98ebb9a0,cache/market_breadth/members/nasdaq.json;cache/market_breadth/snapshots/nasdaq.json,Composite business still references; approval required before archive
US.CADL,cache/market_breadth/prices/US.CADL.json,17225,530112fa6c925e4eb8174de018cfdb4ad25184a146ae7e2c78f17e7d89670d75,cache/market_breadth/members/nasdaq.json;cache/market_breadth/snapshots/nasdaq.json,Composite business still references; approval required before archive
US.CAE,cache/market_breadth/prices/US.CAE.json,17638,5ad8cdaf359c5744860c8a611d758553606d420dde64c1ea6d326d554f00317c,cache/market_breadth/members/nasdaq.json;cache/market_breadth/snapshots/nasdaq.json,Composite business still references; approval required before archive
US.CAES,cache/market_breadth/prices/US.CAES.json,3274,873310e6a0021f665e4bbb8c74b789bee3a9ca223ee1690e7c03c2fdd22bb864,cache/market_breadth/members/nasdaq.json;cache/market_breadth/snapshots/nasdaq.json,Composite business still references; approval required before archive
US.CAI,cache/market_breadth/prices/US.CAI.json,14024,d8443048ffe5d65a0d7f604966bbba7ac02195ee314c16b0c73d16fb5085ae3e,cache/market_breadth/members/nasdaq.json;cache/market_breadth/snapshots/nasdaq.json,Composite business still references; approval required before archive
US.CAII,cache/market_breadth/prices/US.CAII.json,3066,4ca35ff5e56181828f962dec5a9c4aad5221f61aeae1c87320973fe5879e60fd,cache/market_breadth/members/nasdaq.json;cache/market_breadth/snapshots/nasdaq.json,Composite business still references; approval required before archive
US.CAKE,cache/market_breadth/prices/US.CAKE.json,17747,fe13178a05992bea9bd61bbff2aa8b428ceeb9fd09c51e80bbcdcbf9a9844dc5,cache/market_breadth/members/nasdaq.json;cache/market_breadth/snapshots/nasdaq.json,Composite business still references; approval required before archive
US.CALC,cache/market_breadth/prices/US.CALC.json,16925,6806c819a5a7bad965061a9d67eaaa08f7eaa2180635f972dfe1bbf728384fe7,cache/market_breadth/members/nasdaq.json;cache/market_breadth/snapshots/nasdaq.json,Composite business still references; approval required before archive
US.CALM,cache/market_breadth/prices/US.CALM.json,17706,c6662103022976db11934b6f16685f8d3247c4b2a17977833dc80fe740afe8fe,cache/market_breadth/members/nasdaq.json;cache/market_breadth/snapshots/nasdaq.json,Composite business still references; approval required before archive
US.CAMP,cache/market_breadth/prices/US.CAMP.json,17055,b839262bb3130e206c2d8771acad503a983f9854815d0aad14ee3f044b2a954a,cache/market_breadth/members/nasdaq.json;cache/market_breadth/snapshots/nasdaq.json,Composite business still references; approval required before archive
US.CAMT,cache/market_breadth/prices/US.CAMT.json,17811,ad53bce3b121ea5c04c12f3b23c5bc18e378eded0e0e0a5b34c57252a3cb7d55,cache/market_breadth/members/nasdaq.json;cache/market_breadth/snapshots/nasdaq.json,Composite business still references; approval required before archive
US.CAN,cache/market_breadth/prices/US.CAN.json,17273,7b5f02cecb1472692787dd16a2b6e337083240b5f0fe335ff85a86cec6f88735,cache/market_breadth/members/nasdaq.json;cache/market_breadth/snapshots/nasdaq.json,Composite business still references; approval required before archive
US.CAPN,cache/market_breadth/prices/US.CAPN.json,17435,fe22aa69935df9bd8b7dad91bf9f495398322934421754bea04ae38749c35608,cache/market_breadth/members/nasdaq.json;cache/market_breadth/snapshots/nasdaq.json,Composite business still references; approval required before archive
US.CAPR,cache/market_breadth/prices/US.CAPR.json,17408,fc7a9f3cc18ff4ad27b18d09cd0098062182e703836c3826c0020c392bcdaf56,cache/market_breadth/members/nasdaq.json;cache/market_breadth/snapshots/nasdaq.json,Composite business still references; approval required before archive
US.CAPS,cache/market_breadth/prices/US.CAPS.json,17143,52a1cbf7b76f482abd827be935a8cf1720066bf9116d91304bcbf586279eef5a,cache/market_breadth/members/nasdaq.json;cache/market_breadth/snapshots/nasdaq.json,Composite business still references; approval required before archive
US.CAQ,cache/market_breadth/prices/US.CAQ.json,5510,15293a2068d0cd1e7a8d1d186f8a703049e48cc1d3020cd6019fa03a7e932c84,cache/market_breadth/members/nasdaq.json;cache/market_breadth/snapshots/nasdaq.json,Composite business still references; approval required before archive
US.CAR,cache/market_breadth/prices/US.CAR.json,17953,3fd8b25939703ab466c4295c6b1a090480c08e8565c8e980fca075175a11dd1a,cache/market_breadth/members/nasdaq.json;cache/market_breadth/snapshots/nasdaq.json,Composite business still references; approval required before archive
US.CARE,cache/market_breadth/prices/US.CARE.json,17720,fbc67721ee79ca2600a0482edf96fd69517e803c5445b25f847d51513ff9266c,cache/market_breadth/members/nasdaq.json;cache/market_breadth/snapshots/nasdaq.json,Composite business still references; approval required before archive
US.CARG,cache/market_breadth/prices/US.CARG.json,17545,78656ac2778a2dadea25e9f680bd0c05b8b5898b541d9f35d45f903cae6be8bd,cache/market_breadth/members/nasdaq.json;cache/market_breadth/snapshots/nasdaq.json,Composite business still references; approval required before archive
US.CARL,cache/market_breadth/prices/US.CARL.json,13062,5769231feade1b43d773b8a3a4b42dd674a17748a76a7c6a0c00688f5c7e00dc,cache/market_breadth/members/nasdaq.json;cache/market_breadth/snapshots/nasdaq.json,Composite business still references; approval required before archive
US.CART,cache/market_breadth/prices/US.CART.json,17608,126d73c91edee3f556ff3f7351724cea4b2abdb687066f0f0a53233af03cc8d8,cache/market_breadth/members/nasdaq.json;cache/market_breadth/snapshots/nasdaq.json,Composite business still references; approval required before archive
US.CASH,cache/market_breadth/prices/US.CASH.json,17695,4e046e5f2785cf3500c209d7153cc4383b3f7f409e44461d9d4661c4f22a2875,cache/market_breadth/members/nasdaq.json;cache/market_breadth/snapshots/nasdaq.json,Composite business still references; approval required before archive
US.CASS,cache/market_breadth/prices/US.CASS.json,17707,09a489049f641369595ab23473685a2813d3383ed9902e3c48c02f73fbc9b7ed,cache/market_breadth/members/nasdaq.json;cache/market_breadth/snapshots/nasdaq.json,Composite business still references; approval required before archive
US.CAST,cache/market_breadth/prices/US.CAST.json,6057,23ebbe4dd91acfc256f44d92a0f7e90348bf85b91bf0f60954b285682b8fed80,cache/market_breadth/members/nasdaq.json;cache/market_breadth/snapshots/nasdaq.json,Composite business still references; approval required before archive
US.CASY,cache/market_breadth/prices/US.CASY.json,18072,6d77ca6d621acb64284a4afaf3582c2cdbd1427760d90483feb7406b17b32db7,cache/market_breadth/members/nasdaq.json;cache/market_breadth/snapshots/nasdaq.json,Composite business still references; approval required before archive
US.CATL,cache/market_breadth/prices/US.CATL.json,494,3231b67222eb971239a590f75a8cb05a5106369cc527c1c3424aa762a704bfc5,cache/market_breadth/members/nasdaq.json;cache/market_breadth/snapshots/nasdaq.json,Composite business still references; approval required before archive
US.CATY,cache/market_breadth/prices/US.CATY.json,17681,6ed6439ee06cdd5e7e46b83a661d1ec66047a4e52ff446c946f2bce667d00d34,cache/market_breadth/members/nasdaq.json;cache/market_breadth/snapshots/nasdaq.json,Composite business still references; approval required before archive
US.CBAT,cache/market_breadth/prices/US.CBAT.json,17129,89af33896bc337fd0264afdc425d6b57391fb16b18d612174ffe4f08fdf8f1d8,cache/market_breadth/members/nasdaq.json;cache/market_breadth/snapshots/nasdaq.json,Composite business still references; approval required before archive
US.CBC,cache/market_breadth/prices/US.CBC.json,9448,37887feb914aa798f4b1a1b185d7dfdd13851ad72d6f468d445258a91382fc49,cache/market_breadth/members/nasdaq.json;cache/market_breadth/snapshots/nasdaq.json,Composite business still references; approval required before archive
US.CBFV,cache/market_breadth/prices/US.CBFV.json,17700,2527a3a9046436705ac2c9991b03d45f82e5286ff6a9770933fc3de866432cd7,cache/market_breadth/members/nasdaq.json;cache/market_breadth/snapshots/nasdaq.json,Composite business still references; approval required before archive
US.CBIO,cache/market_breadth/prices/US.CBIO.json,16760,0e0edbd5b273492535b84408471dcfedee15728b3b802013852e90f6f73d0f42,cache/market_breadth/members/nasdaq.json;cache/market_breadth/snapshots/nasdaq.json,Composite business still references; approval required before archive
US.CBK,cache/market_breadth/prices/US.CBK.json,11041,1c4ccc497e0a43d977fb831077601492bf91d5dcf25e3d685126d8b2f276b6d4,cache/market_breadth/members/nasdaq.json;cache/market_breadth/snapshots/nasdaq.json,Composite business still references; approval required before archive
US.CBLL,cache/market_breadth/prices/US.CBLL.json,17519,718a4c88c9401047845d3b5c1e77a8206f034f9b84b9c791f4af4650f83bbe56,cache/market_breadth/members/nasdaq.json;cache/market_breadth/snapshots/nasdaq.json,Composite business still references; approval required before archive
US.CBNK,cache/market_breadth/prices/US.CBNK.json,17674,e8bbc78bbd086bbf46bce6efb99202c26e36d8ad5cc892d5eb31c68a7683b407,cache/market_breadth/members/nasdaq.json;cache/market_breadth/snapshots/nasdaq.json,Composite business still references; approval required before archive
US.CBRL,cache/market_breadth/prices/US.CBRL.json,17696,3edacb8508858e5b82b552be6c1626609a156d8da31597c82e0ab7746a817200,cache/market_breadth/members/nasdaq.json;cache/market_breadth/snapshots/nasdaq.json,Composite business still references; approval required before archive
US.CBRS,cache/market_breadth/prices/US.CBRS.json,4337,0684534f2eb96006b48e3370a6e5fd27289a3497d08ae7a83a2e8c117fb1fef0,cache/market_breadth/members/nasdaq.json;cache/market_breadth/snapshots/nasdaq.json,Composite business still references; approval required before archive
US.CBSH,cache/market_breadth/prices/US.CBSH.json,17695,27eb49b40d47986d05e34b5eaadb648294e0f95da43d6fa835f724459847a710,cache/market_breadth/members/nasdaq.json;cache/market_breadth/snapshots/nasdaq.json,Composite business still references; approval required before archive
US.CBUS,cache/market_breadth/prices/US.CBUS.json,17204,ad181d2f6c0ec614dd12564001dbe0125fc364004dc0422b0cac2cc4a86fa713,cache/market_breadth/members/nasdaq.json;cache/market_breadth/snapshots/nasdaq.json,Composite business still references; approval required before archive
US.CCAP,cache/market_breadth/prices/US.CCAP.json,17680,d2aaf14884ba42973bcfb4569ab8f9f1f2b587b9ab47f02d226b77d00f5a8563,cache/market_breadth/members/nasdaq.json;cache/market_breadth/snapshots/nasdaq.json,Composite business still references; approval required before archive
US.CCAQ,cache/market_breadth/prices/US.CCAQ.json,14363,852494cad62ea5b1650690450365726bcd263571f50bbb010986f145836fc26a,cache/market_breadth/members/nasdaq.json;cache/market_breadth/snapshots/nasdaq.json,Composite business still references; approval required before archive
US.CCB,cache/market_breadth/prices/US.CCB.json,17734,d8a6cee1c4d04dcd47a50251dc089e7d7506b792acba7a08c04b4dd1e40a7a26,cache/market_breadth/members/nasdaq.json;cache/market_breadth/snapshots/nasdaq.json,Composite business still references; approval required before archive
US.CCBG,cache/market_breadth/prices/US.CCBG.json,17693,4c26828033d9e034bbd211c8ac281582c711c6e8f4013f11f5cf9ecaade4292b,cache/market_breadth/members/nasdaq.json;cache/market_breadth/snapshots/nasdaq.json,Composite business still references; approval required before archive
US.CCC,cache/market_breadth/prices/US.CCC.json,17180,5f8659a5ddaf66b29aef494c21eecc9f11ae2e9e2b23c13c7c8301e09be33816,cache/market_breadth/members/nasdaq.json;cache/market_breadth/snapshots/nasdaq.json,Composite business still references; approval required before archive
US.CCCC,cache/market_breadth/prices/US.CCCC.json,17207,16a58b9f3231a9ea570915dedbeca4a05476207e3cb198cda8d5df9d06670610,cache/market_breadth/members/nasdaq.json;cache/market_breadth/snapshots/nasdaq.json,Composite business still references; approval required before archive
US.CCCT,cache/market_breadth/prices/US.CCCT.json,1913,069f41d9e1e9e55582ec4a45ced0bd2922b4c4918ea6edc0417a57afd657880f,cache/market_breadth/members/nasdaq.json;cache/market_breadth/snapshots/nasdaq.json,Composite business still references; approval required before archive
US.CCEC,cache/market_breadth/prices/US.CCEC.json,17667,bef493cb650bb7fee5a3009a41855177adcca61b2823564a0b0294d7e9a846cc,cache/market_breadth/members/nasdaq.json;cache/market_breadth/snapshots/nasdaq.json,Composite business still references; approval required before archive
US.CCG,cache/market_breadth/prices/US.CCG.json,17277,044a79fd2cb6705b3d445690c0f4fa4165cf2d7fd96652eca81742e27299afc4,cache/market_breadth/members/nasdaq.json;cache/market_breadth/snapshots/nasdaq.json,Composite business still references; approval required before archive
US.CCHH,cache/market_breadth/prices/US.CCHH.json,10579,41c700ee47cca20660876e7d332b995b4f6e4aed714859b8f990b48c8b364d9b,cache/market_breadth/members/nasdaq.json;cache/market_breadth/snapshots/nasdaq.json,Composite business still references; approval required before archive
US.CCII,cache/market_breadth/prices/US.CCII.json,12121,146ea8213c81f45c1b35e6c1297c948d6bd896b9f14a283b2fd4c52c30de54ae,cache/market_breadth/members/nasdaq.json;cache/market_breadth/snapshots/nasdaq.json,Composite business still references; approval required before archive
US.CCLD,cache/market_breadth/prices/US.CCLD.json,17213,969fbcabb3719a2b949eee3eb5c2e58cfe8d2bfc697d8eb22c3883322bcda33c,cache/market_breadth/members/nasdaq.json;cache/market_breadth/snapshots/nasdaq.json,Composite business still references; approval required before archive
US.CCNE,cache/market_breadth/prices/US.CCNE.json,17696,15c2a05d5e8a18f381e354cb10d5ad74eb17fd23d9964138f260b59bc39802d5,cache/market_breadth/members/nasdaq.json;cache/market_breadth/snapshots/nasdaq.json,Composite business still references; approval required before archive
US.CCOI,cache/market_breadth/prices/US.CCOI.json,17677,a76bcab1de2b0233ec58bf6160c99d2991c57580566e4cef17f3e924b605303a,cache/market_breadth/members/nasdaq.json;cache/market_breadth/snapshots/nasdaq.json,Composite business still references; approval required before archive
US.CCSI,cache/market_breadth/prices/US.CCSI.json,17637,729d83d4d973341e81659b7439b019554bdedc18cf8a7f9607a931ba99bef30b,cache/market_breadth/members/nasdaq.json;cache/market_breadth/snapshots/nasdaq.json,Composite business still references; approval required before archive
US.CCTG,cache/market_breadth/prices/US.CCTG.json,17133,5f01e139dd592ef7cd37819c5a0f844ae5e7f53103d95d17bbda9b45b2e3b366,cache/market_breadth/members/nasdaq.json;cache/market_breadth/snapshots/nasdaq.json,Composite business still references; approval required before archive
US.CCXI,cache/market_breadth/prices/US.CCXI.json,7103,b92fe49b362111cef42408297437414d738c93065710cfc28c54a0f86f892423,cache/market_breadth/members/nasdaq.json;cache/market_breadth/snapshots/nasdaq.json,Composite business still references; approval required before archive
US.CD,cache/market_breadth/prices/US.CD.json,17236,fccbac840da0194d3166148c11772704ff5d486e7a276537c5a217dc04aae919,cache/market_breadth/members/nasdaq.json;cache/market_breadth/snapshots/nasdaq.json,Composite business still references; approval required before archive
US.CDIO,cache/market_breadth/prices/US.CDIO.json,17218,b25e3b3d069940cc19c0689f25b195a6ec928bca5e8a5e2971b3083b7d17d436,cache/market_breadth/members/nasdaq.json;cache/market_breadth/snapshots/nasdaq.json,Composite business still references; approval required before archive
US.CDLX,cache/market_breadth/prices/US.CDLX.json,17002,c3f3511262b2d0e601a29f9ea2d7e055ba097b0e6f3ab2f5b0615d59db4f95c5,cache/market_breadth/members/nasdaq.json;cache/market_breadth/snapshots/nasdaq.json,Composite business still references; approval required before archive
US.CDNA,cache/market_breadth/prices/US.CDNA.json,17564,4909f3a14ed3b5a1bf5cae2dacde484de273d56f05e06971ce5782ce130c1ef9,cache/market_breadth/members/nasdaq.json;cache/market_breadth/snapshots/nasdaq.json,Composite business still references; approval required before archive
US.CDNL,cache/market_breadth/prices/US.CDNL.json,8770,f3c12580a537002c6be3ca8d936fea85cc37062d4f663e3feb4c3004b162d269,cache/market_breadth/members/nasdaq.json;cache/market_breadth/snapshots/nasdaq.json,Composite business still references; approval required before archive
US.CDRO,cache/market_breadth/prices/US.CDRO.json,17013,b59ba535ad5b58c9ad15b2e6f5e5b388b3f0d252b3de4cba2fd8c30e1d24ca8e,cache/market_breadth/members/nasdaq.json;cache/market_breadth/snapshots/nasdaq.json,Composite business still references; approval required before archive
US.CDT,cache/market_breadth/prices/US.CDT.json,15506,cec62a8c2d95ed0595fec2179c0bc4f11d4209597f10e86f00298039cb4d985a,cache/market_breadth/members/nasdaq.json;cache/market_breadth/snapshots/nasdaq.json,Composite business still references; approval required before archive
US.CDTG,cache/market_breadth/prices/US.CDTG.json,16126,ca01a0266d0b877a0eb8e7d18b8e0da3ff3d363be73c5b5dad75cb0dd8a00bf8,cache/market_breadth/members/nasdaq.json;cache/market_breadth/snapshots/nasdaq.json,Composite business still references; approval required before archive
US.CDW,cache/market_breadth/prices/US.CDW.json,18109,838d2ddf0faecc5e7c39945253f951645c74ef3d29ab67d42547f7f8e946542b,cache/market_breadth/members/nasdaq.json;cache/market_breadth/snapshots/nasdaq.json,Composite business still references; approval required before archive
US.CDXS,cache/market_breadth/prices/US.CDXS.json,17173,ced21c4dfbb0124543f689eb9d744ee788473adf66607b772ccea5db76210755,cache/market_breadth/members/nasdaq.json;cache/market_breadth/snapshots/nasdaq.json,Composite business still references; approval required before archive
US.CDZI,cache/market_breadth/prices/US.CDZI.json,17215,9b8ee2176647b1657ecd8801edcfac4e21b52d3e5dfcb9413287397c8dc97db7,cache/market_breadth/members/nasdaq.json;cache/market_breadth/snapshots/nasdaq.json,Composite business still references; approval required before archive
US.CDZIP,cache/market_breadth/prices/US.CDZIP.json,17600,d932b3b9a31b71838172e91a8bcfc90f930cf53d5b1aa293bbd38e958fd7f416,cache/market_breadth/members/nasdaq.json;cache/market_breadth/snapshots/nasdaq.json,Composite business still references; approval required before archive
US.CECO,cache/market_breadth/prices/US.CECO.json,17542,3838779bdb5854367c260aa75ef690a668920ca1da9ecb404e238f495e27f91e,cache/market_breadth/members/nasdaq.json;cache/market_breadth/snapshots/nasdaq.json,Composite business still references; approval required before archive
US.CELC,cache/market_breadth/prices/US.CELC.json,17591,4913a7c6287c86bfd58e7686246250d8fddd37c1627bc7ccef50fbcc95366ed2,cache/market_breadth/members/nasdaq.json;cache/market_breadth/snapshots/nasdaq.json,Composite business still references; approval required before archive
US.CELH,cache/market_breadth/prices/US.CELH.json,17597,1f334f59f0f5007b97953806ae93648f7d8a6ab8b664d42aa7df94c94543ea7a,cache/market_breadth/members/nasdaq.json;cache/market_breadth/snapshots/nasdaq.json,Composite business still references; approval required before archive
US.CELU,cache/market_breadth/prices/US.CELU.json,17171,893109e4cdb3e2d74b5325079d10418f3fd3db681cec39c63eb02a3ac0fc029f,cache/market_breadth/members/nasdaq.json;cache/market_breadth/snapshots/nasdaq.json,Composite business still references; approval required before archive
US.CELZ,cache/market_breadth/prices/US.CELZ.json,17146,bd8446509de7f4c21ba822380e8ee68be19c46ac82621c49b305781cf8351e74,cache/market_breadth/members/nasdaq.json;cache/market_breadth/snapshots/nasdaq.json,Composite business still references; approval required before archive
US.CENN,cache/market_breadth/prices/US.CENN.json,17387,370b10afb719d3235037456d7adafa8fd510f1cec0a60d99f97d4593eec5dd8e,cache/market_breadth/members/nasdaq.json;cache/market_breadth/snapshots/nasdaq.json,Composite business still references; approval required before archive
US.CENT,cache/market_breadth/prices/US.CENT.json,17633,2d46fe83962fcaf1de2f7e121abbff3badc3f8ba67b060cb442e85e84392e628,cache/market_breadth/members/nasdaq.json;cache/market_breadth/snapshots/nasdaq.json,Composite business still references; approval required before archive
US.CENTA,cache/market_breadth/prices/US.CENTA.json,17628,ca2ca3d36c1cc34f74e4fdd2a3dba1340da4cc7d8685577518e3ffa8c9a9ded9,cache/market_breadth/members/nasdaq.json;cache/market_breadth/snapshots/nasdaq.json,Composite business still references; approval required before archive
US.CENX,cache/market_breadth/prices/US.CENX.json,17638,395f13620b0f0eee1c2898cb93ac3e1f2e94323a48a402b522c68364532cb96a,cache/market_breadth/members/nasdaq.json;cache/market_breadth/snapshots/nasdaq.json,Composite business still references; approval required before archive
US.CEPF,cache/market_breadth/prices/US.CEPF.json,12224,b50490992e95b34abae80689eb15a95d56ad88502755e09357e6b0f2b925fa09,cache/market_breadth/members/nasdaq.json;cache/market_breadth/snapshots/nasdaq.json,Composite business still references; approval required before archive
US.CEPL,cache/market_breadth/prices/US.CEPL.json,2647,82bcbe7b575b8ad8dbfe156c335a046e1e81ac86722eef027e5ada2fb56e66c7,cache/market_breadth/members/nasdaq.json;cache/market_breadth/snapshots/nasdaq.json,Composite business still references; approval required before archive
US.CEPO,cache/market_breadth/prices/US.CEPO.json,17487,12991b319fea723047879017571eab163a5b685a101a0483056ec9fe8f9432c6,cache/market_breadth/members/nasdaq.json;cache/market_breadth/snapshots/nasdaq.json,Composite business still references; approval required before archive
US.CEPS,cache/market_breadth/prices/US.CEPS.json,7236,7fe918dab2830e87e3540ad03557e1c0e7a14673c6c47a5431978d65cd8f3090,cache/market_breadth/members/nasdaq.json;cache/market_breadth/snapshots/nasdaq.json,Composite business still references; approval required before archive
US.CEPV,cache/market_breadth/prices/US.CEPV.json,9847,26e6f22814761adbd0f37428e13314b49596df58a21632c8c29328cb4e96416c,cache/market_breadth/members/nasdaq.json;cache/market_breadth/snapshots/nasdaq.json,Composite business still references; approval required before archive
US.CERS,cache/market_breadth/prices/US.CERS.json,17241,9a1d0e3cbaf12058fea4c062571524bcfb5d925ebfcb1c9efe8080ced7a5df75,cache/market_breadth/members/nasdaq.json;cache/market_breadth/snapshots/nasdaq.json,Composite business still references; approval required before archive
US.CERT,cache/market_breadth/prices/US.CERT.json,17311,f5ada865236eaebb4d59bdf83cf93ddec7fa0ef229ea77a0bcd0c63f466814cf,cache/market_breadth/members/nasdaq.json;cache/market_breadth/snapshots/nasdaq.json,Composite business still references; approval required before archive
US.CETX,cache/market_breadth/prices/US.CETX.json,16231,f7bca2fc002e55d41f426c21225ba0ef9249865af4c043cf985ee6910c146b62,cache/market_breadth/members/nasdaq.json;cache/market_breadth/snapshots/nasdaq.json,Composite business still references; approval required before archive
US.CETY,cache/market_breadth/prices/US.CETY.json,17141,1c9ae225c031b6a0e3f28e600a794d16f391fb0298e7e18475d3b11599bd86f7,cache/market_breadth/members/nasdaq.json;cache/market_breadth/snapshots/nasdaq.json,Composite business still references; approval required before archive
US.CEVA,cache/market_breadth/prices/US.CEVA.json,17657,7972148ae3a61d15a781d066213a745db3ab6ac2c387d6e8abb057fcb9d9ca80,cache/market_breadth/members/nasdaq.json;cache/market_breadth/snapshots/nasdaq.json,Composite business still references; approval required before archive
US.CFBK,cache/market_breadth/prices/US.CFBK.json,17689,470aa1357ae54fcec80f684df4379bad42657aedb53cf387a593cd3150d579c7,cache/market_breadth/members/nasdaq.json;cache/market_breadth/snapshots/nasdaq.json,Composite business still references; approval required before archive
US.CFFI,cache/market_breadth/prices/US.CFFI.json,17693,a2e726a72b9af347c53c90bc8e6b7e4237e727090e2135aca0a140921b22403e,cache/market_breadth/members/nasdaq.json;cache/market_breadth/snapshots/nasdaq.json,Composite business still references; approval required before archive
US.CFFN,cache/market_breadth/prices/US.CFFN.json,17305,f3c2bb8656e182ec4ef7e43a3746d181f749b655c61e31a71e880f0c4b5e16dd,cache/market_breadth/members/nasdaq.json;cache/market_breadth/snapshots/nasdaq.json,Composite business still references; approval required before archive
US.CG,cache/market_breadth/prices/US.CG.json,17705,21c2eec3839b0fb2b1acfaf0c5f37df1473d3e3248c4d9a93d9f2c7285360123,cache/market_breadth/members/nasdaq.json;cache/market_breadth/snapshots/nasdaq.json,Composite business still references; approval required before archive
US.CGC,cache/market_breadth/prices/US.CGC.json,17191,2c517f219ed95bae1dbf4487726932f5e7d9ad9fdc7f42eba1989a38f233d047,cache/market_breadth/members/nasdaq.json;cache/market_breadth/snapshots/nasdaq.json,Composite business still references; approval required before archive
US.CGCF,cache/market_breadth/prices/US.CGCF.json,1438,099e4fb727f9b62ade00f6803eab5141e4dfdfa3c89a65c31d0bd996f8236179,cache/market_breadth/members/nasdaq.json;cache/market_breadth/snapshots/nasdaq.json,Composite business still references; approval required before archive
US.CGEM,cache/market_breadth/prices/US.CGEM.json,17370,cbd2ee61a0bba8e882e9d6eadc9a7b192d9fc691920f528ef14352eb603f9798,cache/market_breadth/members/nasdaq.json;cache/market_breadth/snapshots/nasdaq.json,Composite business still references; approval required before archive
US.CGEN,cache/market_breadth/prices/US.CGEN.json,17272,8f4805535c0d93fd11953a95929bb625664e46452160820e7f973c7564da03ea,cache/market_breadth/members/nasdaq.json;cache/market_breadth/snapshots/nasdaq.json,Composite business still references; approval required before archive
US.CGNT,cache/market_breadth/prices/US.CGNT.json,17230,b7ae319139754f16375df2d26986c3ac6b206e568a96efaa3ab08477b9a0bb32,cache/market_breadth/members/nasdaq.json;cache/market_breadth/snapshots/nasdaq.json,Composite business still references; approval required before archive
US.CGNX,cache/market_breadth/prices/US.CGNX.json,17686,889a46c143d2ab9928f8c103f0b8082d3be2a3dbe045e74b7f1dee12957e4f71,cache/market_breadth/members/nasdaq.json;cache/market_breadth/snapshots/nasdaq.json,Composite business still references; approval required before archive
US.CGON,cache/market_breadth/prices/US.CGON.json,17554,eb47c12dd69349c77d18fa22a24f6fbf3fae585b009aff2bbc475e896a4d681f,cache/market_breadth/members/nasdaq.json;cache/market_breadth/snapshots/nasdaq.json,Composite business still references; approval required before archive
US.CGTL,cache/market_breadth/prices/US.CGTL.json,17092,7a9330e2d502bedca4c6d4a0a2684b62e2d33aae51af08b423d025e8a91c3ee2,cache/market_breadth/members/nasdaq.json;cache/market_breadth/snapshots/nasdaq.json,Composite business still references; approval required before archive
US.CGTX,cache/market_breadth/prices/US.CGTX.json,17266,e1dbbe8a0ffb9e524fc0cea7f2a771fee1254494b7e230a3b43c04970a67a2a6,cache/market_breadth/members/nasdaq.json;cache/market_breadth/snapshots/nasdaq.json,Composite business still references; approval required before archive
US.CHA,cache/market_breadth/prices/US.CHA.json,16014,debb9a1464d14c2fa1f115237a6a1feda29a15cfc57c5b073b9d2d1a66f08325,cache/market_breadth/members/nasdaq.json;cache/market_breadth/snapshots/nasdaq.json,Composite business still references; approval required before archive
US.CHAI,cache/market_breadth/prices/US.CHAI.json,17262,3eafb9ca9c4f038ced312ab9dedf6495a9daa6263792193d85cd1e3d63b865f7,cache/market_breadth/members/nasdaq.json;cache/market_breadth/snapshots/nasdaq.json,Composite business still references; approval required before archive
US.CHAR,cache/market_breadth/prices/US.CHAR.json,17658,7dcaf04fbe1727cdf2ad1af692db74e8aedc50f882d2f31e7a49c188b9d14fd6,cache/market_breadth/members/nasdaq.json;cache/market_breadth/snapshots/nasdaq.json,Composite business still references; approval required before archive
US.CHCI,cache/market_breadth/prices/US.CHCI.json,17439,54d49c9125828e6c8f21b7fe812e3b34c66e4d8fb97c999342301ab28212db45,cache/market_breadth/members/nasdaq.json;cache/market_breadth/snapshots/nasdaq.json,Composite business still references; approval required before archive
US.CHCO,cache/market_breadth/prices/US.CHCO.json,18074,072fb5f5ace1614a4fb80e1db16eb3b6ee4b32aac200152c676677b4fc3b62b5,cache/market_breadth/members/nasdaq.json;cache/market_breadth/snapshots/nasdaq.json,Composite business still references; approval required before archive
US.CHDN,cache/market_breadth/prices/US.CHDN.json,17772,84c71108216bb626264e4aa88ce28f76b984c4279c72cf3e27e2530efe6d7c4f,cache/market_breadth/members/nasdaq.json;cache/market_breadth/snapshots/nasdaq.json,Composite business still references; approval required before archive
US.CHEC,cache/market_breadth/prices/US.CHEC.json,9673,0200906d339340ddf57438a2ba3b7f00d647b4172a1c9043aeb768e4135170cb,cache/market_breadth/members/nasdaq.json;cache/market_breadth/snapshots/nasdaq.json,Composite business still references; approval required before archive
US.CHEF,cache/market_breadth/prices/US.CHEF.json,17647,1248aa7d78547f797a5748bc906f1a3c644c282b2b4fe271d5a16acbeaef7e69,cache/market_breadth/members/nasdaq.json;cache/market_breadth/snapshots/nasdaq.json,Composite business still references; approval required before archive
US.CHGA,cache/market_breadth/prices/US.CHGA.json,17042,a49ad769393518e186538091ab141c0eedad5ba9d5e1f6cc65f7d4d03e4192ce,cache/market_breadth/members/nasdaq.json;cache/market_breadth/snapshots/nasdaq.json,Composite business still references; approval required before archive
US.CHKP,cache/market_breadth/prices/US.CHKP.json,17963,b501abc83356fa94b0d93a1b2d15de5792dcdf7719122227b6a7286fa9993534,cache/market_breadth/members/nasdaq.json;cache/market_breadth/snapshots/nasdaq.json,Composite business still references; approval required before archive
US.CHMG,cache/market_breadth/prices/US.CHMG.json,17694,0cd13def46a3a617a2c6739c42b5eb54e7082ae428813553d49df3bd57d19209,cache/market_breadth/members/nasdaq.json;cache/market_breadth/snapshots/nasdaq.json,Composite business still references; approval required before archive
US.CHNR,cache/market_breadth/prices/US.CHNR.json,17221,6a15c63c30f082d2df103a49668d55ab1c6a3bf009e37115fa14bec86a733b8f,cache/market_breadth/members/nasdaq.json;cache/market_breadth/snapshots/nasdaq.json,Composite business still references; approval required before archive
US.CHPG,cache/market_breadth/prices/US.CHPG.json,14107,b4de9e5a87c0720c6535d9719fd8a211726a8d86ce1668003b7dc643f4ddcabd,cache/market_breadth/members/nasdaq.json;cache/market_breadth/snapshots/nasdaq.json,Composite business still references; approval required before archive
US.CHR,cache/market_breadth/prices/US.CHR.json,15740,87fc26c4462f4c47abd117241daa5aabbd1a5440adcfc99e8a46e706f881787a,cache/market_breadth/members/nasdaq.json;cache/market_breadth/snapshots/nasdaq.json,Composite business still references; approval required before archive
US.CHRD,cache/market_breadth/prices/US.CHRD.json,17894,009cfd10d1b18cc01dbe60c1632d1fe284ea56dd30a66818a856afbddb4f7880,cache/market_breadth/members/nasdaq.json;cache/market_breadth/snapshots/nasdaq.json,Composite business still references; approval required before archive
US.CHRN,cache/market_breadth/prices/US.CHRN.json,17294,aefc1524afb6d4609a162eefac391d578dcedb4a3a75d39a887b3fb4758eb338,cache/market_breadth/members/nasdaq.json;cache/market_breadth/snapshots/nasdaq.json,Composite business still references; approval required before archive
US.CHRS,cache/market_breadth/prices/US.CHRS.json,17290,bd3c4d65b9cc1ef6bc2a661e08e756f530a8a5b81ac05858406001cb3ee869e6,cache/market_breadth/members/nasdaq.json;cache/market_breadth/snapshots/nasdaq.json,Composite business still references; approval required before archive
US.CHRW,cache/market_breadth/prices/US.CHRW.json,18005,8f014d4377b00bb85d968d2d948fb182747e600242e79d29e163a54f9d39ef7c,cache/market_breadth/members/nasdaq.json;cache/market_breadth/snapshots/nasdaq.json,Composite business still references; approval required before archive
US.CHSN,cache/market_breadth/prices/US.CHSN.json,15414,8866c734370fac4e07feac212297438bb60cc95223bcf57dba266802d2552792,cache/market_breadth/members/nasdaq.json;cache/market_breadth/snapshots/nasdaq.json,Composite business still references; approval required before archive
US.CHTR,cache/market_breadth/prices/US.CHTR.json,17864,06754bf1cf161e19a96a7a83de620825b8a66ebe5155235b2bd529d3c858be0f,cache/market_breadth/members/nasdaq.json;cache/market_breadth/snapshots/nasdaq.json,Composite business still references; approval required before archive
US.CHYM,cache/market_breadth/prices/US.CHYM.json,14315,6d268cec0d56f4a0f7b4c57ccf323e2f8c308bbca16add550246513e36e271ff,cache/market_breadth/members/nasdaq.json;cache/market_breadth/snapshots/nasdaq.json,Composite business still references; approval required before archive
US.CIFR,cache/market_breadth/prices/US.CIFR.json,17465,18111d9bc6990f43ab62d0ca53815c597e75457277afd31fa62611ffc863be4c,cache/market_breadth/members/nasdaq.json;cache/market_breadth/snapshots/nasdaq.json,Composite business still references; approval required before archive
US.CIGI,cache/market_breadth/prices/US.CIGI.json,18018,c8aea93b5d1d647fd8b317851b433684e0ed53c1c96fa5cf54b2ab245af10d34,cache/market_breadth/members/nasdaq.json;cache/market_breadth/snapshots/nasdaq.json,Composite business still references; approval required before archive
US.CIGL,cache/market_breadth/prices/US.CIGL.json,1816,755f6344280f223e2b614a2a939db254556ca74d0b161a33be15ec9dbe4e1497,cache/market_breadth/members/nasdaq.json;cache/market_breadth/snapshots/nasdaq.json,Composite business still references; approval required before archive
US.CIIT,cache/market_breadth/prices/US.CIIT.json,16970,9154f6b6a2124afed9d6fac6059e5e62b1434d3f29bed6d2de8358e255cd60fc,cache/market_breadth/members/nasdaq.json;cache/market_breadth/snapshots/nasdaq.json,Composite business still references; approval required before archive
US.CINF,cache/market_breadth/prices/US.CINF.json,18105,f220afa3200d5c7fe8447cdccaa2a5c740670d9616805e8dec6f20e98c91d551,cache/market_breadth/members/nasdaq.json;cache/market_breadth/snapshots/nasdaq.json,Composite business still references; approval required before archive
US.CING,cache/market_breadth/prices/US.CING.json,17233,ebc6e586b9cef51a78c73f6f3241b10f13f3c5062b79f6f0f33fa8ac6f9aaa00,cache/market_breadth/members/nasdaq.json;cache/market_breadth/snapshots/nasdaq.json,Composite business still references; approval required before archive
US.CIRC,cache/market_breadth/prices/US.CIRC.json,17207,96ef4674ec39f311231bb9bd8a8823ed5d20f96733e85f7df7381a95a152cbe6,cache/market_breadth/members/nasdaq.json;cache/market_breadth/snapshots/nasdaq.json,Composite business still references; approval required before archive
US.CISO,cache/market_breadth/prices/US.CISO.json,17269,c0e0f34d5a7bc7199837ed70de5da7979e68ae253485f991299af7313d39a6d5,cache/market_breadth/members/nasdaq.json;cache/market_breadth/snapshots/nasdaq.json,Composite business still references; approval required before archive
US.CISS,cache/market_breadth/prices/US.CISS.json,16442,ac01e765ccce412b7ce2ea69595e4837a20cb6035c7b3249ab5fea465a24698c,cache/market_breadth/members/nasdaq.json;cache/market_breadth/snapshots/nasdaq.json,Composite business still references; approval required before archive
US.CIVB,cache/market_breadth/prices/US.CIVB.json,17712,0c14f17433470597927bf072463aef2529d6d7dc4b8061e3b2c7e18ba82bbef2,cache/market_breadth/members/nasdaq.json;cache/market_breadth/snapshots/nasdaq.json,Composite business still references; approval required before archive
US.CJMB,cache/market_breadth/prices/US.CJMB.json,17166,9359b1fc6c93b56a24c84794d6a12f1a3c6e66bc2387d253b293bee3127f736c,cache/market_breadth/members/nasdaq.json;cache/market_breadth/snapshots/nasdaq.json,Composite business still references; approval required before archive
US.CLAR,cache/market_breadth/prices/US.CLAR.json,17276,2e26caf5d80662f26c7b514ca544a314045f40230a796202c52f8d96f9ee3ca3,cache/market_breadth/members/nasdaq.json;cache/market_breadth/snapshots/nasdaq.json,Composite business still references; approval required before archive
US.CLBK,cache/market_breadth/prices/US.CLBK.json,17347,9ecbea72ddf051638088d383ecc8183de1b79564afb82afd26c8efbb87297372,cache/market_breadth/members/nasdaq.json;cache/market_breadth/snapshots/nasdaq.json,Composite business still references; approval required before archive
US.CLBT,cache/market_breadth/prices/US.CLBT.json,17508,39bc34757f460b6aac589b4126023b8e49c829c4d41ea0c8b4943b3e3290bd7d,cache/market_breadth/members/nasdaq.json;cache/market_breadth/snapshots/nasdaq.json,Composite business still references; approval required before archive
US.CLDX,cache/market_breadth/prices/US.CLDX.json,17593,dfa35266c7d8b035e69f65dbb89beadf148b121cf64edf6e9411098185008328,cache/market_breadth/members/nasdaq.json;cache/market_breadth/snapshots/nasdaq.json,Composite business still references; approval required before archive
US.CLFD,cache/market_breadth/prices/US.CLFD.json,17570,e80683f7fca328dd5f3d43b79d4dffd112f0fd50295949652269a18c41797e51,cache/market_breadth/members/nasdaq.json;cache/market_breadth/snapshots/nasdaq.json,Composite business still references; approval required before archive
US.CLGN,cache/market_breadth/prices/US.CLGN.json,17026,d7180209d099a64707db8d436f1ce1085a509885870f9b5a78108eeb5cf6f8c6,cache/market_breadth/members/nasdaq.json;cache/market_breadth/snapshots/nasdaq.json,Composite business still references; approval required before archive
US.CLIK,cache/market_breadth/prices/US.CLIK.json,17276,1cd8fdb53ebc0ebf57aa7d797c8d165b5f4f2472f3840c42b0bdf22497cd5310,cache/market_breadth/members/nasdaq.json;cache/market_breadth/snapshots/nasdaq.json,Composite business still references; approval required before archive
US.CLIR,cache/market_breadth/prices/US.CLIR.json,16800,9a368662bd37186a6ef19aefa3aa6368f4df62f01d2895bd62721f5fae3aea8b,cache/market_breadth/members/nasdaq.json;cache/market_breadth/snapshots/nasdaq.json,Composite business still references; approval required before archive
US.CLLS,cache/market_breadth/prices/US.CLLS.json,17174,b518dc45a2733ce9e3b07910f40776decf7f5683b78e2e9a41ee7c717870e6c9,cache/market_breadth/members/nasdaq.json;cache/market_breadth/snapshots/nasdaq.json,Composite business still references; approval required before archive
US.CLMB,cache/market_breadth/prices/US.CLMB.json,17671,0f72c6e537d931d0c5bb066ff25ed3058281f6d9386ab38544fc827e882cc55f,cache/market_breadth/members/nasdaq.json;cache/market_breadth/snapshots/nasdaq.json,Composite business still references; approval required before archive
US.CLMT,cache/market_breadth/prices/US.CLMT.json,17525,b99e35853e10ef30c3ce027d31a6a33750c23d60a71cbbacaec1c4a6d10b19a1,cache/market_breadth/members/nasdaq.json;cache/market_breadth/snapshots/nasdaq.json,Composite business still references; approval required before archive
US.CLNE,cache/market_breadth/prices/US.CLNE.json,17252,f608b4560af07721a65c75dd40bc36ec123169ba77c20dd6a099bacbae7902a3,cache/market_breadth/members/nasdaq.json;cache/market_breadth/snapshots/nasdaq.json,Composite business still references; approval required before archive
US.CLNN,cache/market_breadth/prices/US.CLNN.json,17168,65a9649bf32c5c13ab2976f8135fec81c1fd5e2a60b43a9b681ef162da43612d,cache/market_breadth/members/nasdaq.json;cache/market_breadth/snapshots/nasdaq.json,Composite business still references; approval required before archive
US.CLOV,cache/market_breadth/prices/US.CLOV.json,17160,b2442e86c400f7b06cc967e819f6d8e5c63d8371023e2b84f3ae30e8e0976f24,cache/market_breadth/members/nasdaq.json;cache/market_breadth/snapshots/nasdaq.json,Composite business still references; approval required before archive
US.CLPS,cache/market_breadth/prices/US.CLPS.json,17162,9167c4493aa9b642cddebed88ac28c1607234a14cc47fa0a949e2dbd6619813e,cache/market_breadth/members/nasdaq.json;cache/market_breadth/snapshots/nasdaq.json,Composite business still references; approval required before archive
US.CLPT,cache/market_breadth/prices/US.CLPT.json,17544,ff37a6579fe42c520d5313743d0f808056823eee1576e1d4c85fa2d9805aa087,cache/market_breadth/members/nasdaq.json;cache/market_breadth/snapshots/nasdaq.json,Composite business still references; approval required before archive
US.CLRB,cache/market_breadth/prices/US.CLRB.json,17028,858459c589e4ba28636576df5e44148d25d0cfbccef6a5630f0308fe0c26a60f,cache/market_breadth/members/nasdaq.json;cache/market_breadth/snapshots/nasdaq.json,Composite business still references; approval required before archive
US.CLRO,cache/market_breadth/prices/US.CLRO.json,17073,ae3aa59dc72c6eb651365ca7abae88e14f79a8f966d81daa85422c2b230be7b8,cache/market_breadth/members/nasdaq.json;cache/market_breadth/snapshots/nasdaq.json,Composite business still references; approval required before archive
US.CLSK,cache/market_breadth/prices/US.CLSK.json,17473,b5ad7c0225dffc1523f600e1571cc8a68d84a735e078c2921bcf80d9a5365b9f,cache/market_breadth/members/nasdaq.json;cache/market_breadth/snapshots/nasdaq.json,Composite business still references; approval required before archive
US.CLST,cache/market_breadth/prices/US.CLST.json,17247,d23d25c9eec0d09a391288e48ed81b2daab5c49f814b68eb90d295be760c602e,cache/market_breadth/members/nasdaq.json;cache/market_breadth/snapshots/nasdaq.json,Composite business still references; approval required before archive
US.CLWT,cache/market_breadth/prices/US.CLWT.json,17180,8eda6ce0487d020d961ee9a9ea9c8c9d97e6ab609afdc07e048552cb45355b37,cache/market_breadth/members/nasdaq.json;cache/market_breadth/snapshots/nasdaq.json,Composite business still references; approval required before archive
US.CLYM,cache/market_breadth/prices/US.CLYM.json,17249,bc5579f5062dfae0fb3e0194d847efe47715f71f568769cf8a38e7a781462e3d,cache/market_breadth/members/nasdaq.json;cache/market_breadth/snapshots/nasdaq.json,Composite business still references; approval required before archive
US.CMCO,cache/market_breadth/prices/US.CMCO.json,17688,0aaa8013ab913c711d61465660a20e1133fc4d649d1785adf9d37364b7152e82,cache/market_breadth/members/nasdaq.json;cache/market_breadth/snapshots/nasdaq.json,Composite business still references; approval required before archive
US.CMCT,cache/market_breadth/prices/US.CMCT.json,15330,51ef30bfaf5735b86cece7a202f10eade8c3002077b3ce209fd1b8756e1ebef3,cache/market_breadth/members/nasdaq.json;cache/market_breadth/snapshots/nasdaq.json,Composite business still references; approval required before archive
US.CME,cache/market_breadth/prices/US.CME.json,18104,d95c5d2589049f05c167fd4761e2edf69f591d648c8ae58cc3fe2472b918e323,cache/market_breadth/members/nasdaq.json;cache/market_breadth/snapshots/nasdaq.json,Composite business still references; approval required before archive
US.CMMB,cache/market_breadth/prices/US.CMMB.json,17219,9013f0e2fd8eb12234b5028fa690dd10a1d79dab9cdf9d8b4cdd24336973e995,cache/market_breadth/members/nasdaq.json;cache/market_breadth/snapshots/nasdaq.json,Composite business still references; approval required before archive
US.CMND,cache/market_breadth/prices/US.CMND.json,16441,43717689cb1da22a39fd458270fc48a79e767e29357b7e240da9638e33c4d20f,cache/market_breadth/members/nasdaq.json;cache/market_breadth/snapshots/nasdaq.json,Composite business still references; approval required before archive
US.CMPR,cache/market_breadth/prices/US.CMPR.json,17534,bc30a635e7b45146177d6f629a11b5eae3eb1673a977dc97ab1787e192028de1,cache/market_breadth/members/nasdaq.json;cache/market_breadth/snapshots/nasdaq.json,Composite business still references; approval required before archive
US.CMPS,cache/market_breadth/prices/US.CMPS.json,17330,c353efa5c4dbc1f8017ef5e812cfc4ba2b6708ea11f8d287b6ae610da3bfc0f3,cache/market_breadth/members/nasdaq.json;cache/market_breadth/snapshots/nasdaq.json,Composite business still references; approval required before archive
US.CMPX,cache/market_breadth/prices/US.CMPX.json,17230,08120ef40d9c2503936f2d62d51a6b9822e61b57ac5e1a0e50c1b30b18a024fd,cache/market_breadth/members/nasdaq.json;cache/market_breadth/snapshots/nasdaq.json,Composite business still references; approval required before archive
US.CMRC,cache/market_breadth/prices/US.CMRC.json,17238,066273517f16f803ce0c7fd72ad52c7e4254d8542264115ea9f3a3a906ee8d8f,cache/market_breadth/members/nasdaq.json;cache/market_breadth/snapshots/nasdaq.json,Composite business still references; approval required before archive
US.CMTL,cache/market_breadth/prices/US.CMTL.json,17153,cec5890495d712e27e8de1c93175358db0ae9cae0e18b4185f913699cff9e925,cache/market_breadth/members/nasdaq.json;cache/market_breadth/snapshots/nasdaq.json,Composite business still references; approval required before archive
US.CMTV,cache/market_breadth/prices/US.CMTV.json,17704,11adc983e71da8de3a15984f2446c3588584a369ec6a2eefb1a3cdc4530a3370,cache/market_breadth/members/nasdaq.json;cache/market_breadth/snapshots/nasdaq.json,Composite business still references; approval required before archive
US.CNCK,cache/market_breadth/prices/US.CNCK.json,17155,ba0c25deac9f3715b30decc5b1b044dd56cef8540b86541fdc70a230a2c83cbc,cache/market_breadth/members/nasdaq.json;cache/market_breadth/snapshots/nasdaq.json,Composite business still references; approval required before archive
US.CNDT,cache/market_breadth/prices/US.CNDT.json,17141,37893897cbdcfad0f2926e0c5e18b90c5d7073003d8895d148e0f7c05be19d0b,cache/market_breadth/members/nasdaq.json;cache/market_breadth/snapshots/nasdaq.json,Composite business still references; approval required before archive
US.CNET,cache/market_breadth/prices/US.CNET.json,17149,89cd46412dcfdfa2222cd6863c264857ffc2a805699a05a86d55f69190c71dd8,cache/market_breadth/members/nasdaq.json;cache/market_breadth/snapshots/nasdaq.json,Composite business still references; approval required before archive
US.CNEY,cache/market_breadth/prices/US.CNEY.json,17071,8762b1112427ce5dc9721f843ddc191ec54076e4825c254e44d27f7e9b3fb704,cache/market_breadth/members/nasdaq.json;cache/market_breadth/snapshots/nasdaq.json,Composite business still references; approval required before archive
US.CNL,cache/market_breadth/prices/US.CNL.json,17494,84f3c12f330191b3920540a2bc24c64496ab9ba7b238a3bc2b0820cc2d0a3ccd,cache/market_breadth/members/nasdaq.json;cache/market_breadth/snapshots/nasdaq.json,Composite business still references; approval required before archive
US.CNOB,cache/market_breadth/prices/US.CNOB.json,17685,94fa6240826caae1b07044a1118ac2454a95ea938d746b28bf6a2059cf416380,cache/market_breadth/members/nasdaq.json;cache/market_breadth/snapshots/nasdaq.json,Composite business still references; approval required before archive
US.CNSP,cache/market_breadth/prices/US.CNSP.json,17239,ebc03db12d83890d9772be62e54f4389aae9332cbf90cc781881047f5c11f4b9,cache/market_breadth/members/nasdaq.json;cache/market_breadth/snapshots/nasdaq.json,Composite business still references; approval required before archive
US.CNSY,cache/market_breadth/prices/US.CNSY.json,15106,6f74a19faacab977172e5ef67933f85242177b02dff8d3a0d5d9b241872cac14,cache/market_breadth/members/nasdaq.json;cache/market_breadth/snapshots/nasdaq.json,Composite business still references; approval required before archive
US.CNTB,cache/market_breadth/prices/US.CNTB.json,17233,71064de784bcf3875bfb5b54eadf5ccff780ffcf9472d838e0eec22549029bf2,cache/market_breadth/members/nasdaq.json;cache/market_breadth/snapshots/nasdaq.json,Composite business still references; approval required before archive
US.CNTN,cache/market_breadth/prices/US.CNTN.json,17256,6c1d8dc24d40197b03535e50d1391c12ca1b0bb68f5f1086266e265ec10ac70e,cache/market_breadth/members/nasdaq.json;cache/market_breadth/snapshots/nasdaq.json,Composite business still references; approval required before archive
US.CNTX,cache/market_breadth/prices/US.CNTX.json,17241,a62cec428621df9781a6e5de745170d442b41054535bf855730c8028c1634791,cache/market_breadth/members/nasdaq.json;cache/market_breadth/snapshots/nasdaq.json,Composite business still references; approval required before archive
US.CNTY,cache/market_breadth/prices/US.CNTY.json,17187,5b02d39a1c337bc82cb1fada77551e40d26b296cef9402d3b6528777fd0c5da8,cache/market_breadth/members/nasdaq.json;cache/market_breadth/snapshots/nasdaq.json,Composite business still references; approval required before archive
US.CNVS,cache/market_breadth/prices/US.CNVS.json,17186,85bf5d9f33df4c5bb66095abee6d0155cffe8009e78503769386fbe14c9ec961,cache/market_breadth/members/nasdaq.json;cache/market_breadth/snapshots/nasdaq.json,Composite business still references; approval required before archive
US.CNXC,cache/market_breadth/prices/US.CNXC.json,17684,0de1308476efa2bd355e74594a024685302b30fc05783c853e543e9f4d021158,cache/market_breadth/members/nasdaq.json;cache/market_breadth/snapshots/nasdaq.json,Composite business still references; approval required before archive
US.CNXN,cache/market_breadth/prices/US.CNXN.json,17694,6e7de0fe6087c820bb043f908b2b70b084e6cc4b125530d3b84838dab0285457,cache/market_breadth/members/nasdaq.json;cache/market_breadth/snapshots/nasdaq.json,Composite business still references; approval required before archive
US.CNXU,cache/market_breadth/prices/US.CNXU.json,3964,d564469aebe1943ea5d6b246cb6733caca58ccd79c7afffe270311cbbf735546,cache/market_breadth/members/nasdaq.json;cache/market_breadth/snapshots/nasdaq.json,Composite business still references; approval required before archive
US.COAG,cache/market_breadth/prices/US.COAG.json,4576,a19b35368703de824916d1c26cca2e05e9a68c5100dcfee5a173fc6ea597e176,cache/market_breadth/members/nasdaq.json;cache/market_breadth/snapshots/nasdaq.json,Composite business still references; approval required before archive
US.COCH,cache/market_breadth/prices/US.COCH.json,17280,1c67d1f2ba07e1d013ed076aea772812950038db408566bf0259c36bf689639a,cache/market_breadth/members/nasdaq.json;cache/market_breadth/snapshots/nasdaq.json,Composite business still references; approval required before archive
US.COCO,cache/market_breadth/prices/US.COCO.json,17581,dac795a55381c74c0ef968aec81173a29d43d344279fdd3949b5988a793807ce,cache/market_breadth/members/nasdaq.json;cache/market_breadth/snapshots/nasdaq.json,Composite business still references; approval required before archive
US.COCP,cache/market_breadth/prices/US.COCP.json,17184,50a45e9b27b8c40d1d1391bb80f3346ab3867db4a909d2305b04bc06028e3dbe,cache/market_breadth/members/nasdaq.json;cache/market_breadth/snapshots/nasdaq.json,Composite business still references; approval required before archive
US.CODA,cache/market_breadth/prices/US.CODA.json,17310,a8801d73eb6e6f3458528583bd8ca003abcea3e1dadd96d2bc24931b57601a6f,cache/market_breadth/members/nasdaq.json;cache/market_breadth/snapshots/nasdaq.json,Composite business still references; approval required before archive
US.CODX,cache/market_breadth/prices/US.CODX.json,17227,e3b0b3a4a5fd30b6e9f047c81a011a3c3bc61703cf5ded43b87c4fba8d318445,cache/market_breadth/members/nasdaq.json;cache/market_breadth/snapshots/nasdaq.json,Composite business still references; approval required before archive
US.COFS,cache/market_breadth/prices/US.COFS.json,17703,c78e88d4c2fa7e8814948d38f7f00a43fcc3d72a9d86b5c6374f2a6775b163eb,cache/market_breadth/members/nasdaq.json;cache/market_breadth/snapshots/nasdaq.json,Composite business still references; approval required before archive
US.COGT,cache/market_breadth/prices/US.COGT.json,17489,725dbc609fb777e54e601194815780eb44540631dd89dae4373b27ff61acf2ce,cache/market_breadth/members/nasdaq.json;cache/market_breadth/snapshots/nasdaq.json,Composite business still references; approval required before archive
US.COHU,cache/market_breadth/prices/US.COHU.json,17558,48f02aeda7b51cb4accdcec05f20eaa6b008b7eb3d86367bcd896f88648499fd,cache/market_breadth/members/nasdaq.json;cache/market_breadth/snapshots/nasdaq.json,Composite business still references; approval required before archive
US.COIN,cache/market_breadth/prices/US.COIN.json,17945,ea7489be5b6e61587cbe21b49cc1a5bc67f3fde655b6f1ab3c464d5ec0e8eff0,cache/market_breadth/members/nasdaq.json;cache/market_breadth/snapshots/nasdaq.json,Composite business still references; approval required before archive
US.COKE,cache/market_breadth/prices/US.COKE.json,18091,0383b96cfcabc0091ef45c6f9ae166602d864a3016f4160f32f0b63643f96d2a,cache/market_breadth/members/nasdaq.json;cache/market_breadth/snapshots/nasdaq.json,Composite business still references; approval required before archive
US.COLA,cache/market_breadth/prices/US.COLA.json,16855,c69955536445d10e68b9dbe68a94d2b5eb7d50517e697b3d05419acdfeb69bab,cache/market_breadth/members/nasdaq.json;cache/market_breadth/snapshots/nasdaq.json,Composite business still references; approval required before archive
US.COLB,cache/market_breadth/prices/US.COLB.json,17710,2dd5f7c17a9c52b8b7c731f181665a370c2bedc788abeb5bd054b8491f91063b,cache/market_breadth/members/nasdaq.json;cache/market_breadth/snapshots/nasdaq.json,Composite business still references; approval required before archive
US.COLL,cache/market_breadth/prices/US.COLL.json,17570,560a3e89544de3845f96c85a73d253213a2abb30dd340593e4c28e9981eb4d61,cache/market_breadth/members/nasdaq.json;cache/market_breadth/snapshots/nasdaq.json,Composite business still references; approval required before archive
US.COLM,cache/market_breadth/prices/US.COLM.json,17707,3bf9570589805a945f6510ac9184dbeb9816697c3cd7516a7406cd2a961538d8,cache/market_breadth/members/nasdaq.json;cache/market_breadth/snapshots/nasdaq.json,Composite business still references; approval required before archive
US.COO,cache/market_breadth/prices/US.COO.json,17561,7b159f4ae691ad92dadbdd4aa9b625167ea49fec180c98f88bb27040b9de2f88,cache/market_breadth/members/nasdaq.json;cache/market_breadth/snapshots/nasdaq.json,Composite business still references; approval required before archive
US.COOT,cache/market_breadth/prices/US.COOT.json,17263,2e142f17daaf8bc5f4519449daca32f88f58f862d01f7450dc8f844934eef50a,cache/market_breadth/members/nasdaq.json;cache/market_breadth/snapshots/nasdaq.json,Composite business still references; approval required before archive
US.CORT,cache/market_breadth/prices/US.CORT.json,17649,d9a0ef41313c93ce95a42f26aabd867ee528fb2c85dda2bc3e001e35645cbefe,cache/market_breadth/members/nasdaq.json;cache/market_breadth/snapshots/nasdaq.json,Composite business still references; approval required before archive
US.CORZ,cache/market_breadth/prices/US.CORZ.json,17561,64baf430aec40d95d6311b0dfa19dea266c1fa4006c61474057d9dacf6f7cfd9,cache/market_breadth/members/nasdaq.json;cache/market_breadth/snapshots/nasdaq.json,Composite business still references; approval required before archive
US.COSM,cache/market_breadth/prices/US.COSM.json,17279,e9f76d3b963179dc800c0d95064a13a65d970c32e28e264c087deb1ca5cb9451,cache/market_breadth/members/nasdaq.json;cache/market_breadth/snapshots/nasdaq.json,Composite business still references; approval required before archive
US.COYA,cache/market_breadth/prices/US.COYA.json,17188,5b8c956a6b2d6639f311d9d7f3880480eb644115dc421fc11a75b884126e689c,cache/market_breadth/members/nasdaq.json;cache/market_breadth/snapshots/nasdaq.json,Composite business still references; approval required before archive
US.CPB,cache/market_breadth/prices/US.CPB.json,17689,cfc56f89c03b5bb01f12831a1371fa0fab3181ac9b68b5631ff364305631890a,cache/market_breadth/members/nasdaq.json;cache/market_breadth/snapshots/nasdaq.json,Composite business still references; approval required before archive
US.CPBI,cache/market_breadth/prices/US.CPBI.json,17343,0cf7361439c881e58e10978944118511d496b59548cca9f93ae431450d58fc19,cache/market_breadth/members/nasdaq.json;cache/market_breadth/snapshots/nasdaq.json,Composite business still references; approval required before archive
US.CPHC,cache/market_breadth/prices/US.CPHC.json,17662,32885d0f9d5301f9046d4d513993d9e585f4ae4d362a7f2b6bf47e6fec429a99,cache/market_breadth/members/nasdaq.json;cache/market_breadth/snapshots/nasdaq.json,Composite business still references; approval required before archive
US.CPIX,cache/market_breadth/prices/US.CPIX.json,17298,36125690066116ca770e339ca37abee9eafbace783eeab9de194c60fc68e7846,cache/market_breadth/members/nasdaq.json;cache/market_breadth/snapshots/nasdaq.json,Composite business still references; approval required before archive
US.CPOP,cache/market_breadth/prices/US.CPOP.json,17127,bac96958db5a9a56f497d91368331bb1540433cf992c3f84a775acaae0bc60b5,cache/market_breadth/members/nasdaq.json;cache/market_breadth/snapshots/nasdaq.json,Composite business still references; approval required before archive
US.CPSH,cache/market_breadth/prices/US.CPSH.json,17184,a949479ebb3c9296c7bd2ff62c1127652ae12c9587be0b5fba44539655259f19,cache/market_breadth/members/nasdaq.json;cache/market_breadth/snapshots/nasdaq.json,Composite business still references; approval required before archive
US.CPSS,cache/market_breadth/prices/US.CPSS.json,17201,7ff490a6c455f4f2c19c00cd631cefc30e728bf54d36bc5762b9938b58078468,cache/market_breadth/members/nasdaq.json;cache/market_breadth/snapshots/nasdaq.json,Composite business still references; approval required before archive
US.CRAC,cache/market_breadth/prices/US.CRAC.json,8858,c98a958d33c799f27e71acdfe4392000c12785a7da0e1b700427aebc56c7882c,cache/market_breadth/members/nasdaq.json;cache/market_breadth/snapshots/nasdaq.json,Composite business still references; approval required before archive
US.CRAI,cache/market_breadth/prices/US.CRAI.json,18093,f2ec34532426af91d27bc276eca6171bffb90c136aa05ab44a37eed3dd2b2221,cache/market_breadth/members/nasdaq.json;cache/market_breadth/snapshots/nasdaq.json,Composite business still references; approval required before archive
US.CRAN,cache/market_breadth/prices/US.CRAN.json,7847,7f5ec99acb539a12a41b1077120dea8c14d8ba85ce1e54d2f62adb1e1ce3630f,cache/market_breadth/members/nasdaq.json;cache/market_breadth/snapshots/nasdaq.json,Composite business still references; approval required before archive
US.CRAQ,cache/market_breadth/prices/US.CRAQ.json,14047,e46e57099ed2b0d906991605487d0cb958d49446fae229b06f68b6475edb4153,cache/market_breadth/members/nasdaq.json;cache/market_breadth/snapshots/nasdaq.json,Composite business still references; approval required before archive
US.CRBP,cache/market_breadth/prices/US.CRBP.json,17226,1fd02092b8874db0bbaccef92a461e7dea0eb8640345ee4675f1f8c8b65e08e4,cache/market_breadth/members/nasdaq.json;cache/market_breadth/snapshots/nasdaq.json,Composite business still references; approval required before archive
US.CRBU,cache/market_breadth/prices/US.CRBU.json,17212,350e34225983b51d469bf1558b0354d8fc9331b756412e602a0665ff72649d09,cache/market_breadth/members/nasdaq.json;cache/market_breadth/snapshots/nasdaq.json,Composite business still references; approval required before archive
US.CRCT,cache/market_breadth/prices/US.CRCT.json,17297,43c4e589a5ddd6e23ac4946361803ef0dbfbcee70309ba6684f93b08d2c6122e,cache/market_breadth/members/nasdaq.json;cache/market_breadth/snapshots/nasdaq.json,Composite business still references; approval required before archive
US.CRDF,cache/market_breadth/prices/US.CRDF.json,17206,caf9f41248189732233fee3b035249ae97a1acf4d95d35fc359404c3dacc2acb,cache/market_breadth/members/nasdaq.json;cache/market_breadth/snapshots/nasdaq.json,Composite business still references; approval required before archive
US.CRDL,cache/market_breadth/prices/US.CRDL.json,17195,b330d24ca608b8de3c4d5be630e6cc1e7b243748e495ba19ab880d0ee67696b6,cache/market_breadth/members/nasdaq.json;cache/market_breadth/snapshots/nasdaq.json,Composite business still references; approval required before archive
US.CRDO,cache/market_breadth/prices/US.CRDO.json,17926,d5e46bf91af134e884983d9325e01137192fe74bc18be04080859f02adbd9e38,cache/market_breadth/members/nasdaq.json;cache/market_breadth/snapshots/nasdaq.json,Composite business still references; approval required before archive
US.CRE,cache/market_breadth/prices/US.CRE.json,12895,ee77a5ff85bcdcfa6cc7726f44380327acd85d31a14e4e3062b92c57d5c34350,cache/market_breadth/members/nasdaq.json;cache/market_breadth/snapshots/nasdaq.json,Composite business still references; approval required before archive
US.CRESY,cache/market_breadth/prices/US.CRESY.json,17593,5de279633da44bb5bc9ab525ef2334caeecd63db547321338bd67192f030ffa6,cache/market_breadth/members/nasdaq.json;cache/market_breadth/snapshots/nasdaq.json,Composite business still references; approval required before archive
US.CREX,cache/market_breadth/prices/US.CREX.json,17165,4e7d73dc4ea711a3eda53704478fc0061c691714ecc583e0383fb9774a5ef421,cache/market_breadth/members/nasdaq.json;cache/market_breadth/snapshots/nasdaq.json,Composite business still references; approval required before archive
US.CRGO,cache/market_breadth/prices/US.CRGO.json,17153,489f34db02181816183783ff4801fae13094c71562d1ff0d183790a91ac9020d,cache/market_breadth/members/nasdaq.json;cache/market_breadth/snapshots/nasdaq.json,Composite business still references; approval required before archive
US.CRIS,cache/market_breadth/prices/US.CRIS.json,16904,771ee757c8aad8d4dd8d8237f3fde6065375452817a5e4f1ecb559f819253962,cache/market_breadth/members/nasdaq.json;cache/market_breadth/snapshots/nasdaq.json,Composite business still references; approval required before archive
US.CRMD,cache/market_breadth/prices/US.CRMD.json,17386,0e3bb2af11e24fbdd2278829177e85f5e0df9c06e8a238a7544cfd4fce7ca1d3,cache/market_breadth/members/nasdaq.json;cache/market_breadth/snapshots/nasdaq.json,Composite business still references; approval required before archive
US.CRML,cache/market_breadth/prices/US.CRML.json,17314,35286740163321940d7cf7b7319b4281bc67b9f34e9a4cafdedf10f2663985ed,cache/market_breadth/members/nasdaq.json;cache/market_breadth/snapshots/nasdaq.json,Composite business still references; approval required before archive
US.CRMT,cache/market_breadth/prices/US.CRMT.json,17508,33d7a83ec2ecef75beb99a4f5d1c6a0f44e91a53d7437fd49eac28139cb6015e,cache/market_breadth/members/nasdaq.json;cache/market_breadth/snapshots/nasdaq.json,Composite business still references; approval required before archive
US.CRNC,cache/market_breadth/prices/US.CRNC.json,17305,454b3cdc17ef94c3283629716f40e8eaec2fac81bca21ddf96cfcbd74fa5aba8,cache/market_breadth/members/nasdaq.json;cache/market_breadth/snapshots/nasdaq.json,Composite business still references; approval required before archive
US.CRNT,cache/market_breadth/prices/US.CRNT.json,17200,e4c704d74855bb49251b49b2918ee3b564e0e1f3561692ad3192a8d85de65322,cache/market_breadth/members/nasdaq.json;cache/market_breadth/snapshots/nasdaq.json,Composite business still references; approval required before archive
US.CRON,cache/market_breadth/prices/US.CRON.json,17162,ad911d67d0dd1b517256cc5c176ef84a1b4592a43991384e76cac961ee12ed1f,cache/market_breadth/members/nasdaq.json;cache/market_breadth/snapshots/nasdaq.json,Composite business still references; approval required before archive
US.CROX,cache/market_breadth/prices/US.CROX.json,17761,f531661060e888cc6e124ab26005ca44faede0e1a23ee32c72bd307be57a9b44,cache/market_breadth/members/nasdaq.json;cache/market_breadth/snapshots/nasdaq.json,Composite business still references; approval required before archive
US.CRSP,cache/market_breadth/prices/US.CRSP.json,17616,d47f646008be517822f7f839cb209d6246b5a1664d87594f69367d7da4057df9,cache/market_breadth/members/nasdaq.json;cache/market_breadth/snapshots/nasdaq.json,Composite business still references; approval required before archive
US.CRSR,cache/market_breadth/prices/US.CRSR.json,17300,79c0a6063d51f92777598e7fd33bfc2a8acf33768655c4486533ebf967e5cd3a,cache/market_breadth/members/nasdaq.json;cache/market_breadth/snapshots/nasdaq.json,Composite business still references; approval required before archive
US.CRTO,cache/market_breadth/prices/US.CRTO.json,17602,573c3fa32bcd27356f6868b79eb8b7ab584017b87411b044b507347ff706d37e,cache/market_breadth/members/nasdaq.json;cache/market_breadth/snapshots/nasdaq.json,Composite business still references; approval required before archive
US.CRUS,cache/market_breadth/prices/US.CRUS.json,18018,f80db5720051d6e2b6a8ab34095a1e9412900e9c42203bcd74f43e1eab41f6ba,cache/market_breadth/members/nasdaq.json;cache/market_breadth/snapshots/nasdaq.json,Composite business still references; approval required before archive
US.CRVL,cache/market_breadth/prices/US.CRVL.json,17687,0fca959e74858f4cd32e82167bf21b3753f5dc0b43aefe0b1d1a4cfc0a45db19,cache/market_breadth/members/nasdaq.json;cache/market_breadth/snapshots/nasdaq.json,Composite business still references; approval required before archive
US.CRVO,cache/market_breadth/prices/US.CRVO.json,17217,a760f4c5125a127bfca1ea2a121593c7cc681e3fbe561c9c1121b459177b0ac4,cache/market_breadth/members/nasdaq.json;cache/market_breadth/snapshots/nasdaq.json,Composite business still references; approval required before archive
US.CRVS,cache/market_breadth/prices/US.CRVS.json,17294,0ce10a1f1ee1d52b14414d6fb12ae1e2d9b26224510e13d7a8121966543c373c,cache/market_breadth/members/nasdaq.json;cache/market_breadth/snapshots/nasdaq.json,Composite business still references; approval required before archive
US.CRWS,cache/market_breadth/prices/US.CRWS.json,17314,98650eb8f5e32d90767765190f30555ba83d2cfab5b9d4b4d015187c33da8dc1,cache/market_breadth/members/nasdaq.json;cache/market_breadth/snapshots/nasdaq.json,Composite business still references; approval required before archive
US.CSAI,cache/market_breadth/prices/US.CSAI.json,17274,169a58ac40dde3ba4e2d07f6888b79711a8f151121e6ec0b06bd3c658462eb2f,cache/market_breadth/members/nasdaq.json;cache/market_breadth/snapshots/nasdaq.json,Composite business still references; approval required before archive
US.CSBR,cache/market_breadth/prices/US.CSBR.json,17127,df6ffc7648ed5e99bb0c7a4b1c4734c8bcc712dcb1ee3bd57bd38fdd01d8ae9f,cache/market_breadth/members/nasdaq.json;cache/market_breadth/snapshots/nasdaq.json,Composite business still references; approval required before archive
US.CSGP,cache/market_breadth/prices/US.CSGP.json,17569,539d53cb449b2565757de2acf52e285f07d040ed7b3a9e2351a528161fa9b4ef,cache/market_breadth/members/nasdaq.json;cache/market_breadth/snapshots/nasdaq.json,Composite business still references; approval required before archive
US.CSHR,cache/market_breadth/prices/US.CSHR.json,5431,12603d935ee0ebec41d1fe133df429e3e9bd5ba441ba5ae31fa5892c9a6d7d0e,cache/market_breadth/members/nasdaq.json;cache/market_breadth/snapshots/nasdaq.json,Composite business still references; approval required before archive
US.CSIQ,cache/market_breadth/prices/US.CSIQ.json,17536,5fd0a41df995f8953743b6c57ef7082b7144ddaef257db2c4726fa0d24fb13b3,cache/market_breadth/members/nasdaq.json;cache/market_breadth/snapshots/nasdaq.json,Composite business still references; approval required before archive
US.CSPI,cache/market_breadth/prices/US.CSPI.json,17541,2bb62e8fabbf6b9a1890dbe987ec363b8c477ba22c4a16e806175883ab756d66,cache/market_breadth/members/nasdaq.json;cache/market_breadth/snapshots/nasdaq.json,Composite business still references; approval required before archive
US.CSTE,cache/market_breadth/prices/US.CSTE.json,17151,a43aeafd1e4f16a236da8ffed3b48d08f841c79fd6d4ef7a401ea7a7829907c4,cache/market_breadth/members/nasdaq.json;cache/market_breadth/snapshots/nasdaq.json,Composite business still references; approval required before archive
US.CSTL,cache/market_breadth/prices/US.CSTL.json,17572,3fabe869fc5676800719cad5b110a31543a767d2410c91ae4422036f4a29cdce,cache/market_breadth/members/nasdaq.json;cache/market_breadth/snapshots/nasdaq.json,Composite business still references; approval required before archive
US.CSWC,cache/market_breadth/prices/US.CSWC.json,17710,ffd36c7f326a95dea0a98e527faf9d99fc84bad228680a0bfc86fbc614ecb815,cache/market_breadth/members/nasdaq.json;cache/market_breadth/snapshots/nasdaq.json,Composite business still references; approval required before archive
US.CTAA,cache/market_breadth/prices/US.CTAA.json,5020,d681cb54e0f9f57308781c374562d5c5ff97667a56358fb6ff6e2e51348ea5a5,cache/market_breadth/members/nasdaq.json;cache/market_breadth/snapshots/nasdaq.json,Composite business still references; approval required before archive
US.CTBI,cache/market_breadth/prices/US.CTBI.json,17704,7fa261f70dd642f3e990759140453f1f5b3c3678569fc3045eb053b99af28d3e,cache/market_breadth/members/nasdaq.json;cache/market_breadth/snapshots/nasdaq.json,Composite business still references; approval required before archive
US.CTKB,cache/market_breadth/prices/US.CTKB.json,17230,fd5c7b8af3fb09d23804d83008df67db1c103bda8ab2f4d684134d5d75453681,cache/market_breadth/members/nasdaq.json;cache/market_breadth/snapshots/nasdaq.json,Composite business still references; approval required before archive
US.CTMX,cache/market_breadth/prices/US.CTMX.json,17136,3fee4a6df8f6a2cad1ef5c39750ce73513c5c406176283e9cce09bacac829d9d,cache/market_breadth/members/nasdaq.json;cache/market_breadth/snapshots/nasdaq.json,Composite business still references; approval required before archive
US.CTNM,cache/market_breadth/prices/US.CTNM.json,17386,b5adcab0f9ad3361affa874a06935b721dcc924ff1213d4923d55f7431ff7bfa,cache/market_breadth/members/nasdaq.json;cache/market_breadth/snapshots/nasdaq.json,Composite business still references; approval required before archive
US.CTNT,cache/market_breadth/prices/US.CTNT.json,15198,cc9b7d153781837be28e54e49e9b6dc694a73e7ea634b039265b6d363f483e6f,cache/market_breadth/members/nasdaq.json;cache/market_breadth/snapshots/nasdaq.json,Composite business still references; approval required before archive
US.CTOR,cache/market_breadth/prices/US.CTOR.json,17195,662378369c00cce19d995684f0148e093322fe31b2a0f6ad0ab5991bec7a06c3,cache/market_breadth/members/nasdaq.json;cache/market_breadth/snapshots/nasdaq.json,Composite business still references; approval required before archive
US.CTRM,cache/market_breadth/prices/US.CTRM.json,17254,841ae253a79cded60e9b086bbbd774248c77397ec291e17ea724ac4ade1cdc07,cache/market_breadth/members/nasdaq.json;cache/market_breadth/snapshots/nasdaq.json,Composite business still references; approval required before archive
US.CTRN,cache/market_breadth/prices/US.CTRN.json,17580,0acaac3d9a57426d19e5edb5ec9d9f82115842113bfc15be650881c180c58566,cache/market_breadth/members/nasdaq.json;cache/market_breadth/snapshots/nasdaq.json,Composite business still references; approval required before archive
US.CTSH,cache/market_breadth/prices/US.CTSH.json,17687,f77c55150e0f392a419b66d1c65d7e228f992348f3cf1e5efbdcbadec23f8713,cache/market_breadth/members/nasdaq.json;cache/market_breadth/snapshots/nasdaq.json,Composite business still references; approval required before archive
US.CTSO,cache/market_breadth/prices/US.CTSO.json,17180,1cf54e9039039161aa7ff90a6c0d42674f13f66273ce9cb3221b29cdf56cdb76,cache/market_breadth/members/nasdaq.json;cache/market_breadth/snapshots/nasdaq.json,Composite business still references; approval required before archive
US.CTW,cache/market_breadth/prices/US.CTW.json,12385,02486c159b407d21c28675f9c426d61ec75c41eaf30ae241c43276c88f98c785,cache/market_breadth/members/nasdaq.json;cache/market_breadth/snapshots/nasdaq.json,Composite business still references; approval required before archive
US.CTXR,cache/market_breadth/prices/US.CTXR.json,17251,11e1252c0a6358cd6c095ae1d8a968b3f45c065a91c17bb0f533690f0e260b69,cache/market_breadth/members/nasdaq.json;cache/market_breadth/snapshots/nasdaq.json,Composite business still references; approval required before archive
US.CUB,cache/market_breadth/prices/US.CUB.json,17393,a6d5cc254441d1ec003d94a5b8d0444eee3e683ae43a43bd22555c95740db93a,cache/market_breadth/members/nasdaq.json;cache/market_breadth/snapshots/nasdaq.json,Composite business still references; approval required before archive
US.CUE,cache/market_breadth/prices/US.CUE.json,17452,822ec94014ff41382d5f8c7d0fb3388f40a1528e23ce05ce03efcf5d9c6134fa,cache/market_breadth/members/nasdaq.json;cache/market_breadth/snapshots/nasdaq.json,Composite business still references; approval required before archive
US.CULP,cache/market_breadth/prices/US.CULP.json,17138,22e108f6ac79e7204aa81ffee89dd40009c93b01d3c89a3eae1dd1251831436a,cache/market_breadth/members/nasdaq.json;cache/market_breadth/snapshots/nasdaq.json,Composite business still references; approval required before archive
US.CUPR,cache/market_breadth/prices/US.CUPR.json,15898,4d6ff9eabede4b86c10b1532cea12d1b58c2920123c465ce44fb99deb5bef0b2,cache/market_breadth/members/nasdaq.json;cache/market_breadth/snapshots/nasdaq.json,Composite business still references; approval required before archive
US.CURI,cache/market_breadth/prices/US.CURI.json,17319,d26c224c0e7dbadd5be0ebbc99f60f344178b633651c30556416dc9acb4f57d5,cache/market_breadth/members/nasdaq.json;cache/market_breadth/snapshots/nasdaq.json,Composite business still references; approval required before archive
US.CURR,cache/market_breadth/prices/US.CURR.json,17211,a52709405311dfc004d0b13c3e770f8eb7c710543428cd4e34e6ae560193232b,cache/market_breadth/members/nasdaq.json;cache/market_breadth/snapshots/nasdaq.json,Composite business still references; approval required before archive
US.CURX,cache/market_breadth/prices/US.CURX.json,11785,bccd517abe92c85b255af89635dc7682fcaf1e9327d49f9f69482aa5206d1e4c,cache/market_breadth/members/nasdaq.json;cache/market_breadth/snapshots/nasdaq.json,Composite business still references; approval required before archive
US.CUVL,cache/market_breadth/prices/US.CUVL.json,17296,cab9141ef321852e90565ff583a16697e13c439e62b1168eab58887a1309b592,cache/market_breadth/members/nasdaq.json;cache/market_breadth/snapshots/nasdaq.json,Composite business still references; approval required before archive
US.CV,cache/market_breadth/prices/US.CV.json,13373,3bdbf1784bd8d71f46e4147d1b1d96f9fa8e74e8d8913ee7eb4ebded151457f4,cache/market_breadth/members/nasdaq.json;cache/market_breadth/snapshots/nasdaq.json,Composite business still references; approval required before archive
US.CVBF,cache/market_breadth/prices/US.CVBF.json,17672,73305f3b6226d7cd42cdda3bc455daadb5f6b08eedbc1bc40a9093583e8fc46a,cache/market_breadth/members/nasdaq.json;cache/market_breadth/snapshots/nasdaq.json,Composite business still references; approval required before archive
US.CVCO,cache/market_breadth/prices/US.CVCO.json,18009,9631f382cb434f032f9f07ee650a5a453d3debaf65e44259a154e5c460b3ac56,cache/market_breadth/members/nasdaq.json;cache/market_breadth/snapshots/nasdaq.json,Composite business still references; approval required before archive
US.CVGI,cache/market_breadth/prices/US.CVGI.json,17187,78db24f0606da14a12e5a70c32137a8c620f0cd3bfd44fb9ce3798e6047f03d1,cache/market_breadth/members/nasdaq.json;cache/market_breadth/snapshots/nasdaq.json,Composite business still references; approval required before archive
US.CVKD,cache/market_breadth/prices/US.CVKD.json,17237,7fc85040a494f31bc1d6473e6e9e3582ac5cd3eda54c289c94bda34a1c16c041,cache/market_breadth/members/nasdaq.json;cache/market_breadth/snapshots/nasdaq.json,Composite business still references; approval required before archive
US.CVLT,cache/market_breadth/prices/US.CVLT.json,17926,3448ab9bb73b320ff56054afc8829e29c03b22523c587bcd3e42a44fc7b54f63,cache/market_breadth/members/nasdaq.json;cache/market_breadth/snapshots/nasdaq.json,Composite business still references; approval required before archive
US.CVRX,cache/market_breadth/prices/US.CVRX.json,17222,d8563073efcac2b48526d97ad46c32927e9b91bcedb874132d1f3b6980a6c75f,cache/market_breadth/members/nasdaq.json;cache/market_breadth/snapshots/nasdaq.json,Composite business still references; approval required before archive
US.CVV,cache/market_breadth/prices/US.CVV.json,17228,b084a370c3b831dbfd044b1b7165e32d36b51bb744435026bd4910414f77b07a,cache/market_breadth/members/nasdaq.json;cache/market_breadth/snapshots/nasdaq.json,Composite business still references; approval required before archive
US.CWBC,cache/market_breadth/prices/US.CWBC.json,17684,34342e29dea7a10d6c698e9e7d855a8049d3f10988dcfd13943033acd5d81449,cache/market_breadth/members/nasdaq.json;cache/market_breadth/snapshots/nasdaq.json,Composite business still references; approval required before archive
US.CWCO,cache/market_breadth/prices/US.CWCO.json,17672,29189b387e4b01be18ad8b8aadf5e176900faf26d195137e44d101c0b9ad0722,cache/market_breadth/members/nasdaq.json;cache/market_breadth/snapshots/nasdaq.json,Composite business still references; approval required before archive
US.CWD,cache/market_breadth/prices/US.CWD.json,17173,b7f39397390b19c33205df2c46a6c8eb9bcbb4ae5dc9de4495c6cc4514a042f7,cache/market_breadth/members/nasdaq.json;cache/market_breadth/snapshots/nasdaq.json,Composite business still references; approval required before archive
US.CWST,cache/market_breadth/prices/US.CWST.json,17738,acce205502b393d88e5fba2bff3f46f1a1b36dc5609437339f9102f7177fab5e,cache/market_breadth/members/nasdaq.json;cache/market_breadth/snapshots/nasdaq.json,Composite business still references; approval required before archive
US.CXAI,cache/market_breadth/prices/US.CXAI.json,16231,442b6f1624fbf7df382857c9c5f4273062ebc8fc4343404b469714ae4578fa65,cache/market_breadth/members/nasdaq.json;cache/market_breadth/snapshots/nasdaq.json,Composite business still references; approval required before archive
US.CXDO,cache/market_breadth/prices/US.CXDO.json,17179,cd4637179b637822aeb647b03834b3b0d9583df523c82ab95a2e5706b04082e6,cache/market_breadth/members/nasdaq.json;cache/market_breadth/snapshots/nasdaq.json,Composite business still references; approval required before archive
US.CXII,cache/market_breadth/prices/US.CXII.json,3223,671e52c99cead99bddc2b308a2e7cf06be710e4056b152aaf3911ade5d2e6df2,cache/market_breadth/members/nasdaq.json;cache/market_breadth/snapshots/nasdaq.json,Composite business still references; approval required before archive
US.CYAB,cache/market_breadth/prices/US.CYAB.json,5574,cc03548c385414e9a649835519947854499910970b5424506e6c764c29c9c3c5,cache/market_breadth/members/nasdaq.json;cache/market_breadth/snapshots/nasdaq.json,Composite business still references; approval required before archive
US.CYCU,cache/market_breadth/prices/US.CYCU.json,17595,589f0601fbb35c1502827c938fbbe001633d9a0968cf2cbc3e18af2632a7397a,cache/market_breadth/members/nasdaq.json;cache/market_breadth/snapshots/nasdaq.json,Composite business still references; approval required before archive
US.CYN,cache/market_breadth/prices/US.CYN.json,17230,8d68d385e2a08ee748696e6edf562e2a5fa25830a05fe020ca4dbf3a6873e6d3,cache/market_breadth/members/nasdaq.json;cache/market_breadth/snapshots/nasdaq.json,Composite business still references; approval required before archive
US.CYPH,cache/market_breadth/prices/US.CYPH.json,17286,602bf795dea816e25add0e72d311d64f10e0fb955c95957cc4a99bfb77cd37eb,cache/market_breadth/members/nasdaq.json;cache/market_breadth/snapshots/nasdaq.json,Composite business still references; approval required before archive
US.CYRX,cache/market_breadth/prices/US.CYRX.json,17292,768be19983dab92a9af0d2d88c0ddd6cb5c715b9c7b1d601c44c37a21742dfbd,cache/market_breadth/members/nasdaq.json;cache/market_breadth/snapshots/nasdaq.json,Composite business still references; approval required before archive
US.CYTK,cache/market_breadth/prices/US.CYTK.json,17561,86c28f6edba3d053006f4ffe4f7d62b244a835c62a11d2ac66affd6ee9d29993,cache/market_breadth/members/nasdaq.json;cache/market_breadth/snapshots/nasdaq.json,Composite business still references; approval required before archive
US.CZFS,cache/market_breadth/prices/US.CZFS.json,17710,6033376547b283a60a04998d00d78a426d469f568ffcd78b92e43a2fbef1f8d4,cache/market_breadth/members/nasdaq.json;cache/market_breadth/snapshots/nasdaq.json,Composite business still references; approval required before archive
US.CZNC,cache/market_breadth/prices/US.CZNC.json,17680,cde6f8433c9301dec678feaead2b1fbe3d27506df5f5f014aef0c17b2fdf8729,cache/market_breadth/members/nasdaq.json;cache/market_breadth/snapshots/nasdaq.json,Composite business still references; approval required before archive
US.CZR,cache/market_breadth/prices/US.CZR.json,17482,7ceac9b8547cc201a8ba8aeb62c26b613e5ffbfbd457d314e3d33b0c873f4287,cache/market_breadth/members/nasdaq.json;cache/market_breadth/snapshots/nasdaq.json,Composite business still references; approval required before archive
US.CZWI,cache/market_breadth/prices/US.CZWI.json,17722,54692f10da23b10dfac319102089c30355cfb78dc36b033de544be010c39578a,cache/market_breadth/members/nasdaq.json;cache/market_breadth/snapshots/nasdaq.json,Composite business still references; approval required before archive
US.DAAQ,cache/market_breadth/prices/US.DAAQ.json,14646,817534bbaf7ca47bb0b88040b2e24b92a5c17e2a5483a550a833b88f9e055b28,cache/market_breadth/members/nasdaq.json;cache/market_breadth/snapshots/nasdaq.json,Composite business still references; approval required before archive
US.DAIC,cache/market_breadth/prices/US.DAIC.json,12681,e5c00ba071e600241e73714aabf08e5b53a895fdb5b812582e1cbd16924208c2,cache/market_breadth/members/nasdaq.json;cache/market_breadth/snapshots/nasdaq.json,Composite business still references; approval required before archive
US.DAIO,cache/market_breadth/prices/US.DAIO.json,17237,fec19f6bb0b4ef440d469cd9babe00a60c15fe85fb90219849ae796fecd58dfc,cache/market_breadth/members/nasdaq.json;cache/market_breadth/snapshots/nasdaq.json,Composite business still references; approval required before archive
US.DAKT,cache/market_breadth/prices/US.DAKT.json,17625,a9392524c3246e7de191d4535bb4febb02dd9432d1b95b6dc05a9feaea6b70fd,cache/market_breadth/members/nasdaq.json;cache/market_breadth/snapshots/nasdaq.json,Composite business still references; approval required before archive
US.DARE,cache/market_breadth/prices/US.DARE.json,17220,ae1d50969c9417fba11f728cf4d4b9ef37c0f9b222b74bb5925c22b457af6e9b,cache/market_breadth/members/nasdaq.json;cache/market_breadth/snapshots/nasdaq.json,Composite business still references; approval required before archive
US.DAVE,cache/market_breadth/prices/US.DAVE.json,17880,29886320e80c87ca6518e80de6ee21d8aa89c2c5e42890a19ac632b748a2cefa,cache/market_breadth/members/nasdaq.json;cache/market_breadth/snapshots/nasdaq.json,Composite business still references; approval required before archive
US.DBCA,cache/market_breadth/prices/US.DBCA.json,6483,2f8a1ba2fd6b69733e2c2f3bdfe0e4475c746ac2720ffb95cd54269dd7c3f231,cache/market_breadth/members/nasdaq.json;cache/market_breadth/snapshots/nasdaq.json,Composite business still references; approval required before archive
US.DBGI,cache/market_breadth/prices/US.DBGI.json,16812,b168ce178c2d112119934d1ba247514a51dd35cd83bdcfd1e34cb6f0e37cfa86,cache/market_breadth/members/nasdaq.json;cache/market_breadth/snapshots/nasdaq.json,Composite business still references; approval required before archive
US.DBVT,cache/market_breadth/prices/US.DBVT.json,17269,7c766056c3af26bafcd852f4c1d0cd7aa21d68f4e6d5cd0828380549d85e7a64,cache/market_breadth/members/nasdaq.json;cache/market_breadth/snapshots/nasdaq.json,Composite business still references; approval required before archive
US.DBX,cache/market_breadth/prices/US.DBX.json,17621,5092590b13a92c2f9a6a2f25de7b78d0790d908b8e45c2750412df91f3d76a2b,cache/market_breadth/members/nasdaq.json;cache/market_breadth/snapshots/nasdaq.json,Composite business still references; approval required before archive
US.DCBO,cache/market_breadth/prices/US.DCBO.json,17599,32eee629390445b534d867febf89f5c75080a08831c6be7de901fbbaf7301f26,cache/market_breadth/members/nasdaq.json;cache/market_breadth/snapshots/nasdaq.json,Composite business still references; approval required before archive
US.DCGO,cache/market_breadth/prices/US.DCGO.json,17273,2d6a17b3f5b6118e8206f0353af1129f5600098df8987d6ea7619c561fd831b3,cache/market_breadth/members/nasdaq.json;cache/market_breadth/snapshots/nasdaq.json,Composite business still references; approval required before archive
US.DCOY,cache/market_breadth/prices/US.DCOY.json,17385,27575dbacea94253ece14f6acb40f2dc920d4a74741d20a282c191dea1bd72be,cache/market_breadth/members/nasdaq.json;cache/market_breadth/snapshots/nasdaq.json,Composite business still references; approval required before archive
US.DCTH,cache/market_breadth/prices/US.DCTH.json,17500,6e26867b700e1b98ee768668069f4b625ca0c5b04c4e1e2aa5b53036eb84407e,cache/market_breadth/members/nasdaq.json;cache/market_breadth/snapshots/nasdaq.json,Composite business still references; approval required before archive
US.DCX,cache/market_breadth/prices/US.DCX.json,16663,ea305c950c339ab3f5802608095f600644ba85d82488174368a9029ce66fddcb,cache/market_breadth/members/nasdaq.json;cache/market_breadth/snapshots/nasdaq.json,Composite business still references; approval required before archive
US.DDI,cache/market_breadth/prices/US.DDI.json,17199,e0cb46a7f0f33fd2caf01b3eb866d75f4533c59857cc818b0b8ee9cae4e8ad92,cache/market_breadth/members/nasdaq.json;cache/market_breadth/snapshots/nasdaq.json,Composite business still references; approval required before archive
US.DEFT,cache/market_breadth/prices/US.DEFT.json,17231,035910d6b8d734793f9c6e942a300ab5cbd56618651c3ac0f3a4b9b31bd07030,cache/market_breadth/members/nasdaq.json;cache/market_breadth/snapshots/nasdaq.json,Composite business still references; approval required before archive
US.DERM,cache/market_breadth/prices/US.DERM.json,17115,cc8f58b8063c3b638454babd5054a322b93c5c7fd13b03ea0c2f2e81f1b51df5,cache/market_breadth/members/nasdaq.json;cache/market_breadth/snapshots/nasdaq.json,Composite business still references; approval required before archive
US.DETX,cache/market_breadth/prices/US.DETX.json,4871,e9ef5d504af295c5630082f03ffbf16acb6016800d7cf72a2587b4bd9252d240,cache/market_breadth/members/nasdaq.json;cache/market_breadth/snapshots/nasdaq.json,Composite business still references; approval required before archive
US.DFDV,cache/market_breadth/prices/US.DFDV.json,17312,9761e2dfc98e5af0a33b968e8c76c9ebe48dac58895357e9ab724af081ba262d,cache/market_breadth/members/nasdaq.json;cache/market_breadth/snapshots/nasdaq.json,Composite business still references; approval required before archive
US.DFLI,cache/market_breadth/prices/US.DFLI.json,17063,c6ed34a9f5c23c7be07b2e9a22b85a46c05351339e689e76588348c6e30c87ac,cache/market_breadth/members/nasdaq.json;cache/market_breadth/snapshots/nasdaq.json,Composite business still references; approval required before archive
US.DFNS,cache/market_breadth/prices/US.DFNS.json,15181,088b2de1f94818ade46ad44e6b95a2e1581daec7e5e181569da68772b97e2cbb,cache/market_breadth/members/nasdaq.json;cache/market_breadth/snapshots/nasdaq.json,Composite business still references; approval required before archive
US.DFSC,cache/market_breadth/prices/US.DFSC.json,17131,2cc7c1462d93f6c0635170586b05c3f4469e8698c199b6b6c8f63cbc79d0184c,cache/market_breadth/members/nasdaq.json;cache/market_breadth/snapshots/nasdaq.json,Composite business still references; approval required before archive
US.DFTX,cache/market_breadth/prices/US.DFTX.json,17424,f5d3bf4b5528ef2316dc8f370e94bd071a1d3deaa866ed8dec51390eb51e40e8,cache/market_breadth/members/nasdaq.json;cache/market_breadth/snapshots/nasdaq.json,Composite business still references; approval required before archive
US.DGICA,cache/market_breadth/prices/US.DGICA.json,17660,ea528dbc2143abc4ff38af93a92c781f4ca204ac06aa610c650e2d300a0195a2,cache/market_breadth/members/nasdaq.json;cache/market_breadth/snapshots/nasdaq.json,Composite business still references; approval required before archive
US.DGICB,cache/market_breadth/prices/US.DGICB.json,17676,689d7701dd648f058ef3fdfe6afd27cbea0a174cdd920552415d4c71dec87b92,cache/market_breadth/members/nasdaq.json;cache/market_breadth/snapshots/nasdaq.json,Composite business still references; approval required before archive
US.DGII,cache/market_breadth/prices/US.DGII.json,17555,9e41873914b61217f41f4052d9e5d63924ec7926a2d10c528e9c415d769e5cac,cache/market_breadth/members/nasdaq.json;cache/market_breadth/snapshots/nasdaq.json,Composite business still references; approval required before archive
US.DGNX,cache/market_breadth/prices/US.DGNX.json,17216,18cab315b342109c3ec0c167075353299a5a6e297e1598a10689718819a8b2cb,cache/market_breadth/members/nasdaq.json;cache/market_breadth/snapshots/nasdaq.json,Composite business still references; approval required before archive
US.DGXX,cache/market_breadth/prices/US.DGXX.json,17156,d1d986f88379a8177a79e2a0534fadce43f6dde4c490850a7f6b95abb6048fe5,cache/market_breadth/members/nasdaq.json;cache/market_breadth/snapshots/nasdaq.json,Composite business still references; approval required before archive
US.DH,cache/market_breadth/prices/US.DH.json,17221,39e1d0d064e072f5078c5d9b44e1a33b04aa0c89941bfe983d098d9f50126207,cache/market_breadth/members/nasdaq.json;cache/market_breadth/snapshots/nasdaq.json,Composite business still references; approval required before archive
US.DHC,cache/market_breadth/prices/US.DHC.json,17284,c03dab9bcb9bbe833f9d10b3d7b0af97e41af01788f23b6406f3eac71af8264d,cache/market_breadth/members/nasdaq.json;cache/market_breadth/snapshots/nasdaq.json,Composite business still references; approval required before archive
US.DIBS,cache/market_breadth/prices/US.DIBS.json,17166,086993dfe22bf275ecd2d8c49653b1cf2e2700922f1e7e95d1b0ff56e3d44357,cache/market_breadth/members/nasdaq.json;cache/market_breadth/snapshots/nasdaq.json,Composite business still references; approval required before archive
US.DIOD,cache/market_breadth/prices/US.DIOD.json,17595,d4921c347bab75f31b8e95b6b3957818e3bf205568aa86a1215efd34dbf48765,cache/market_breadth/members/nasdaq.json;cache/market_breadth/snapshots/nasdaq.json,Composite business still references; approval required before archive
US.DJCO,cache/market_breadth/prices/US.DJCO.json,17885,f889d5e3f2a16e86e2d1f462e5e1552073cda4496ba8dc51626f7a5d193c80ef,cache/market_breadth/members/nasdaq.json;cache/market_breadth/snapshots/nasdaq.json,Composite business still references; approval required before archive
US.DJT,cache/market_breadth/prices/US.DJT.json,17502,ab0e36466f75f90bffb4109bd262ce67535fc54090f7d09a0cada21114cb0c93,cache/market_breadth/members/nasdaq.json;cache/market_breadth/snapshots/nasdaq.json,Composite business still references; approval required before archive
US.DKI,cache/market_breadth/prices/US.DKI.json,12305,8f9091e7c4991b97142b86d237d327afce768ed9a910731f91784cc1edcca12b,cache/market_breadth/members/nasdaq.json;cache/market_breadth/snapshots/nasdaq.json,Composite business still references; approval required before archive
US.DKNG,cache/market_breadth/prices/US.DKNG.json,17598,3a3acd1a239f65d4de873bd55dbbea2103674a9e4d125d383262240276f896ab,cache/market_breadth/members/nasdaq.json;cache/market_breadth/snapshots/nasdaq.json,Composite business still references; approval required before archive
US.DLHC,cache/market_breadth/prices/US.DLHC.json,17014,d02dfd17436c4059e40146e6e94995f241228b1d9473773de23d3d0cbd8da72f,cache/market_breadth/members/nasdaq.json;cache/market_breadth/snapshots/nasdaq.json,Composite business still references; approval required before archive
US.DLO,cache/market_breadth/prices/US.DLO.json,17644,3425b4afc3b2cecc54ba4e04e87fa1afebfdb976072a924feeb8a821c75cdd9b,cache/market_breadth/members/nasdaq.json;cache/market_breadth/snapshots/nasdaq.json,Composite business still references; approval required before archive
US.DLPN,cache/market_breadth/prices/US.DLPN.json,17254,3d6b31709ae1e8204083c60e2fb5a9ca5be5e7b083d6567528eac7cde6b24021,cache/market_breadth/members/nasdaq.json;cache/market_breadth/snapshots/nasdaq.json,Composite business still references; approval required before archive
US.DLTH,cache/market_breadth/prices/US.DLTH.json,17216,c81d0efdad6222781428aacfe51733ab63a847db504585f5ff04d103b068772e,cache/market_breadth/members/nasdaq.json;cache/market_breadth/snapshots/nasdaq.json,Composite business still references; approval required before archive
US.DLTR,cache/market_breadth/prices/US.DLTR.json,17781,f2133fcc69d91339f3eec9d6a5480a96cc0375c35662e74d1780d25a66bc306d,cache/market_breadth/members/nasdaq.json;cache/market_breadth/snapshots/nasdaq.json,Composite business still references; approval required before archive
US.DLXY,cache/market_breadth/prices/US.DLXY.json,11176,9d30a9d65ee8eac88f6cc99e7197df0170d14dd8360754accd2ff8d9140d9a08,cache/market_breadth/members/nasdaq.json;cache/market_breadth/snapshots/nasdaq.json,Composite business still references; approval required before archive
US.DMAA,cache/market_breadth/prices/US.DMAA.json,17581,f1755ca73ad8a8ace0d66d9fb95e6add587e3e76584c0d5fcf4a0091fcad2f4b,cache/market_breadth/members/nasdaq.json;cache/market_breadth/snapshots/nasdaq.json,Composite business still references; approval required before archive
US.DMAC,cache/market_breadth/prices/US.DMAC.json,17173,49ec5002b35f632b8334bf4887497bc386ddc2315c36a013cecdb235c2c2126c,cache/market_breadth/members/nasdaq.json;cache/market_breadth/snapshots/nasdaq.json,Composite business still references; approval required before archive
US.DMII,cache/market_breadth/prices/US.DMII.json,9019,574aeb29978d525e70add98103fad57de96d6444c5aee5f2174d0582de12b79c,cache/market_breadth/members/nasdaq.json;cache/market_breadth/snapshots/nasdaq.json,Composite business still references; approval required before archive
US.DMRA,cache/market_breadth/prices/US.DMRA.json,17274,7a4cabf50a9d64e4ebea3427a33448d4358c8353cc3ba411b009851d30e61b79,cache/market_breadth/members/nasdaq.json;cache/market_breadth/snapshots/nasdaq.json,Composite business still references; approval required before archive
US.DMRC,cache/market_breadth/prices/US.DMRC.json,17370,0d4cb0c18492f299b916f46ae9b6c21459473a5646b75034b25cfacf206c3c12,cache/market_breadth/members/nasdaq.json;cache/market_breadth/snapshots/nasdaq.json,Composite business still references; approval required before archive
US.DNLI,cache/market_breadth/prices/US.DNLI.json,17577,4781494eaa73f5846c37c9a4a0c1912aeef36ab837c78df2dc005060ae3260cb,cache/market_breadth/members/nasdaq.json;cache/market_breadth/snapshots/nasdaq.json,Composite business still references; approval required before archive
US.DNMX,cache/market_breadth/prices/US.DNMX.json,9380,755dc69b145dc91f0a129c1f308341406017e2b1007e7684577dd07508017854,cache/market_breadth/members/nasdaq.json;cache/market_breadth/snapshots/nasdaq.json,Composite business still references; approval required before archive
US.DNTH,cache/market_breadth/prices/US.DNTH.json,17538,2873716c18239ad10ba2729aca3aad46001a66343210e06728db3fb08dd664c8,cache/market_breadth/members/nasdaq.json;cache/market_breadth/snapshots/nasdaq.json,Composite business still references; approval required before archive
US.DNUT,cache/market_breadth/prices/US.DNUT.json,17260,92a00e3b17a5579de472b48d657667b2c5ef1485c4d36ac639b179e415eb3581,cache/market_breadth/members/nasdaq.json;cache/market_breadth/snapshots/nasdaq.json,Composite business still references; approval required before archive
US.DOCU,cache/market_breadth/prices/US.DOCU.json,17603,0dfb54173fd5afcb9e54d54a30a12f85e4f4f8b9a42e7e9b33727db4f281c15c,cache/market_breadth/members/nasdaq.json;cache/market_breadth/snapshots/nasdaq.json,Composite business still references; approval required before archive
US.DOGZ,cache/market_breadth/prices/US.DOGZ.json,17254,8635acc4ca7f9e5d009593ca1e6651c49008e8094ab6e901a6788ee0365870e1,cache/market_breadth/members/nasdaq.json;cache/market_breadth/snapshots/nasdaq.json,Composite business still references; approval required before archive
US.DOMH,cache/market_breadth/prices/US.DOMH.json,17310,700a650b2c961d0a64c3650898e98ea1100b4389aa3da78a9f6671bdbfa12de3,cache/market_breadth/members/nasdaq.json;cache/market_breadth/snapshots/nasdaq.json,Composite business still references; approval required before archive
US.DOO,cache/market_breadth/prices/US.DOO.json,17696,7ce8c2e72d6b8dd53de035eabe253ed3af6ee53dfbc613207fbe8c61a6e74814,cache/market_breadth/members/nasdaq.json;cache/market_breadth/snapshots/nasdaq.json,Composite business still references; approval required before archive
US.DORM,cache/market_breadth/prices/US.DORM.json,17928,37c988072141ea0d42330aefa1b6fda06634fd990251474e2f46ae06cd7d68e3,cache/market_breadth/members/nasdaq.json;cache/market_breadth/snapshots/nasdaq.json,Composite business still references; approval required before archive
US.DOX,cache/market_breadth/prices/US.DOX.json,17693,f003c53371b622a4bf7edc17cd09e7251abc5a005d9873cf8f721a7f82685851,cache/market_breadth/members/nasdaq.json;cache/market_breadth/snapshots/nasdaq.json,Composite business still references; approval required before archive
US.DOYU,cache/market_breadth/prices/US.DOYU.json,17109,172fe829b6c5935cc980a8de7ed7d416d751950f036f556a2698a4f33c788d2e,cache/market_breadth/members/nasdaq.json;cache/market_breadth/snapshots/nasdaq.json,Composite business still references; approval required before archive
US.DPRO,cache/market_breadth/prices/US.DPRO.json,17265,8d30c944ebadcf23c286f29fe6ce757f0fdf9e5be48ab016ec1c58de5a3daf91,cache/market_breadth/members/nasdaq.json;cache/market_breadth/snapshots/nasdaq.json,Composite business still references; approval required before archive
US.DPU,cache/market_breadth/prices/US.DPU.json,16520,a5795c25b5798c905ac84da0a7778fdf968aa2ed69e807dabd777fc30ac44aff,cache/market_breadth/members/nasdaq.json;cache/market_breadth/snapshots/nasdaq.json,Composite business still references; approval required before archive
US.DPZ,cache/market_breadth/prices/US.DPZ.json,18108,91db21329d8b308a5d66865fecb852f80a3d8c04ffc9aa735955df6bb02cce0a,cache/market_breadth/members/nasdaq.json;cache/market_breadth/snapshots/nasdaq.json,Composite business still references; approval required before archive
US.DRCT,cache/market_breadth/prices/US.DRCT.json,17568,377d9e06f0bb5faf949363440c3e15fbadae740482d5057cb7b3372f9d5ccd05,cache/market_breadth/members/nasdaq.json;cache/market_breadth/snapshots/nasdaq.json,Composite business still references; approval required before archive
US.DRDB,cache/market_breadth/prices/US.DRDB.json,17525,acf9d3fa24309a346025000e5438f9bd0e06e6c59e13eb8bea3233d897cfc8f1,cache/market_breadth/members/nasdaq.json;cache/market_breadth/snapshots/nasdaq.json,Composite business still references; approval required before archive
US.DRH,cache/market_breadth/prices/US.DRH.json,17386,46f44aec2414f9448d6d787314a9af216693c9322250011f1369d0225c463786,cache/market_breadth/members/nasdaq.json;cache/market_breadth/snapshots/nasdaq.json,Composite business still references; approval required before archive
US.DRIO,cache/market_breadth/prices/US.DRIO.json,17107,8564b60ce5fca91371dac7cd8b0a1aee9c4ad2e4e82a8df11f60e08d81a09694,cache/market_breadth/members/nasdaq.json;cache/market_breadth/snapshots/nasdaq.json,Composite business still references; approval required before archive
US.DRK,cache/market_breadth/prices/US.DRK.json,17169,1c8766182346ee733c2d1ef8dc44287dd4da78b9550b8c92bee01a51444801a7,cache/market_breadth/members/nasdaq.json;cache/market_breadth/snapshots/nasdaq.json,Composite business still references; approval required before archive
US.DRMA,cache/market_breadth/prices/US.DRMA.json,17159,dbbda14d603c2b66a3ef6b183331e59678a28def090a4b3118bf9b1c790666f8,cache/market_breadth/members/nasdaq.json;cache/market_breadth/snapshots/nasdaq.json,Composite business still references; approval required before archive
US.DRS,cache/market_breadth/prices/US.DRS.json,17693,8b0eb098cb0aa9ce835d3ea0e25cf4c9442fa405f4732f9137df5d2e263d0097,cache/market_breadth/members/nasdaq.json;cache/market_breadth/snapshots/nasdaq.json,Composite business still references; approval required before archive
US.DRTS,cache/market_breadth/prices/US.DRTS.json,17241,604842acb04b9097cb620e9c241ab706ce06a4daae90796ac72384c772d6bb95,cache/market_breadth/members/nasdaq.json;cache/market_breadth/snapshots/nasdaq.json,Composite business still references; approval required before archive
US.DRUG,cache/market_breadth/prices/US.DRUG.json,17349,228beddda1f1eea7140494527bffc93bbb355a62a886edce15f4a888d446d7c6,cache/market_breadth/members/nasdaq.json;cache/market_breadth/snapshots/nasdaq.json,Composite business still references; approval required before archive
US.DRVN,cache/market_breadth/prices/US.DRVN.json,17536,f77ee93459bc7da1a1393f02e004f49d7883b7d96af8b373a1e58eae0209c3c4,cache/market_breadth/members/nasdaq.json;cache/market_breadth/snapshots/nasdaq.json,Composite business still references; approval required before archive
US.DSAC,cache/market_breadth/prices/US.DSAC.json,7320,60974b5b69a826c08a5d418e324efdf2ca6c7ac16378c87554cad1747e8717e9,cache/market_breadth/members/nasdaq.json;cache/market_breadth/snapshots/nasdaq.json,Composite business still references; approval required before archive
US.DSC,cache/market_breadth/prices/US.DSC.json,2926,91a0927f21ec03d969b3568ff0493614ed4e221442573a5c82eed74942236f65,cache/market_breadth/members/nasdaq.json;cache/market_breadth/snapshots/nasdaq.json,Composite business still references; approval required before archive
US.DSGN,cache/market_breadth/prices/US.DSGN.json,17388,4335f178852e629c5d2107f53ca31dc186dd128e1b8cb705ff0a9f401902c609,cache/market_breadth/members/nasdaq.json;cache/market_breadth/snapshots/nasdaq.json,Composite business still references; approval required before archive
US.DSGR,cache/market_breadth/prices/US.DSGR.json,17473,123b112d5b0ed3135848b56ad1ed48c34dc7222d8229a231817c3023e30b8eea,cache/market_breadth/members/nasdaq.json;cache/market_breadth/snapshots/nasdaq.json,Composite business still references; approval required before archive
US.DSGX,cache/market_breadth/prices/US.DSGX.json,17737,9ce2c17336cb6338f5968016ba76c3d6a9a8e52a29cd8f35a1199157653f7a45,cache/market_breadth/members/nasdaq.json;cache/market_breadth/snapshots/nasdaq.json,Composite business still references; approval required before archive
US.DSP,cache/market_breadth/prices/US.DSP.json,17486,cf878f806585a4d9baf3020d598315868ba4610acaea86b49da4a122ba46c17d,cache/market_breadth/members/nasdaq.json;cache/market_breadth/snapshots/nasdaq.json,Composite business still references; approval required before archive
US.DSWL,cache/market_breadth/prices/US.DSWL.json,17279,03c01d94a626cc93191e27c3337f6c1ed98b4a16afe027f59145ae3b45c91666,cache/market_breadth/members/nasdaq.json;cache/market_breadth/snapshots/nasdaq.json,Composite business still references; approval required before archive
US.DSY,cache/market_breadth/prices/US.DSY.json,17157,acc7be7759d7ea80e896af4a3e64b7e4e9b164b4e2cae2a44da4f0aa37f4d2bd,cache/market_breadth/members/nasdaq.json;cache/market_breadth/snapshots/nasdaq.json,Composite business still references; approval required before archive
US.DTCX,cache/market_breadth/prices/US.DTCX.json,17203,c04574298ab5bae6175f0c342bd63459cb5dcab2f9fe5bd7592b46ba5158d524,cache/market_breadth/members/nasdaq.json;cache/market_breadth/snapshots/nasdaq.json,Composite business still references; approval required before archive
US.DTI,cache/market_breadth/prices/US.DTI.json,17143,e77b75efeb9f27655de15dbc9f7bf1221fd2289e609ed5c47d67b62878f13f5f,cache/market_breadth/members/nasdaq.json;cache/market_breadth/snapshots/nasdaq.json,Composite business still references; approval required before archive
US.DTIL,cache/market_breadth/prices/US.DTIL.json,17139,e9d8eaf88062df93cd57f35f7885b2aeae6177e9f16af6cbd6546d1eaa927ad7,cache/market_breadth/members/nasdaq.json;cache/market_breadth/snapshots/nasdaq.json,Composite business still references; approval required before archive
US.DTSQ,cache/market_breadth/prices/US.DTSQ.json,17535,cdf34a124fbe7cb01c2c57496fb55c8e6cfd92bff32012d7b008cc100937183c,cache/market_breadth/members/nasdaq.json;cache/market_breadth/snapshots/nasdaq.json,Composite business still references; approval required before archive
US.DTSS,cache/market_breadth/prices/US.DTSS.json,17171,6a358673bf7d90df3da2662fe4ef5f706bc1d187775778f7b83b5a0e3ff47d5b,cache/market_breadth/members/nasdaq.json;cache/market_breadth/snapshots/nasdaq.json,Composite business still references; approval required before archive
US.DTST,cache/market_breadth/prices/US.DTST.json,17203,4281fdbe901fe87aa7b3248b100f5b6c9b90fe818e9e90853688ed2d1b4c41b7,cache/market_breadth/members/nasdaq.json;cache/market_breadth/snapshots/nasdaq.json,Composite business still references; approval required before archive
US.DUKR,cache/market_breadth/prices/US.DUKR.json,17146,a78f0d9b5e6bd9794d8258127560162e26bfe40bbd29549153dbe092f41cdea8,cache/market_breadth/members/nasdaq.json;cache/market_breadth/snapshots/nasdaq.json,Composite business still references; approval required before archive
US.DUO,cache/market_breadth/prices/US.DUO.json,17245,8225b5209b3296ee1075d49688e2183921f86befc666e2014811ac3fc1621c0b,cache/market_breadth/members/nasdaq.json;cache/market_breadth/snapshots/nasdaq.json,Composite business still references; approval required before archive
US.DUOL,cache/market_breadth/prices/US.DUOL.json,17913,d62b2758aa6afe4f36b80a0447962bcaed87cf4e67ec803e589543e640098f8c,cache/market_breadth/members/nasdaq.json;cache/market_breadth/snapshots/nasdaq.json,Composite business still references; approval required before archive
US.DUOT,cache/market_breadth/prices/US.DUOT.json,17164,8f81bd3ee9228ad85c055eec8cb8fcd96d71c5a32df59e2b18e1ab09c0f584fc,cache/market_breadth/members/nasdaq.json;cache/market_breadth/snapshots/nasdaq.json,Composite business still references; approval required before archive
US.DVLT,cache/market_breadth/prices/US.DVLT.json,17242,9c7d25b9a1c0424c7a18133b3d1f2adfdf9870e8654453ba364b91f96e92d845,cache/market_breadth/members/nasdaq.json;cache/market_breadth/snapshots/nasdaq.json,Composite business still references; approval required before archive
US.DWSN,cache/market_breadth/prices/US.DWSN.json,17138,39bdcc3628c68797b31b99aaa694cd2a9ed2ca4c7d1813510a19c2662eb28ddf,cache/market_breadth/members/nasdaq.json;cache/market_breadth/snapshots/nasdaq.json,Composite business still references; approval required before archive
US.DWTX,cache/market_breadth/prices/US.DWTX.json,17245,4e53e7b1e80c10791dbbd197bce7c9c8a3895919592c31b0967018c3a95dfffe,cache/market_breadth/members/nasdaq.json;cache/market_breadth/snapshots/nasdaq.json,Composite business still references; approval required before archive
US.DXLG,cache/market_breadth/prices/US.DXLG.json,17218,70d0962ff069c1eee4fb9f0a9402961fd67f23433f91b304416a551fb455c801,cache/market_breadth/members/nasdaq.json;cache/market_breadth/snapshots/nasdaq.json,Composite business still references; approval required before archive
US.DXPE,cache/market_breadth/prices/US.DXPE.json,17814,65374bf004622197ff4314dcb893778f69de471a89353ea0825ac63a24ff8420,cache/market_breadth/members/nasdaq.json;cache/market_breadth/snapshots/nasdaq.json,Composite business still references; approval required before archive
US.DXST,cache/market_breadth/prices/US.DXST.json,15652,79f26ed216c6d1259adf5efacecd3aa2426551387346d15d2858b3d7d21bd264,cache/market_breadth/members/nasdaq.json;cache/market_breadth/snapshots/nasdaq.json,Composite business still references; approval required before archive
US.DYAI,cache/market_breadth/prices/US.DYAI.json,17110,8d132f75cee956e32fb33b381f0c14a62b6eaabc039c0acc16719ea3f76027b6,cache/market_breadth/members/nasdaq.json;cache/market_breadth/snapshots/nasdaq.json,Composite business still references; approval required before archive
US.DYN,cache/market_breadth/prices/US.DYN.json,17522,86be92c7d505dd8f5251e6c91fe6ac041e5e3d3d1e594af56062fd5032987e12,cache/market_breadth/members/nasdaq.json;cache/market_breadth/snapshots/nasdaq.json,Composite business still references; approval required before archive
US.DYNC,cache/market_breadth/prices/US.DYNC.json,17503,c33b462aad4e20c89d05680f4b199cd17adeff4b94a1eb80c1f93ddfd46cee14,cache/market_breadth/members/nasdaq.json;cache/market_breadth/snapshots/nasdaq.json,Composite business still references; approval required before archive
US.DYOR,cache/market_breadth/prices/US.DYOR.json,9462,72b2a4b6771f520f5519c26d844e1801334b25c2a2b88f4aeddb42b07d1c8981,cache/market_breadth/members/nasdaq.json;cache/market_breadth/snapshots/nasdaq.json,Composite business still references; approval required before archive
US.EBAY,cache/market_breadth/prices/US.EBAY.json,17805,c9d8d08dcdd9a7bf8efa3a2dfc28bbe1742dfd3cf5d1f8ad0183852d347b7751,cache/market_breadth/members/nasdaq.json;cache/market_breadth/snapshots/nasdaq.json,Composite business still references; approval required before archive
US.EBC,cache/market_breadth/prices/US.EBC.json,17709,66a6b7e435c666bd3fb8c2153813438a06e9b68718b0d97ac647cf2cb35969c7,cache/market_breadth/members/nasdaq.json;cache/market_breadth/snapshots/nasdaq.json,Composite business still references; approval required before archive
US.EBMT,cache/market_breadth/prices/US.EBMT.json,17690,48ab5c2f765b90dc627e1e07844a1d2cdb3f3d80b2248f265c70aaae3a93458a,cache/market_breadth/members/nasdaq.json;cache/market_breadth/snapshots/nasdaq.json,Composite business still references; approval required before archive
US.EBON,cache/market_breadth/prices/US.EBON.json,17156,550a73ace8c6c75c384a3553c89ee54ab54a435b673f9584623d93d15bf1406d,cache/market_breadth/members/nasdaq.json;cache/market_breadth/snapshots/nasdaq.json,Composite business still references; approval required before archive
US.ECBK,cache/market_breadth/prices/US.ECBK.json,17595,4cba959b8ca0c74d081f100021d20ef85a99636b412af4bae39d4fc323ff69a5,cache/market_breadth/members/nasdaq.json;cache/market_breadth/snapshots/nasdaq.json,Composite business still references; approval required before archive
US.ECHO,cache/market_breadth/prices/US.ECHO.json,17578,da8fc8950eb0d8f0f4c8d51a0070ce18b328869a448c12b2ef2359abf1b4cef6,cache/market_breadth/members/nasdaq.json;cache/market_breadth/snapshots/nasdaq.json,Composite business still references; approval required before archive
US.ECOR,cache/market_breadth/prices/US.ECOR.json,17180,b521aced8300d02ddc7c5c0ba1a0de6ff46b0fae031be5b270bcef0896f2a7bc,cache/market_breadth/members/nasdaq.json;cache/market_breadth/snapshots/nasdaq.json,Composite business still references; approval required before archive
US.ECPG,cache/market_breadth/prices/US.ECPG.json,17601,4d417fd853d179746c92f6d903df4c9a377c47950a4e4d5bdc76b97f073138a6,cache/market_breadth/members/nasdaq.json;cache/market_breadth/snapshots/nasdaq.json,Composite business still references; approval required before archive
US.ECX,cache/market_breadth/prices/US.ECX.json,17192,7ef54ec7caf79d57d26b4842adad0e03049e2cb7964c628347ed7fbc51697f23,cache/market_breadth/members/nasdaq.json;cache/market_breadth/snapshots/nasdaq.json,Composite business still references; approval required before archive
US.EDBL,cache/market_breadth/prices/US.EDBL.json,15990,d86adf2dcb304b3206274210eaedde2fd772301884fa93f53c317db73417e832,cache/market_breadth/members/nasdaq.json;cache/market_breadth/snapshots/nasdaq.json,Composite business still references; approval required before archive
US.EDHL,cache/market_breadth/prices/US.EDHL.json,15763,b0fe9970947416c937aa09bde6cf66aa39f5f96669e42bf4781b9c7d046227e9,cache/market_breadth/members/nasdaq.json;cache/market_breadth/snapshots/nasdaq.json,Composite business still references; approval required before archive
US.EDIT,cache/market_breadth/prices/US.EDIT.json,17162,f6cb1c31be9ed3a6d2685cc83718b131fe626de8e5d42ca0ef0ed205a6d29549,cache/market_breadth/members/nasdaq.json;cache/market_breadth/snapshots/nasdaq.json,Composite business still references; approval required before archive
US.EDRY,cache/market_breadth/prices/US.EDRY.json,17385,d800bbbeece444d191e1f860f01bee8b28314052e09882ba0132d6c6c2c000be,cache/market_breadth/members/nasdaq.json;cache/market_breadth/snapshots/nasdaq.json,Composite business still references; approval required before archive
US.EDSA,cache/market_breadth/prices/US.EDSA.json,17155,45d4509fbc80c38a899de76b3ad99a5fa908551e124820a7dbc804ab76fbed8e,cache/market_breadth/members/nasdaq.json;cache/market_breadth/snapshots/nasdaq.json,Composite business still references; approval required before archive
US.EDTK,cache/market_breadth/prices/US.EDTK.json,16853,cf8289c74604083cf900533efd3d2c70d8024e16c62ab4c189fb85991abd95bc,cache/market_breadth/members/nasdaq.json;cache/market_breadth/snapshots/nasdaq.json,Composite business still references; approval required before archive
US.EDUC,cache/market_breadth/prices/US.EDUC.json,17300,24e2c119b600533c062109ec80341dac2087627803f019ce3b315ccdcd0e1d5f,cache/market_breadth/members/nasdaq.json;cache/market_breadth/snapshots/nasdaq.json,Composite business still references; approval required before archive
US.EEFT,cache/market_breadth/prices/US.EEFT.json,17708,09ce1f4aa14f501f3533cafdf83834d0d443571e1ce7b2e5884d5a9aea22bce7,cache/market_breadth/members/nasdaq.json;cache/market_breadth/snapshots/nasdaq.json,Composite business still references; approval required before archive
US.EEIQ,cache/market_breadth/prices/US.EEIQ.json,17233,3aa098a6fad3553670f35bcdc4863a3bc14987badb41a1d35956d5f61cbc0448,cache/market_breadth/members/nasdaq.json;cache/market_breadth/snapshots/nasdaq.json,Composite business still references; approval required before archive
US.EFOI,cache/market_breadth/prices/US.EFOI.json,17154,345f105788ae24da648767434ffa7ca3c041ab0c20f50dd7dca64ba8be39139f,cache/market_breadth/members/nasdaq.json;cache/market_breadth/snapshots/nasdaq.json,Composite business still references; approval required before archive
US.EFSC,cache/market_breadth/prices/US.EFSC.json,17699,16a830bde81ca5b4ae950961d2d5e76036a08e9a4c8fb22c6b074eb7427420ae,cache/market_breadth/members/nasdaq.json;cache/market_breadth/snapshots/nasdaq.json,Composite business still references; approval required before archive
US.EFSI,cache/market_breadth/prices/US.EFSI.json,17695,288a572ec426a8e4328557e8e51811e7b3e1741e76516861c66442596a5a51a4,cache/market_breadth/members/nasdaq.json;cache/market_breadth/snapshots/nasdaq.json,Composite business still references; approval required before archive
US.EFTY,cache/market_breadth/prices/US.EFTY.json,12659,bc6d5b2209c551cfdb66cccc47aa7d5069bb0168defeb1d2e2e786505ae415a3,cache/market_breadth/members/nasdaq.json;cache/market_breadth/snapshots/nasdaq.json,Composite business still references; approval required before archive
US.EGAN,cache/market_breadth/prices/US.EGAN.json,17254,458ba2740780701ba292a9aa88bfc7c88b31c2804adc8f768478fcbc15f56ad3,cache/market_breadth/members/nasdaq.json;cache/market_breadth/snapshots/nasdaq.json,Composite business still references; approval required before archive
US.EGBN,cache/market_breadth/prices/US.EGBN.json,17710,6a922bdcd2c8441156124f8fd1ba6005bd648ac6b368a6a55b41ee564990f5c1,cache/market_breadth/members/nasdaq.json;cache/market_breadth/snapshots/nasdaq.json,Composite business still references; approval required before archive
US.EGHA,cache/market_breadth/prices/US.EGHA.json,13909,c5be6d218fca15076cf33d0f2f094b213368cf6264c7482e3f7e078bf5515de6,cache/market_breadth/members/nasdaq.json;cache/market_breadth/snapshots/nasdaq.json,Composite business still references; approval required before archive
US.EGHT,cache/market_breadth/prices/US.EGHT.json,17275,378234d78157e81e140a4b8cb0f870e41ba9a0e21e4fcb4aef84f3b7dab578b8,cache/market_breadth/members/nasdaq.json;cache/market_breadth/snapshots/nasdaq.json,Composite business still references; approval required before archive
US.EH,cache/market_breadth/prices/US.EH.json,17535,47109c57220df8b84e1d235a66ce63aceaee5570227d042bc7186c6837f98398,cache/market_breadth/members/nasdaq.json;cache/market_breadth/snapshots/nasdaq.json,Composite business still references; approval required before archive
US.EHGO,cache/market_breadth/prices/US.EHGO.json,17356,698ed925bafb79b12c5f490bf42dd68c774d8d6f92eb90cfa3d7d6d3633ea379,cache/market_breadth/members/nasdaq.json;cache/market_breadth/snapshots/nasdaq.json,Composite business still references; approval required before archive
US.EHLD,cache/market_breadth/prices/US.EHLD.json,16978,2c75ccf9b7a6d8ab5b885489a8d90de2510f48e1a748bc736fa240711a155186,cache/market_breadth/members/nasdaq.json;cache/market_breadth/snapshots/nasdaq.json,Composite business still references; approval required before archive
US.EHTH,cache/market_breadth/prices/US.EHTH.json,17238,7a7c3637e4d2d514beb9b93332e4953231358eaee0cb141eebe291fa6817a601,cache/market_breadth/members/nasdaq.json;cache/market_breadth/snapshots/nasdaq.json,Composite business still references; approval required before archive
US.EIKN,cache/market_breadth/prices/US.EIKN.json,7110,c98b995bf7398973fe13fdb72036f7095a767c7400581b38b2166bbbed46aab5,cache/market_breadth/members/nasdaq.json;cache/market_breadth/snapshots/nasdaq.json,Composite business still references; approval required before archive
US.EJH,cache/market_breadth/prices/US.EJH.json,15965,b306f106eeecc4ce6c18bb0b9c5449ba771a0b08daa6adb0fdfcc9de48116018,cache/market_breadth/members/nasdaq.json;cache/market_breadth/snapshots/nasdaq.json,Composite business still references; approval required before archive
US.ELAB,cache/market_breadth/prices/US.ELAB.json,17707,0812bfc07fa7d29bf1f4b8ac3f058e44173bacf165fdd10054acf4b770f58ca2,cache/market_breadth/members/nasdaq.json;cache/market_breadth/snapshots/nasdaq.json,Composite business still references; approval required before archive
US.ELBM,cache/market_breadth/prices/US.ELBM.json,17215,0f87884f84f372009c1ff4e4d8d334ce94b342f1bed10c0d7947fc7c0a60456b,cache/market_breadth/members/nasdaq.json;cache/market_breadth/snapshots/nasdaq.json,Composite business still references; approval required before archive
US.ELDN,cache/market_breadth/prices/US.ELDN.json,17205,4ae545bedb58dca363b55afe76e1bb8fe7e490dd7722082c3591023a52aea16c,cache/market_breadth/members/nasdaq.json;cache/market_breadth/snapshots/nasdaq.json,Composite business still references; approval required before archive
US.ELE,cache/market_breadth/prices/US.ELE.json,17668,79128cad67af5f9fd225ae513e0a5dd90639da99fedfff7593d45813b13bc092,cache/market_breadth/members/nasdaq.json;cache/market_breadth/snapshots/nasdaq.json,Composite business still references; approval required before archive
US.ELMT,cache/market_breadth/prices/US.ELMT.json,4893,9f613c2fb98b3c9d3ca8b27f66e0035a3dd086b8185bcbcc6fc4653e4f6bffac,cache/market_breadth/members/nasdaq.json;cache/market_breadth/snapshots/nasdaq.json,Composite business still references; approval required before archive
US.ELOG,cache/market_breadth/prices/US.ELOG.json,11760,8a907eceed74fe90d8085863f083f0997df6928fc8946050688310051490b9bb,cache/market_breadth/members/nasdaq.json;cache/market_breadth/snapshots/nasdaq.json,Composite business still references; approval required before archive
US.ELOX,cache/market_breadth/prices/US.ELOX.json,3389,20557baa28298da8484b228bbad9cbb361c6d2a575149125e916822e4fc4cea4,cache/market_breadth/members/nasdaq.json;cache/market_breadth/snapshots/nasdaq.json,Composite business still references; approval required before archive
US.ELPW,cache/market_breadth/prices/US.ELPW.json,16692,23abcfd568f957ea015f6a2a0f484acf7cfe9f99b4af1b2523307b302258ce45,cache/market_breadth/members/nasdaq.json;cache/market_breadth/snapshots/nasdaq.json,Composite business still references; approval required before archive
US.ELTK,cache/market_breadth/prices/US.ELTK.json,17214,b83a444965792f39537ac03e364f0ae91c8a81cea104943a6fd085d8b1693ac1,cache/market_breadth/members/nasdaq.json;cache/market_breadth/snapshots/nasdaq.json,Composite business still references; approval required before archive
US.ELTX,cache/market_breadth/prices/US.ELTX.json,17147,04d1352198e13539da9fd36853a6429c17588b6c7fe8988a5ab9964c1f4b5048,cache/market_breadth/members/nasdaq.json;cache/market_breadth/snapshots/nasdaq.json,Composite business still references; approval required before archive
US.ELUT,cache/market_breadth/prices/US.ELUT.json,17265,31faa22d75a98f937c41eb0d9b51bedfe1f4c69a7c18bacfedce6985a1081dfa,cache/market_breadth/members/nasdaq.json;cache/market_breadth/snapshots/nasdaq.json,Composite business still references; approval required before archive
US.ELVA,cache/market_breadth/prices/US.ELVA.json,17201,0e944e235383c0c0e07d939fe46d2b043568ee665dcfdb70377f85639600a451,cache/market_breadth/members/nasdaq.json;cache/market_breadth/snapshots/nasdaq.json,Composite business still references; approval required before archive
US.ELVN,cache/market_breadth/prices/US.ELVN.json,17546,652c4cd2fe72d5db8bce122423ca4aad413e39efd9576a7ac6bc74026296bb78,cache/market_breadth/members/nasdaq.json;cache/market_breadth/snapshots/nasdaq.json,Composite business still references; approval required before archive
US.ELVR,cache/market_breadth/prices/US.ELVR.json,11912,2a7bc42091441c920f984d43090d144294b3862134b8cfc54392013fb5c158f3,cache/market_breadth/members/nasdaq.json;cache/market_breadth/snapshots/nasdaq.json,Composite business still references; approval required before archive
US.ELWT,cache/market_breadth/prices/US.ELWT.json,9638,ee78540aaba1896a7a730cace258be6f848810a54e7257c62f16c1fd351ebe50,cache/market_breadth/members/nasdaq.json;cache/market_breadth/snapshots/nasdaq.json,Composite business still references; approval required before archive
US.EMAT,cache/market_breadth/prices/US.EMAT.json,7896,60465332d9ed086d410eec3c0a90c69d0505fda6b6a2aef6f5462fa978d4d8da,cache/market_breadth/members/nasdaq.json;cache/market_breadth/snapshots/nasdaq.json,Composite business still references; approval required before archive
US.EMBC,cache/market_breadth/prices/US.EMBC.json,17492,060218f1c978d348ca63cd9578e80f91ae173954932b33a96b06ae03d8ef23a8,cache/market_breadth/members/nasdaq.json;cache/market_breadth/snapshots/nasdaq.json,Composite business still references; approval required before archive
US.EMIS,cache/market_breadth/prices/US.EMIS.json,10238,824b7f0cb3c403e1ba4e07965a4c8d33b4a6cbc10edb82e1528923814a7cff36,cache/market_breadth/members/nasdaq.json;cache/market_breadth/snapshots/nasdaq.json,Composite business still references; approval required before archive
US.EML,cache/market_breadth/prices/US.EML.json,17696,4d7b2ddfc84b854185b569533ea7fdea06b2046e9f42d92ac38cb73ca450788a,cache/market_breadth/members/nasdaq.json;cache/market_breadth/snapshots/nasdaq.json,Composite business still references; approval required before archive
US.EMPD,cache/market_breadth/prices/US.EMPD.json,17264,c62284798c9cf5bb04695d0aaf4c97398f09b515047545c676384f0768a95317,cache/market_breadth/members/nasdaq.json;cache/market_breadth/snapshots/nasdaq.json,Composite business still references; approval required before archive
US.ENGN,cache/market_breadth/prices/US.ENGN.json,17041,83911aa80266cb856779e26f6d1abb76c8139510ca4981d195252d51c6a3fec2,cache/market_breadth/members/nasdaq.json;cache/market_breadth/snapshots/nasdaq.json,Composite business still references; approval required before archive
US.ENGS,cache/market_breadth/prices/US.ENGS.json,16129,a3a0cbf32380fbdf5c4fb13dcfeb24aa436355b8784c2f3fee8352f0e212988b,cache/market_breadth/members/nasdaq.json;cache/market_breadth/snapshots/nasdaq.json,Composite business still references; approval required before archive
US.ENLT,cache/market_breadth/prices/US.ENLT.json,17563,acc4e73041d0d2f1a48d6bbe5388b08b9e46b57f91d5de396d2be905c4b3604e,cache/market_breadth/members/nasdaq.json;cache/market_breadth/snapshots/nasdaq.json,Composite business still references; approval required before archive
US.ENLV,cache/market_breadth/prices/US.ENLV.json,17090,ac8f85bc70938211b17f89d0e3e8ecb53f5c626d994b748e4bbf7389750fbc10,cache/market_breadth/members/nasdaq.json;cache/market_breadth/snapshots/nasdaq.json,Composite business still references; approval required before archive
US.ENPH,cache/market_breadth/prices/US.ENPH.json,17556,f6ab7e1c2834cfe7d6e87c6a55b1cfa76e4e339758f52fed96a2bfcf02fc5586,cache/market_breadth/members/nasdaq.json;cache/market_breadth/snapshots/nasdaq.json,Composite business still references; approval required before archive
US.ENRD,cache/market_breadth/prices/US.ENRD.json,3343,8b82419ba99b0669e0e2774ee1dfe7d68a6ad9da4a4aa9afdba928f5a3692614,cache/market_breadth/members/nasdaq.json;cache/market_breadth/snapshots/nasdaq.json,Composite business still references; approval required before archive
US.ENSC,cache/market_breadth/prices/US.ENSC.json,17267,55d20996f8f77a0519f6d1122c96e06341145dc1702b71ebc615b81febbfbdfb,cache/market_breadth/members/nasdaq.json;cache/market_breadth/snapshots/nasdaq.json,Composite business still references; approval required before archive
US.ENSG,cache/market_breadth/prices/US.ENSG.json,18087,7db6194f38c32a411c9223d704dbf05b3b4821eaa621e82457cdcd4150827aad,cache/market_breadth/members/nasdaq.json;cache/market_breadth/snapshots/nasdaq.json,Composite business still references; approval required before archive
US.ENTA,cache/market_breadth/prices/US.ENTA.json,17373,6de29764aa8c5d4b02526fef505a03e1d2ee44a6014f6fb67e613b2bc12d8e96,cache/market_breadth/members/nasdaq.json;cache/market_breadth/snapshots/nasdaq.json,Composite business still references; approval required before archive
US.ENTG,cache/market_breadth/prices/US.ENTG.json,17885,5f6b20496ddd14407553ddbfe923d158974015269d8903de8502c26508fc79d6,cache/market_breadth/members/nasdaq.json;cache/market_breadth/snapshots/nasdaq.json,Composite business still references; approval required before archive
US.ENTX,cache/market_breadth/prices/US.ENTX.json,17170,d604ab65f30862559dca52aa4936f7e18ecb03fa08057c01b972a28b13a86802,cache/market_breadth/members/nasdaq.json;cache/market_breadth/snapshots/nasdaq.json,Composite business still references; approval required before archive
US.ENVB,cache/market_breadth/prices/US.ENVB.json,17342,1279b0c34f6ed4427b91afae2dc495216409ed9016c9fe6ee33d2c0bd33b6e33,cache/market_breadth/members/nasdaq.json;cache/market_breadth/snapshots/nasdaq.json,Composite business still references; approval required before archive
US.ENVX,cache/market_breadth/prices/US.ENVX.json,17280,e07f702d109e60bb3fb272d6ad63785354db267bb6ce8a1726eb034ae6d4545c,cache/market_breadth/members/nasdaq.json;cache/market_breadth/snapshots/nasdaq.json,Composite business still references; approval required before archive
US.EOCN,cache/market_breadth/prices/US.EOCN.json,17419,4f519351529d0c21366fa130bc2cd5bf27f40b4faaf25bbc13f17e8f745d37de,cache/market_breadth/members/nasdaq.json;cache/market_breadth/snapshots/nasdaq.json,Composite business still references; approval required before archive
US.EOLS,cache/market_breadth/prices/US.EOLS.json,17219,b8d9ecc2e9b333b84f8aa89196718aea2697ed64d82d0ee7614244f9432fed34,cache/market_breadth/members/nasdaq.json;cache/market_breadth/snapshots/nasdaq.json,Composite business still references; approval required before archive
US.EOSE,cache/market_breadth/prices/US.EOSE.json,17369,fda6355b68bfb0a9dbd6dd0a6e3cb8c5ea5e908a17f37f0a280fd5abedf0130f,cache/market_breadth/members/nasdaq.json;cache/market_breadth/snapshots/nasdaq.json,Composite business still references; approval required before archive
US.EPOW,cache/market_breadth/prices/US.EPOW.json,15705,2458426be6780f604eb4fe2b5cf4d97064fa4039b6c4cb99e4322a8a1cc38b8c,cache/market_breadth/members/nasdaq.json;cache/market_breadth/snapshots/nasdaq.json,Composite business still references; approval required before archive
US.EPRX,cache/market_breadth/prices/US.EPRX.json,17205,30ee4bebcfba4ca12ab692c359663b2852fbdc3c84a9c0cdd34c849a030c7c92,cache/market_breadth/members/nasdaq.json;cache/market_breadth/snapshots/nasdaq.json,Composite business still references; approval required before archive
US.EPSM,cache/market_breadth/prices/US.EPSM.json,16375,13c648f8ee1e6338890c0c793c1b2d3e24b65bd61cf0d8da9c457a5cdb614b92,cache/market_breadth/members/nasdaq.json;cache/market_breadth/snapshots/nasdaq.json,Composite business still references; approval required before archive
US.EPSN,cache/market_breadth/prices/US.EPSN.json,17295,d88ff4c618d3719fda993eba5971087f50443a074542811ee3687bc4f66529c7,cache/market_breadth/members/nasdaq.json;cache/market_breadth/snapshots/nasdaq.json,Composite business still references; approval required before archive
US.EQ,cache/market_breadth/prices/US.EQ.json,17169,5ef66b512bb801b03748ead5293eb3622f0b88eeb792f99a510456f7d86dd855,cache/market_breadth/members/nasdaq.json;cache/market_breadth/snapshots/nasdaq.json,Composite business still references; approval required before archive
US.EQIX,cache/market_breadth/prices/US.EQIX.json,18228,c793ed33e738fb91feff5243436d11303a2272ae908e85d913ba673e419456a9,cache/market_breadth/members/nasdaq.json;cache/market_breadth/snapshots/nasdaq.json,Composite business still references; approval required before archive
US.EQPT,cache/market_breadth/prices/US.EQPT.json,7555,be97af1f22bd9d1803cd64dc2f3dd816a1e02ef5935a9fbdefee5b09ea6a1172,cache/market_breadth/members/nasdaq.json;cache/market_breadth/snapshots/nasdaq.json,Composite business still references; approval required before archive
US.ERAS,cache/market_breadth/prices/US.ERAS.json,17389,063b5ba19e96d18dded82c40774aa8915a910f6a22a2f6624c14af65c1e936f6,cache/market_breadth/members/nasdaq.json;cache/market_breadth/snapshots/nasdaq.json,Composite business still references; approval required before archive
US.ERIC,cache/market_breadth/prices/US.ERIC.json,17430,4a6bf759f0d5b14a979598a1f88e5e478f02e6eac2e398bd817e836118a2e26f,cache/market_breadth/members/nasdaq.json;cache/market_breadth/snapshots/nasdaq.json,Composite business still references; approval required before archive
US.ERIE,cache/market_breadth/prices/US.ERIE.json,18103,00a665121257264b6c0f1248d0aee1327a2a9fb6c76c346a139d1ab7413e6306,cache/market_breadth/members/nasdaq.json;cache/market_breadth/snapshots/nasdaq.json,Composite business still references; approval required before archive
US.ERII,cache/market_breadth/prices/US.ERII.json,17517,58d8f30e6069d75d8879cf06de482f5bc4017a0748a91b7beb2abb3d17eee368,cache/market_breadth/members/nasdaq.json;cache/market_breadth/snapshots/nasdaq.json,Composite business still references; approval required before archive
US.ERNA,cache/market_breadth/prices/US.ERNA.json,15066,88fb020d768c9c978cb9fda4d005cf893ff098ca12c4189276da9ac0da62ac43,cache/market_breadth/members/nasdaq.json;cache/market_breadth/snapshots/nasdaq.json,Composite business still references; approval required before archive
US.ESCA,cache/market_breadth/prices/US.ESCA.json,17678,91e529a65e99aef78e2dccabafc12d2ec626f13dcc040adf771d97a807222637,cache/market_breadth/members/nasdaq.json;cache/market_breadth/snapshots/nasdaq.json,Composite business still references; approval required before archive
US.ESEA,cache/market_breadth/prices/US.ESEA.json,17705,83a3fef22115796fa94918b1896f45de8288f2d88e77b23d2ca547f8f24c0f1e,cache/market_breadth/members/nasdaq.json;cache/market_breadth/snapshots/nasdaq.json,Composite business still references; approval required before archive
US.ESLA,cache/market_breadth/prices/US.ESLA.json,17217,6d01661d37d53f5477d8384eb464c27ad5ba681a0d77e1e4b21eb2221da16715,cache/market_breadth/members/nasdaq.json;cache/market_breadth/snapshots/nasdaq.json,Composite business still references; approval required before archive
US.ESLT,cache/market_breadth/prices/US.ESLT.json,18054,2bc440441b0fcabe349a438b797648be353791091eb0ee9addeac29fffc22523,cache/market_breadth/members/nasdaq.json;cache/market_breadth/snapshots/nasdaq.json,Composite business still references; approval required before archive
US.ESOA,cache/market_breadth/prices/US.ESOA.json,17538,082be7db3db04488799cd26f2caeae94b83225f6e1bfd9648e1f108793b6d6aa,cache/market_breadth/members/nasdaq.json;cache/market_breadth/snapshots/nasdaq.json,Composite business still references; approval required before archive
US.ESQ,cache/market_breadth/prices/US.ESQ.json,17939,cbd16c079830bd5d35edba458e7c92b7b755394482c572acdc39f7c7025650d9,cache/market_breadth/members/nasdaq.json;cache/market_breadth/snapshots/nasdaq.json,Composite business still references; approval required before archive
US.ESTA,cache/market_breadth/prices/US.ESTA.json,17629,cbc232067e1ed71d858b79155dfe1db39580b560b9a5f785df4864517c6cad49,cache/market_breadth/members/nasdaq.json;cache/market_breadth/snapshots/nasdaq.json,Composite business still references; approval required before archive
US.ESYN,cache/market_breadth/prices/US.ESYN.json,17232,066f006373f4cbcc3478d49895963c30332adac4e77daa509344073381a6c458,cache/market_breadth/members/nasdaq.json;cache/market_breadth/snapshots/nasdaq.json,Composite business still references; approval required before archive
US.ETON,cache/market_breadth/prices/US.ETON.json,17605,0e805b233432e9a10114bb09d99203603a6ca03015af2c56c5e823fe299d358f,cache/market_breadth/members/nasdaq.json;cache/market_breadth/snapshots/nasdaq.json,Composite business still references; approval required before archive
US.ETOR,cache/market_breadth/prices/US.ETOR.json,15219,39d82fa6e59a28cfad5521104d9a465d412b10671dda1f1eb7c91cbc6e15476e,cache/market_breadth/members/nasdaq.json;cache/market_breadth/snapshots/nasdaq.json,Composite business still references; approval required before archive
US.ETRA,cache/market_breadth/prices/US.ETRA.json,450,fc42f2aa113a5a4c1be26d421ff44256149859a4e81de1ba400fcb425c88f80c,cache/market_breadth/members/nasdaq.json;cache/market_breadth/snapshots/nasdaq.json,Composite business still references; approval required before archive
US.ETS,cache/market_breadth/prices/US.ETS.json,11984,0390e6a1c161c478b4add64a5419e3bc6f2246e9abe0d7871c5c5259c7aa44d5,cache/market_breadth/members/nasdaq.json;cache/market_breadth/snapshots/nasdaq.json,Composite business still references; approval required before archive
US.EU,cache/market_breadth/prices/US.EU.json,17277,b17848ad10f9a469d56d5839b81ef07509b284f0033eec796e82cae8c6e1ccf7,cache/market_breadth/members/nasdaq.json;cache/market_breadth/snapshots/nasdaq.json,Composite business still references; approval required before archive
US.EUDA,cache/market_breadth/prices/US.EUDA.json,17062,bfa240f82312a4e1ffa713a5b606d4c9153c68dc5512c26e74368e5f376e6d66,cache/market_breadth/members/nasdaq.json;cache/market_breadth/snapshots/nasdaq.json,Composite business still references; approval required before archive
US.EURK,cache/market_breadth/prices/US.EURK.json,17351,21d56f04836da8f5dad5ff4d2a02a2d5f2fa58b66f5c7fdf121cc6ac11197715,cache/market_breadth/members/nasdaq.json;cache/market_breadth/snapshots/nasdaq.json,Composite business still references; approval required before archive
US.EVAX,cache/market_breadth/prices/US.EVAX.json,17185,15b1894a2db30fd01d18e9de8f89f12195055dd7e847a4d21280f2db31f6d836,cache/market_breadth/members/nasdaq.json;cache/market_breadth/snapshots/nasdaq.json,Composite business still references; approval required before archive
US.EVCM,cache/market_breadth/prices/US.EVCM.json,17371,98d3d8ce6c07c2f8bd2ae14c0bc796ec391b0d47426c71107add98eb3c788cac,cache/market_breadth/members/nasdaq.json;cache/market_breadth/snapshots/nasdaq.json,Composite business still references; approval required before archive
US.EVER,cache/market_breadth/prices/US.EVER.json,17569,e6c44821870e82f7959773bd3c4935662c46418d110cd92a8092cc31635c9188,cache/market_breadth/members/nasdaq.json;cache/market_breadth/snapshots/nasdaq.json,Composite business still references; approval required before archive
US.EVGN,cache/market_breadth/prices/US.EVGN.json,17157,b27b4d99d2509d5898e6c5c3a311d8cb2fcc0e1de1442094aeacaf274b64e153,cache/market_breadth/members/nasdaq.json;cache/market_breadth/snapshots/nasdaq.json,Composite business still references; approval required before archive
US.EVGO,cache/market_breadth/prices/US.EVGO.json,17240,6679861c6c06a3b4d7ca0dbe72b4264f14ac2f87b6cd89a5f3653b94e8e9a47b,cache/market_breadth/members/nasdaq.json;cache/market_breadth/snapshots/nasdaq.json,Composite business still references; approval required before archive
US.EVLV,cache/market_breadth/prices/US.EVLV.json,17172,4523e62a71bad8a1619ab8ac53f51b7d95243c82bb0a804ff2ce2ec0846c6b4a,cache/market_breadth/members/nasdaq.json;cache/market_breadth/snapshots/nasdaq.json,Composite business still references; approval required before archive
US.EVO,cache/market_breadth/prices/US.EVO.json,17228,c7d94b670aa737a8a77d985ad470597dfe733ef737fe8bd56228f11bb169d7ed,cache/market_breadth/members/nasdaq.json;cache/market_breadth/snapshots/nasdaq.json,Composite business still references; approval required before archive
US.EVOX,cache/market_breadth/prices/US.EVOX.json,8839,0300fd80b482625647cdc809486b8e9dc80fc42772997be247b500bd63732b25,cache/market_breadth/members/nasdaq.json;cache/market_breadth/snapshots/nasdaq.json,Composite business still references; approval required before archive
US.EVRG,cache/market_breadth/prices/US.EVRG.json,17690,94174dc1c9f842b7e92a1d484f00f5da0f50252ad7f0dac41b58b6b8dda17b06,cache/market_breadth/members/nasdaq.json;cache/market_breadth/snapshots/nasdaq.json,Composite business still references; approval required before archive
US.EWAV,cache/market_breadth/prices/US.EWAV.json,1483,87f3eb9aca989fc65761471d05ab92ed1bf71f218359d22e06da48faa551cabd,cache/market_breadth/members/nasdaq.json;cache/market_breadth/snapshots/nasdaq.json,Composite business still references; approval required before archive
US.EWBC,cache/market_breadth/prices/US.EWBC.json,17975,de64ebb0f198d8bccd4e47170d520f5036a894ac18b3750da4d2e4b37c2df104,cache/market_breadth/members/nasdaq.json;cache/market_breadth/snapshots/nasdaq.json,Composite business still references; approval required before archive
US.EWTX,cache/market_breadth/prices/US.EWTX.json,17565,c51b0a1aa13150b5806b30ba21d09bf85d7842acb82da728eeb98af8791ce507,cache/market_breadth/members/nasdaq.json;cache/market_breadth/snapshots/nasdaq.json,Composite business still references; approval required before archive
US.EXE,cache/market_breadth/prices/US.EXE.json,17901,eda46af497698e6c95bd1a80ff5ec6a7b3925bd137d162d5cbe3cb9798680c53,cache/market_breadth/members/nasdaq.json;cache/market_breadth/snapshots/nasdaq.json,Composite business still references; approval required before archive
US.EXEL,cache/market_breadth/prices/US.EXEL.json,17647,3a0c024ac0015d85bdb4a069ef1a0f4126661e40be7d57f3eb1d386b8e01e2af,cache/market_breadth/members/nasdaq.json;cache/market_breadth/snapshots/nasdaq.json,Composite business still references; approval required before archive
US.EXFY,cache/market_breadth/prices/US.EXFY.json,17222,b365690753f3327b3ff4215e27c265135fd3c171d7c992705e5c23ee982b5834,cache/market_breadth/members/nasdaq.json;cache/market_breadth/snapshots/nasdaq.json,Composite business still references; approval required before archive
US.EXLS,cache/market_breadth/prices/US.EXLS.json,17643,768db7827b1bd507e2f3db363b7a68f94369e82164477c33beaa4ba72161a163,cache/market_breadth/members/nasdaq.json;cache/market_breadth/snapshots/nasdaq.json,Composite business still references; approval required before archive
US.EXOZ,cache/market_breadth/prices/US.EXOZ.json,17083,a7549adf20aacc268d15f11433e03ad6cfe4b486ed17620ae773b3f6b9605f01,cache/market_breadth/members/nasdaq.json;cache/market_breadth/snapshots/nasdaq.json,Composite business still references; approval required before archive
US.EXPE,cache/market_breadth/prices/US.EXPE.json,18084,f2c23826b3b4427674d28f848bf96c29967a3d274eca4b282bee5410c8514a6a,cache/market_breadth/members/nasdaq.json;cache/market_breadth/snapshots/nasdaq.json,Composite business still references; approval required before archive
US.EXPO,cache/market_breadth/prices/US.EXPO.json,17699,640c4dc8ab8606cdb7e13175ef25f57eaa2c51cc59642d45e11a980a9f5fd2a7,cache/market_breadth/members/nasdaq.json;cache/market_breadth/snapshots/nasdaq.json,Composite business still references; approval required before archive
US.EXTR,cache/market_breadth/prices/US.EXTR.json,17621,3593c06d56c7418b7927139b06eba59ab2cb2e37c79b5b0ad5a7dbec056921aa,cache/market_breadth/members/nasdaq.json;cache/market_breadth/snapshots/nasdaq.json,Composite business still references; approval required before archive
US.EXYN,cache/market_breadth/prices/US.EXYN.json,4089,a5c1ff94057228ed36ac454a42385cba050d85809faec2c9b394a14b0228293b,cache/market_breadth/members/nasdaq.json;cache/market_breadth/snapshots/nasdaq.json,Composite business still references; approval required before archive
US.EYE,cache/market_breadth/prices/US.EYE.json,17586,6b9fdd5e1e9526f9fc0f0c9f5aa549d6c0fd78d9527c6e7466b926948ea6b0ad,cache/market_breadth/members/nasdaq.json;cache/market_breadth/snapshots/nasdaq.json,Composite business still references; approval required before archive
US.EYPT,cache/market_breadth/prices/US.EYPT.json,17405,4d68f28d9ef2195eb099638b02824f374c21c48a39cdea26bfb8eadaac9015d3,cache/market_breadth/members/nasdaq.json;cache/market_breadth/snapshots/nasdaq.json,Composite business still references; approval required before archive
US.EZGO,cache/market_breadth/prices/US.EZGO.json,15520,f13dea1049ff01e09da33395173bdd53ff4bb0da2e18360f71d3625889abba9a,cache/market_breadth/members/nasdaq.json;cache/market_breadth/snapshots/nasdaq.json,Composite business still references; approval required before archive
US.EZPW,cache/market_breadth/prices/US.EZPW.json,17537,b35a00c1a99aae0241b06c340ed762f9d61eac1e84faae0a121afa58ef2e9519,cache/market_breadth/members/nasdaq.json;cache/market_breadth/snapshots/nasdaq.json,Composite business still references; approval required before archive
US.EZRA,cache/market_breadth/prices/US.EZRA.json,17442,3d08a263ddf011a0c50f0126e052633af4ecb267bd71d2ddaf404dc57efc5f0c,cache/market_breadth/members/nasdaq.json;cache/market_breadth/snapshots/nasdaq.json,Composite business still references; approval required before archive
US.FA,cache/market_breadth/prices/US.FA.json,17570,aaa457b4c9f456cb76fce7f226fd2e19f587ae801408aa4b343c6fd0bb4b73d3,cache/market_breadth/members/nasdaq.json;cache/market_breadth/snapshots/nasdaq.json,Composite business still references; approval required before archive
US.FABC,cache/market_breadth/prices/US.FABC.json,17147,326628dfa0b88300d3f41a0dfc4ca24a57c095df4f85fd1b31ebe38aa550c8fa,cache/market_breadth/members/nasdaq.json;cache/market_breadth/snapshots/nasdaq.json,Composite business still references; approval required before archive
US.FAC,cache/market_breadth/prices/US.FAC.json,13859,925d63267a14fe881b6fe2195b6e802439d06c4354794d025c106d692593112b,cache/market_breadth/members/nasdaq.json;cache/market_breadth/snapshots/nasdaq.json,Composite business still references; approval required before archive
US.FACT,cache/market_breadth/prices/US.FACT.json,17584,83d0d56e027c1a78de65d1541696acb4ada5f1fff38c2fd7aa690783d0a1f0ce,cache/market_breadth/members/nasdaq.json;cache/market_breadth/snapshots/nasdaq.json,Composite business still references; approval required before archive
US.FAMI,cache/market_breadth/prices/US.FAMI.json,17103,56f745513f1bc6887f4017de5a051cddb6bd4e7a3fba56723c0ddb2bea546fa2,cache/market_breadth/members/nasdaq.json;cache/market_breadth/snapshots/nasdaq.json,Composite business still references; approval required before archive
US.FATE,cache/market_breadth/prices/US.FATE.json,17136,57caad3ea10257ff542d2e861a20f85b55bc515fe0e057d922c395a2a3422cd4,cache/market_breadth/members/nasdaq.json;cache/market_breadth/snapshots/nasdaq.json,Composite business still references; approval required before archive
US.FATN,cache/market_breadth/prices/US.FATN.json,15880,d8988a707605648227137ea0cb988bc4a4fb42d5d4c8c882cfe04c38cb1be201,cache/market_breadth/members/nasdaq.json;cache/market_breadth/snapshots/nasdaq.json,Composite business still references; approval required before archive
US.FBDT,cache/market_breadth/prices/US.FBDT.json,1293,ccaa24d282e01e181fa99ffe19a6b934353a6de95a6189605258a4f0e33148e9,cache/market_breadth/members/nasdaq.json;cache/market_breadth/snapshots/nasdaq.json,Composite business still references; approval required before archive
US.FBGL,cache/market_breadth/prices/US.FBGL.json,16945,efbad9dcab2af17a40fea2e72841ad624469106c49149ede9d58af828f8bcbfd,cache/market_breadth/members/nasdaq.json;cache/market_breadth/snapshots/nasdaq.json,Composite business still references; approval required before archive
US.FBIO,cache/market_breadth/prices/US.FBIO.json,17192,f42c3ea2e2e77f2e92db962b947e0a4068ce111d665c8e4aa215890d72325afd,cache/market_breadth/members/nasdaq.json;cache/market_breadth/snapshots/nasdaq.json,Composite business still references; approval required before archive
US.FBIZ,cache/market_breadth/prices/US.FBIZ.json,17680,f70ee3fa35b58fea93b29f24e8c847bbb3bf2c2823cb0c7554213a787d5f473c,cache/market_breadth/members/nasdaq.json;cache/market_breadth/snapshots/nasdaq.json,Composite business still references; approval required before archive
US.FBLA,cache/market_breadth/prices/US.FBLA.json,17534,17c04cc0f033639be6729f49c6ecc7b0ca208fa9f37a223308298f30e49d96eb,cache/market_breadth/members/nasdaq.json;cache/market_breadth/snapshots/nasdaq.json,Composite business still references; approval required before archive
US.FBLG,cache/market_breadth/prices/US.FBLG.json,17281,cf7a219e8b4f33a96d858f9fd96855364e5c3e74a7ec721c87beb98405faba3f,cache/market_breadth/members/nasdaq.json;cache/market_breadth/snapshots/nasdaq.json,Composite business still references; approval required before archive
US.FBNC,cache/market_breadth/prices/US.FBNC.json,17696,bab9527ffbb897e1c5f754f76301990cce51755f139301f425ab5cb3d9e5d49e,cache/market_breadth/members/nasdaq.json;cache/market_breadth/snapshots/nasdaq.json,Composite business still references; approval required before archive
US.FBYD,cache/market_breadth/prices/US.FBYD.json,17249,d0b72e73f781e4058d17b9255e4e8569aace6fe6954708a3d552ed0f6efe336c,cache/market_breadth/members/nasdaq.json;cache/market_breadth/snapshots/nasdaq.json,Composite business still references; approval required before archive
US.FCAP,cache/market_breadth/prices/US.FCAP.json,17708,b14150082eba692225c2dabe50707f3b1ea50306ac48150fa8d5158f1090dd62,cache/market_breadth/members/nasdaq.json;cache/market_breadth/snapshots/nasdaq.json,Composite business still references; approval required before archive
US.FCBC,cache/market_breadth/prices/US.FCBC.json,17709,d8c1bb212b59ee45c613b883ff7dd0fbb6f3fb75ae08fccd0aeca81987670b61,cache/market_breadth/members/nasdaq.json;cache/market_breadth/snapshots/nasdaq.json,Composite business still references; approval required before archive
US.FCCO,cache/market_breadth/prices/US.FCCO.json,17706,aae4fdce1517d1a1ff692d914a59671b99695a1d04fc6236642e5e9e3f64d517,cache/market_breadth/members/nasdaq.json;cache/market_breadth/snapshots/nasdaq.json,Composite business still references; approval required before archive
US.FCEL,cache/market_breadth/prices/US.FCEL.json,17285,b5ef13684d14d8b1b8051443618f2332125c6995856d8442e487cf94aff54b8e,cache/market_breadth/members/nasdaq.json;cache/market_breadth/snapshots/nasdaq.json,Composite business still references; approval required before archive
US.FCFS,cache/market_breadth/prices/US.FCFS.json,18089,29dfb444def5434cde46f044a96843a1a70190736bd562f79eb3e316d9514af4,cache/market_breadth/members/nasdaq.json;cache/market_breadth/snapshots/nasdaq.json,Composite business still references; approval required before archive
US.FCHL,cache/market_breadth/prices/US.FCHL.json,11553,c1e72160f7fb81269a9710806bcbaadc826c05a4a6041c5cc021f734f7920beb,cache/market_breadth/members/nasdaq.json;cache/market_breadth/snapshots/nasdaq.json,Composite business still references; approval required before archive
US.FCNCA,cache/market_breadth/prices/US.FCNCA.json,18478,ed73b400c49c140c99ee9d2e413b6102ea818c70437b1910472590dcf7afaa39,cache/market_breadth/members/nasdaq.json;cache/market_breadth/snapshots/nasdaq.json,Composite business still references; approval required before archive
US.FCUV,cache/market_breadth/prices/US.FCUV.json,17201,5a8bdc38223eca6beca407ccef3fccb847dcfc9335889843a948330f640f35df,cache/market_breadth/members/nasdaq.json;cache/market_breadth/snapshots/nasdaq.json,Composite business still references; approval required before archive
US.FDBC,cache/market_breadth/prices/US.FDBC.json,17681,d87d9eaeb89d4f21e2555bd768fa651e4af4d553d777a55da422c6445ddabfe0,cache/market_breadth/members/nasdaq.json;cache/market_breadth/snapshots/nasdaq.json,Composite business still references; approval required before archive
US.FDMM,cache/market_breadth/prices/US.FDMM.json,1827,b675c7a186d4b4804cb3b1956e8a0ce5fd016957c5baa5c8e1ed54fe77a362c0,cache/market_breadth/members/nasdaq.json;cache/market_breadth/snapshots/nasdaq.json,Composite business still references; approval required before archive
US.FDMT,cache/market_breadth/prices/US.FDMT.json,17290,6a0fe2490b847cef0d3eccf3ecee96f3a3895a25dd2f5a3d74a6c9a69ca6e6f5,cache/market_breadth/members/nasdaq.json;cache/market_breadth/snapshots/nasdaq.json,Composite business still references; approval required before archive
US.FDSB,cache/market_breadth/prices/US.FDSB.json,17521,932fd462ab9cb7973208b3edd460441218ae7a8c78009cf29a1e486781233b00,cache/market_breadth/members/nasdaq.json;cache/market_breadth/snapshots/nasdaq.json,Composite business still references; approval required before archive
US.FEAM,cache/market_breadth/prices/US.FEAM.json,17125,a3b67dd623d17498ab219c5335671ecbd13973cf575aa4c6879433880c9ad434,cache/market_breadth/members/nasdaq.json;cache/market_breadth/snapshots/nasdaq.json,Composite business still references; approval required before archive
US.FEBO,cache/market_breadth/prices/US.FEBO.json,17122,b49a80fe0fb655650f3b230d99d485a96061c16c6832b378fe11d66080d51bba,cache/market_breadth/members/nasdaq.json;cache/market_breadth/snapshots/nasdaq.json,Composite business still references; approval required before archive
US.FEIM,cache/market_breadth/prices/US.FEIM.json,17552,577665839629581f4e945d3111efef9249d4f23970fa4ee1365f667665804faf,cache/market_breadth/members/nasdaq.json;cache/market_breadth/snapshots/nasdaq.json,Composite business still references; approval required before archive
US.FELE,cache/market_breadth/prices/US.FELE.json,17810,06836b9dc64d267d9f7720767cd48b088f7b0b376232f089042b5e2607ae8e5a,cache/market_breadth/members/nasdaq.json;cache/market_breadth/snapshots/nasdaq.json,Composite business still references; approval required before archive
US.FEMY,cache/market_breadth/prices/US.FEMY.json,17173,a1f97b808cef22990d67ade41d8e11db8f661e3577faf03d125b1a3c1ce113ef,cache/market_breadth/members/nasdaq.json;cache/market_breadth/snapshots/nasdaq.json,Composite business still references; approval required before archive
US.FENC,cache/market_breadth/prices/US.FENC.json,17146,94bedeba40a2769bcd510ea70264da240d8ed940b02b30e54ac447f45572dee6,cache/market_breadth/members/nasdaq.json;cache/market_breadth/snapshots/nasdaq.json,Composite business still references; approval required before archive
US.FERA,cache/market_breadth/prices/US.FERA.json,15971,73be7e7cd6b4944d23d786769610e5950623fc3566b438c10408d0f7d83efb29,cache/market_breadth/members/nasdaq.json;cache/market_breadth/snapshots/nasdaq.json,Composite business still references; approval required before archive
US.FFAI,cache/market_breadth/prices/US.FFAI.json,15528,2ff1caef791883849fa5c99de8c43977efc1b9b041ccbeca2db99ee68615fc31,cache/market_breadth/members/nasdaq.json;cache/market_breadth/snapshots/nasdaq.json,Composite business still references; approval required before archive
US.FFBC,cache/market_breadth/prices/US.FFBC.json,17699,137bef897a67b4496d8a50b9d2d7d64cb3836bbe21dc38aeb7ab0039955ac596,cache/market_breadth/members/nasdaq.json;cache/market_breadth/snapshots/nasdaq.json,Composite business still references; approval required before archive
US.FFIN,cache/market_breadth/prices/US.FFIN.json,17697,83bde79121f387474c3bac67c18b5d118e44ce895180d214ed91b4e2649f1047,cache/market_breadth/members/nasdaq.json;cache/market_breadth/snapshots/nasdaq.json,Composite business still references; approval required before archive
US.FFIV,cache/market_breadth/prices/US.FFIV.json,17927,75d8198ff72b6322283551124abe13007078b56112b31a21fa5c899f0ecc3ffd,cache/market_breadth/members/nasdaq.json;cache/market_breadth/snapshots/nasdaq.json,Composite business still references; approval required before archive
US.FGBI,cache/market_breadth/prices/US.FGBI.json,17327,c71844e00f6b0d22f65328d1e647f821309bed99d8bd7e7d8d919956e789ea01,cache/market_breadth/members/nasdaq.json;cache/market_breadth/snapshots/nasdaq.json,Composite business still references; approval required before archive
US.FGC,cache/market_breadth/prices/US.FGC.json,16787,8fef227d4d8f08f97e9d79a4044df2695b266e0e700ab93075011008e9950d98,cache/market_breadth/members/nasdaq.json;cache/market_breadth/snapshots/nasdaq.json,Composite business still references; approval required before archive
US.FGI,cache/market_breadth/prices/US.FGI.json,17116,61ab6099beb7c3c61be0500d1dc620d54ba383b3ff2c8c4b73cdde8b8543bac6,cache/market_breadth/members/nasdaq.json;cache/market_breadth/snapshots/nasdaq.json,Composite business still references; approval required before archive
US.FGII,cache/market_breadth/prices/US.FGII.json,6155,c1e09a276652adf485a6fce1b54db882274f332fc7db4116cf513f385aa486ea,cache/market_breadth/members/nasdaq.json;cache/market_breadth/snapshots/nasdaq.json,Composite business still references; approval required before archive
US.FGL,cache/market_breadth/prices/US.FGL.json,15191,ef7e1d29d32dac6a6f39c4d8a61d99f7b6d39c218b521c4014cca608b72aabe8,cache/market_breadth/members/nasdaq.json;cache/market_breadth/snapshots/nasdaq.json,Composite business still references; approval required before archive
US.FHB,cache/market_breadth/prices/US.FHB.json,17666,489f72d174f0ce64308f6464a649e7056d864fcec03e44a2a514b40468d1d70e,cache/market_breadth/members/nasdaq.json;cache/market_breadth/snapshots/nasdaq.json,Composite business still references; approval required before archive
US.FHTX,cache/market_breadth/prices/US.FHTX.json,17154,036234ee0999ac4ccc2c3449aa9c531a4dec83188debd1e02df3047b9cdd45cc,cache/market_breadth/members/nasdaq.json;cache/market_breadth/snapshots/nasdaq.json,Composite business still references; approval required before archive
US.FIBK,cache/market_breadth/prices/US.FIBK.json,17704,8b88fd2e079aefb778adaf2a90ab38141e022f54ae14c09409bd2703a4b70e0d,cache/market_breadth/members/nasdaq.json;cache/market_breadth/snapshots/nasdaq.json,Composite business still references; approval required before archive
US.FIEE,cache/market_breadth/prices/US.FIEE.json,17169,2aa29d65f31724be3be04c7428aadc5dad8044adda9c1f57ad610113f3bd29ad,cache/market_breadth/members/nasdaq.json;cache/market_breadth/snapshots/nasdaq.json,Composite business still references; approval required before archive
US.FIGR,cache/market_breadth/prices/US.FIGR.json,11585,b08429fccd493ff5b33e800b96c6c95e14911595dd56f920947dfacecab5b970,cache/market_breadth/members/nasdaq.json;cache/market_breadth/snapshots/nasdaq.json,Composite business still references; approval required before archive
US.FIGX,cache/market_breadth/prices/US.FIGX.json,12206,13e66183d14b0b7442f03ed5330589e9d9c6eaa6a19ee82bc74f17713b5f8ef9,cache/market_breadth/members/nasdaq.json;cache/market_breadth/snapshots/nasdaq.json,Composite business still references; approval required before archive
US.FINW,cache/market_breadth/prices/US.FINW.json,17604,87ca5d771debcf36fb650a5819e319dc5b78cc1fdc217e335851119d841c12df,cache/market_breadth/members/nasdaq.json;cache/market_breadth/snapshots/nasdaq.json,Composite business still references; approval required before archive
US.FIP,cache/market_breadth/prices/US.FIP.json,17271,d462f46dfb12b37cf99b9f2b99c5c95f07e57df3ce839826f817bd9bb5c32472,cache/market_breadth/members/nasdaq.json;cache/market_breadth/snapshots/nasdaq.json,Composite business still references; approval required before archive
US.FISI,cache/market_breadth/prices/US.FISI.json,17710,f24ac8be3e628ed3dd97f829e011134eaff04d7c16622edc428ee08901b671bc,cache/market_breadth/members/nasdaq.json;cache/market_breadth/snapshots/nasdaq.json,Composite business still references; approval required before archive
US.FISN,cache/market_breadth/prices/US.FISN.json,3122,d40d7f9b0298504a4c797cd33de26c20251133692715e89e8279cc16625611f6,cache/market_breadth/members/nasdaq.json;cache/market_breadth/snapshots/nasdaq.json,Composite business still references; approval required before archive
US.FISV,cache/market_breadth/prices/US.FISV.json,17737,b401e3a67f21caff6284f937f22d71c54609377dd577c2dd8423f0c3472480f5,cache/market_breadth/members/nasdaq.json;cache/market_breadth/snapshots/nasdaq.json,Composite business still references; approval required before archive
US.FIVE,cache/market_breadth/prices/US.FIVE.json,17926,212ff3d668c3938a871e6b840be5f7a8482e157e8e6bf50ee11998221b33ebf7,cache/market_breadth/members/nasdaq.json;cache/market_breadth/snapshots/nasdaq.json,Composite business still references; approval required before archive
US.FIVN,cache/market_breadth/prices/US.FIVN.json,17604,c95942253aca3cf23c53bc731dbcc503a183d3b50c96597f67562492137189f4,cache/market_breadth/members/nasdaq.json;cache/market_breadth/snapshots/nasdaq.json,Composite business still references; approval required before archive
US.FIZZ,cache/market_breadth/prices/US.FIZZ.json,17699,d7f5709737d2dc22ac77396a8d734211e56df44efb8426981081ff6762c421a1,cache/market_breadth/members/nasdaq.json;cache/market_breadth/snapshots/nasdaq.json,Composite business still references; approval required before archive
US.FJDI,cache/market_breadth/prices/US.FJDI.json,279,13dec0bb26afda8999eaef15e26ab1fde0b95d1a681ebc6a661b9e249517a39d,cache/market_breadth/members/nasdaq.json;cache/market_breadth/snapshots/nasdaq.json,Composite business still references; approval required before archive
US.FKWL,cache/market_breadth/prices/US.FKWL.json,17239,0a961b700de683bb31d3a7a65d43119085ca666262990f5f1f3e8bc232432e29,cache/market_breadth/members/nasdaq.json;cache/market_breadth/snapshots/nasdaq.json,Composite business still references; approval required before archive
US.FLD,cache/market_breadth/prices/US.FLD.json,17046,ed8fae1b2c748f91078f7b96804fbeecf0d343cabcbd3b5f71882b806000ee5e,cache/market_breadth/members/nasdaq.json;cache/market_breadth/snapshots/nasdaq.json,Composite business still references; approval required before archive
US.FLEX,cache/market_breadth/prices/US.FLEX.json,17689,a0dca7832c47ea2fc1ecb4ee6dbf0a8505e0190e9946f31668c18a121049ca83,cache/market_breadth/members/nasdaq.json;cache/market_breadth/snapshots/nasdaq.json,Composite business still references; approval required before archive
US.FLGT,cache/market_breadth/prices/US.FLGT.json,17601,96b1a115abcc27312df5a669c2cdda957d31f627d1e4a28ed2ec39ff78fa172a,cache/market_breadth/members/nasdaq.json;cache/market_breadth/snapshots/nasdaq.json,Composite business still references; approval required before archive
US.FLL,cache/market_breadth/prices/US.FLL.json,17181,c72074febd8a4fc5f61e3e69c56bf5252636cad77ae2239ade87151d80bf8fc3,cache/market_breadth/members/nasdaq.json;cache/market_breadth/snapshots/nasdaq.json,Composite business still references; approval required before archive
US.FLNA,cache/market_breadth/prices/US.FLNA.json,17200,4d563519596ed739434ae71b4f205fdba8ab0a4bb99b699531c73ac6d521789e,cache/market_breadth/members/nasdaq.json;cache/market_breadth/snapshots/nasdaq.json,Composite business still references; approval required before archive
US.FLNC,cache/market_breadth/prices/US.FLNC.json,17441,120ff29c15f954f8a9decaf8e851a2efb54f7cce767eac6896296dacc6414834,cache/market_breadth/members/nasdaq.json;cache/market_breadth/snapshots/nasdaq.json,Composite business still references; approval required before archive
US.FLNT,cache/market_breadth/prices/US.FLNT.json,17204,315d2a0f14a1e4f8728cec95f3d17fbe423eee24f21406f1ba1abcd6160578d9,cache/market_breadth/members/nasdaq.json;cache/market_breadth/snapshots/nasdaq.json,Composite business still references; approval required before archive
US.FLUX,cache/market_breadth/prices/US.FLUX.json,17255,a46b4187e5d12ee51f1919c4767818d387679d86783ea55dec76c45ce1f3bbd4,cache/market_breadth/members/nasdaq.json;cache/market_breadth/snapshots/nasdaq.json,Composite business still references; approval required before archive
US.FLWS,cache/market_breadth/prices/US.FLWS.json,17254,78a6aa0e072bd9701a545aa8d1aeeee568ed289425a4cc46609d07026255943a,cache/market_breadth/members/nasdaq.json;cache/market_breadth/snapshots/nasdaq.json,Composite business still references; approval required before archive
US.FLX,cache/market_breadth/prices/US.FLX.json,17186,e68ded99ea3bed7b336b760af546fe2553d196484d0672449d0630a81551abca,cache/market_breadth/members/nasdaq.json;cache/market_breadth/snapshots/nasdaq.json,Composite business still references; approval required before archive
US.FLXS,cache/market_breadth/prices/US.FLXS.json,17690,a8b5e89c091f510314922dbbdc63aa4415fddbc58fcf6daca70f7a476e5d6e92,cache/market_breadth/members/nasdaq.json;cache/market_breadth/snapshots/nasdaq.json,Composite business still references; approval required before archive
US.FLY,cache/market_breadth/prices/US.FLY.json,12692,7181fed0f030e98661268ddc619234e3312cbdc801d2245c7ab9e972f608361c,cache/market_breadth/members/nasdaq.json;cache/market_breadth/snapshots/nasdaq.json,Composite business still references; approval required before archive
US.FLYE,cache/market_breadth/prices/US.FLYE.json,17073,10c14e4b09402de18e0c3edff68f388de2f0621432f94a1c1c2139c9897aef7e,cache/market_breadth/members/nasdaq.json;cache/market_breadth/snapshots/nasdaq.json,Composite business still references; approval required before archive
US.FLYW,cache/market_breadth/prices/US.FLYW.json,17521,301690e6edeb4e9fced7e09cf751a5093736e843fa7270484f2d3937355c5d32,cache/market_breadth/members/nasdaq.json;cache/market_breadth/snapshots/nasdaq.json,Composite business still references; approval required before archive
US.FMAC,cache/market_breadth/prices/US.FMAC.json,4079,56084bba89986f2bc89a4e93d3388d95b25dfbb44ec45b735b8e456db82c30ca,cache/market_breadth/members/nasdaq.json;cache/market_breadth/snapshots/nasdaq.json,Composite business still references; approval required before archive
US.FMAO,cache/market_breadth/prices/US.FMAO.json,17696,5dbfd62bce33a0e86b96fc824562a75df015e97d03367bcfa7fe9ff8ac9645b5,cache/market_breadth/members/nasdaq.json;cache/market_breadth/snapshots/nasdaq.json,Composite business still references; approval required before archive
US.FMBH,cache/market_breadth/prices/US.FMBH.json,17718,03292d9742ea0368fd7d9d9e42bb8397c82413ec74dfb80488137b244b108711,cache/market_breadth/members/nasdaq.json;cache/market_breadth/snapshots/nasdaq.json,Composite business still references; approval required before archive
US.FMFC,cache/market_breadth/prices/US.FMFC.json,13650,8d34adb28b1dab515805b81e24a8544dee3ffdf542381d58a2bd30e6b249d243,cache/market_breadth/members/nasdaq.json;cache/market_breadth/snapshots/nasdaq.json,Composite business still references; approval required before archive
US.FMNB,cache/market_breadth/prices/US.FMNB.json,17705,3acdea04aa51ce0b6860f622b61604bd8e17eab98449368138443f9895d9ef57,cache/market_breadth/members/nasdaq.json;cache/market_breadth/snapshots/nasdaq.json,Composite business still references; approval required before archive
US.FMST,cache/market_breadth/prices/US.FMST.json,17244,ce75daaf104082fd5e35c61dd2e51fe3cf32c1d258a9b3e95336521ed683a826,cache/market_breadth/members/nasdaq.json;cache/market_breadth/snapshots/nasdaq.json,Composite business still references; approval required before archive
US.FNGR,cache/market_breadth/prices/US.FNGR.json,17235,ade1ce4732272e3afc59c5c66317eafa37f0d56a44f083c68070cc01790cb730,cache/market_breadth/members/nasdaq.json;cache/market_breadth/snapshots/nasdaq.json,Composite business still references; approval required before archive
US.FNKO,cache/market_breadth/prices/US.FNKO.json,17238,a03726fb2678247d82a30935d22765e41640710d8168879b6747ba0d888595c2,cache/market_breadth/members/nasdaq.json;cache/market_breadth/snapshots/nasdaq.json,Composite business still references; approval required before archive
US.FNLC,cache/market_breadth/prices/US.FNLC.json,17713,5ace6bb16ab41593653bbc022d33d8e97460e0b79d8b4b9f3517849c513d2f26,cache/market_breadth/members/nasdaq.json;cache/market_breadth/snapshots/nasdaq.json,Composite business still references; approval required before archive
US.FNRN,cache/market_breadth/prices/US.FNRN.json,17457,0ce213a27c6b903c63a6dddd79047b4173d4c325f9c67dbe38eaa634691b291e,cache/market_breadth/members/nasdaq.json;cache/market_breadth/snapshots/nasdaq.json,Composite business still references; approval required before archive
US.FNUC,cache/market_breadth/prices/US.FNUC.json,17260,b154b503d3f26cfc01cdf5e59c33051d4020f981ec4e9b39b1a2d86396dc08e0,cache/market_breadth/members/nasdaq.json;cache/market_breadth/snapshots/nasdaq.json,Composite business still references; approval required before archive
US.FNWB,cache/market_breadth/prices/US.FNWB.json,17249,6dce228cd2a307afeb1bb1ec25a1627adbbc2e983298816ac7a73e15fb5d47ca,cache/market_breadth/members/nasdaq.json;cache/market_breadth/snapshots/nasdaq.json,Composite business still references; approval required before archive
US.FNWD,cache/market_breadth/prices/US.FNWD.json,17719,30fb8227f7e87a5a193025891be769c756f31f0495eef5c6d51c90b0afd0968d,cache/market_breadth/members/nasdaq.json;cache/market_breadth/snapshots/nasdaq.json,Composite business still references; approval required before archive
US.FOCL,cache/market_breadth/prices/US.FOCL.json,17209,ba8a713b4df2c8585ca187c017dcb9449c91a06d5d2effcc13a12e1fdef7ae81,cache/market_breadth/members/nasdaq.json;cache/market_breadth/snapshots/nasdaq.json,Composite business still references; approval required before archive
US.FOFO,cache/market_breadth/prices/US.FOFO.json,11353,536d56a2629a0aa3fe833372ddc5b9fe6d8688645debd33dced6313021560532,cache/market_breadth/members/nasdaq.json;cache/market_breadth/snapshots/nasdaq.json,Composite business still references; approval required before archive
US.FORM,cache/market_breadth/prices/US.FORM.json,17705,01fbea3821b19856aa0ebdb92df58c5aa68904e72d8cc7e7fc87cb8fb13badd6,cache/market_breadth/members/nasdaq.json;cache/market_breadth/snapshots/nasdaq.json,Composite business still references; approval required before archive
US.FORR,cache/market_breadth/prices/US.FORR.json,17316,165a227e68477802fb71e27347ac2056b168f74491d27dac6161cca7a090cda1,cache/market_breadth/members/nasdaq.json;cache/market_breadth/snapshots/nasdaq.json,Composite business still references; approval required before archive
US.FORTY,cache/market_breadth/prices/US.FORTY.json,17993,c150629939ba5265e676221aac5e0f2e460082cb285d36634798789cc4bcecb2,cache/market_breadth/members/nasdaq.json;cache/market_breadth/snapshots/nasdaq.json,Composite business still references; approval required before archive
US.FOSL,cache/market_breadth/prices/US.FOSL.json,17178,f2b4d111dd2e62063214ebf518343b242725c5700dacfd6b08f91fe5b519cc2e,cache/market_breadth/members/nasdaq.json;cache/market_breadth/snapshots/nasdaq.json,Composite business still references; approval required before archive
US.FOX,cache/market_breadth/prices/US.FOX.json,17706,1532b18f73bbfaa3eb477193d2882c5dd4174d49423db84b1b8c10de2822db0e,cache/market_breadth/members/nasdaq.json;cache/market_breadth/snapshots/nasdaq.json,Composite business still references; approval required before archive
US.FOXA,cache/market_breadth/prices/US.FOXA.json,17705,a37bed85ad5d3edfae52997f9ad97794f5fb9bda35eb033ec4cb025c352f6c6b,cache/market_breadth/members/nasdaq.json;cache/market_breadth/snapshots/nasdaq.json,Composite business still references; approval required before archive
US.FOXF,cache/market_breadth/prices/US.FOXF.json,17595,7648dcc695644fcfec6b48e88620fbd3a2e219549bdf5216363d8e6e08749010,cache/market_breadth/members/nasdaq.json;cache/market_breadth/snapshots/nasdaq.json,Composite business still references; approval required before archive
US.FOXX,cache/market_breadth/prices/US.FOXX.json,17042,f0fc500e9b231c0ea6f5beb3f93230bb94cbea184f4ab5b565a42393c1912e12,cache/market_breadth/members/nasdaq.json;cache/market_breadth/snapshots/nasdaq.json,Composite business still references; approval required before archive
US.FRAF,cache/market_breadth/prices/US.FRAF.json,17704,109b6e86d8964adcd86947239f638feeec7ac49aadec0add22d5e5cf7f1c7093,cache/market_breadth/members/nasdaq.json;cache/market_breadth/snapshots/nasdaq.json,Composite business still references; approval required before archive
US.FRBA,cache/market_breadth/prices/US.FRBA.json,17709,397828d95717ae7a02ce9fe353d661461f658d0d1b9d54fe03a1d6e43b8110c5,cache/market_breadth/members/nasdaq.json;cache/market_breadth/snapshots/nasdaq.json,Composite business still references; approval required before archive
US.FRBT,cache/market_breadth/prices/US.FRBT.json,3380,e73a3625a536557a0c393ea2d2ff212752613690c65f47894e050abe56612e39,cache/market_breadth/members/nasdaq.json;cache/market_breadth/snapshots/nasdaq.json,Composite business still references; approval required before archive
US.FRD,cache/market_breadth/prices/US.FRD.json,17664,8556ccb1755afca105ae36501a095348fbedfda94c18d17b822e9ee068722fdf,cache/market_breadth/members/nasdaq.json;cache/market_breadth/snapshots/nasdaq.json,Composite business still references; approval required before archive
US.FRGT,cache/market_breadth/prices/US.FRGT.json,16016,65defb71120eca5054457f68e890e452ae8b34a12a67d8d60a84c6c39c9a13f8,cache/market_breadth/members/nasdaq.json;cache/market_breadth/snapshots/nasdaq.json,Composite business still references; approval required before archive
US.FRHC,cache/market_breadth/prices/US.FRHC.json,17907,30861de15236b564b764ccfce9035e5aa9d03d30da3db22731d76829a1f9c7fc,cache/market_breadth/members/nasdaq.json;cache/market_breadth/snapshots/nasdaq.json,Composite business still references; approval required before archive
US.FRME,cache/market_breadth/prices/US.FRME.json,17715,657f008648a8bd4ad77afe3a83f17658bf0169acabe8ef7f095179c7fc8b20db,cache/market_breadth/members/nasdaq.json;cache/market_breadth/snapshots/nasdaq.json,Composite business still references; approval required before archive
US.FRMI,cache/market_breadth/prices/US.FRMI.json,10791,a8a42c48946ba08e3768834fe97d6bafb0d74933b1f2e441721acd835848535a,cache/market_breadth/members/nasdaq.json;cache/market_breadth/snapshots/nasdaq.json,Composite business still references; approval required before archive
US.FRMM,cache/market_breadth/prices/US.FRMM.json,17214,f7b421aa914b070fba521640b734cab8b55143a7f5557aca686afee8782d3001,cache/market_breadth/members/nasdaq.json;cache/market_breadth/snapshots/nasdaq.json,Composite business still references; approval required before archive
US.FRNM,cache/market_breadth/prices/US.FRNM.json,17486,2e092e2392a01692b2092bf36544e0e74053dbe56a9174b61cd8dd4634659591,cache/market_breadth/members/nasdaq.json;cache/market_breadth/snapshots/nasdaq.json,Composite business still references; approval required before archive
US.FROG,cache/market_breadth/prices/US.FROG.json,17529,5b1cfed68e161879a31258e82d795ae0faa9669f23316243457af739f4cd9d41,cache/market_breadth/members/nasdaq.json;cache/market_breadth/snapshots/nasdaq.json,Composite business still references; approval required before archive
US.FRPH,cache/market_breadth/prices/US.FRPH.json,17613,e3d3413c6ab955d86025b8069227063f686b41c51e20358bd7c3dfea42432e1d,cache/market_breadth/members/nasdaq.json;cache/market_breadth/snapshots/nasdaq.json,Composite business still references; approval required before archive
US.FRPT,cache/market_breadth/prices/US.FRPT.json,17548,37a902dc3f130b0a3cbbd5b0b63ddb68518fcea521560b2be39ed38f8bf42684,cache/market_breadth/members/nasdaq.json;cache/market_breadth/snapshots/nasdaq.json,Composite business still references; approval required before archive
US.FRSH,cache/market_breadth/prices/US.FRSH.json,17467,5ce383266c844c4fa4cc50b6506a42f2f55a2018c97eca3b948c578fd6204c56,cache/market_breadth/members/nasdaq.json;cache/market_breadth/snapshots/nasdaq.json,Composite business still references; approval required before archive
US.FRST,cache/market_breadth/prices/US.FRST.json,17600,e105e7b972c259e2d6075752608aa0e211c22725d10161ab4927ad76a3eb126f,cache/market_breadth/members/nasdaq.json;cache/market_breadth/snapshots/nasdaq.json,Composite business still references; approval required before archive
US.FRSX,cache/market_breadth/prices/US.FRSX.json,17244,6809adbe67488f207762ee69402d69271866733f718572bbc53e963ef1870c06,cache/market_breadth/members/nasdaq.json;cache/market_breadth/snapshots/nasdaq.json,Composite business still references; approval required before archive
US.FRTT,cache/market_breadth/prices/US.FRTT.json,3486,ba43edbc23ee2247a9b70c12c3dc53dd99e933335a37ee78d2772e47141e7121,cache/market_breadth/members/nasdaq.json;cache/market_breadth/snapshots/nasdaq.json,Composite business still references; approval required before archive
US.FRVO,cache/market_breadth/prices/US.FRVO.json,4286,1fc47f268857e76392411f171dbea900c73c77ffcec4016990fe297fd8e851e8,cache/market_breadth/members/nasdaq.json;cache/market_breadth/snapshots/nasdaq.json,Composite business still references; approval required before archive
US.FSBC,cache/market_breadth/prices/US.FSBC.json,17702,fa47ba723e8bc000546a1b6c11e8d99ac08c7ccaab8366e231de5ee2dc2d735d,cache/market_breadth/members/nasdaq.json;cache/market_breadth/snapshots/nasdaq.json,Composite business still references; approval required before archive
US.FSBW,cache/market_breadth/prices/US.FSBW.json,17715,c2b3e71684c0757f9b2aa09e7345e1f5881896a4cb15a7a09f87fd9aee62c7a4,cache/market_breadth/members/nasdaq.json;cache/market_breadth/snapshots/nasdaq.json,Composite business still references; approval required before archive
US.FSEA,cache/market_breadth/prices/US.FSEA.json,17317,3a4f3f00d66cc21c9f0837d2d3c28899aa6d6b383d108685e54356d8a5b9b334,cache/market_breadth/members/nasdaq.json;cache/market_breadth/snapshots/nasdaq.json,Composite business still references; approval required before archive
US.FSHP,cache/market_breadth/prices/US.FSHP.json,17543,76f08a6164d08e83b587341c8db0968b8c9c8393a069f4b302584ffda3b03b9f,cache/market_breadth/members/nasdaq.json;cache/market_breadth/snapshots/nasdaq.json,Composite business still references; approval required before archive
US.FSLR,cache/market_breadth/prices/US.FSLR.json,18008,b067902149f766f1459183a61e63a23ea3945974a3553476774b25a7c901ecf2,cache/market_breadth/members/nasdaq.json;cache/market_breadth/snapshots/nasdaq.json,Composite business still references; approval required before archive
US.FSLY,cache/market_breadth/prices/US.FSLY.json,17342,9c6f50df2de227a267a38ecb5c9b913c64e1e456a45eca0be7c6702ed38ce3b3,cache/market_breadth/members/nasdaq.json;cache/market_breadth/snapshots/nasdaq.json,Composite business still references; approval required before archive
US.FSTR,cache/market_breadth/prices/US.FSTR.json,17481,f74ecae64b95d7a82391ad1a3b09e41b491515f16f12b9a1a4a272fd3f7b6eb3,cache/market_breadth/members/nasdaq.json;cache/market_breadth/snapshots/nasdaq.json,Composite business still references; approval required before archive
US.FSUN,cache/market_breadth/prices/US.FSUN.json,17539,8361348c51f844cd06e6a7d59272a275d262a75500e005a0ea64d805c4def794,cache/market_breadth/members/nasdaq.json;cache/market_breadth/snapshots/nasdaq.json,Composite business still references; approval required before archive
US.FSV,cache/market_breadth/prices/US.FSV.json,18094,4f48b48d1dac7bb77b34c1a4e09733dade5e0f96de43752c7b0f191e241f8196,cache/market_breadth/members/nasdaq.json;cache/market_breadth/snapshots/nasdaq.json,Composite business still references; approval required before archive
US.FTAI,cache/market_breadth/prices/US.FTAI.json,18076,a710d311f5ebbcd1098d288d7b29202ddfae59dabe79fe02e0369eedd2555245,cache/market_breadth/members/nasdaq.json;cache/market_breadth/snapshots/nasdaq.json,Composite business still references; approval required before archive
US.FTCI,cache/market_breadth/prices/US.FTCI.json,17147,52b7162581e34111449077edb6d5bb6d3c50fb43c0a82734c716da12ddcde41a,cache/market_breadth/members/nasdaq.json;cache/market_breadth/snapshots/nasdaq.json,Composite business still references; approval required before archive
US.FTDR,cache/market_breadth/prices/US.FTDR.json,17553,5c03a5669adf5e4b37038577074bd171e15b4829c12ce6290f6ab33c0c93ae15,cache/market_breadth/members/nasdaq.json;cache/market_breadth/snapshots/nasdaq.json,Composite business still references; approval required before archive
US.FTEK,cache/market_breadth/prices/US.FTEK.json,17152,54a712b62558142eca20c5b89f4205fe9ddf9c17ee99d9412b9d8c2d0f0f8801,cache/market_breadth/members/nasdaq.json;cache/market_breadth/snapshots/nasdaq.json,Composite business still references; approval required before archive
US.FTFT,cache/market_breadth/prices/US.FTFT.json,17588,b5f72b315c3eab7cce8cc442402b831c88cd239a64b35b5a4d6108b333bdb6ae,cache/market_breadth/members/nasdaq.json;cache/market_breadth/snapshots/nasdaq.json,Composite business still references; approval required before archive
US.FTH,cache/market_breadth/prices/US.FTH.json,17161,a3f57562dda1198ea30769f582fefdd218362abdef7457e4aced6f1d2f9938e2,cache/market_breadth/members/nasdaq.json;cache/market_breadth/snapshots/nasdaq.json,Composite business still references; approval required before archive
US.FTHA,cache/market_breadth/prices/US.FTHA.json,3099,9623ff78638c43e11839c4ae3830090717636cc77c76325f2b57e6c80b2d12a8,cache/market_breadth/members/nasdaq.json;cache/market_breadth/snapshots/nasdaq.json,Composite business still references; approval required before archive
US.FTHM,cache/market_breadth/prices/US.FTHM.json,17147,f4c0e1653ee87b05d3f1dea95a4edfeda734f549bdb2fd4430e74a0efa99f9ee,cache/market_breadth/members/nasdaq.json;cache/market_breadth/snapshots/nasdaq.json,Composite business still references; approval required before archive
US.FTLF,cache/market_breadth/prices/US.FTLF.json,17376,c7ba197a69174e86990ee3b786f93153e8695e543ffb89e919894a3ff391d9c0,cache/market_breadth/members/nasdaq.json;cache/market_breadth/snapshots/nasdaq.json,Composite business still references; approval required before archive
US.FTRE,cache/market_breadth/prices/US.FTRE.json,17395,7d604fe512f6d7286a8c356680a037261aa15d74608c153378479a39d92dc63a,cache/market_breadth/members/nasdaq.json;cache/market_breadth/snapshots/nasdaq.json,Composite business still references; approval required before archive
US.FUFU,cache/market_breadth/prices/US.FUFU.json,17195,a7a1070d777cefb20014cb73b76d2217d53c48ae1272f08299b916f86c61cde4,cache/market_breadth/members/nasdaq.json;cache/market_breadth/snapshots/nasdaq.json,Composite business still references; approval required before archive
US.FULC,cache/market_breadth/prices/US.FULC.json,17188,4189ffe3567682fa37341c368b849e4801b6ae51e04fe378731c93cc0b470f53,cache/market_breadth/members/nasdaq.json;cache/market_breadth/snapshots/nasdaq.json,Composite business still references; approval required before archive
US.FULT,cache/market_breadth/prices/US.FULT.json,17688,dc8af6141213ae26767979279d7cfbde90858b7274243b49afaa6a705112d9eb,cache/market_breadth/members/nasdaq.json;cache/market_breadth/snapshots/nasdaq.json,Composite business still references; approval required before archive
US.FUNC,cache/market_breadth/prices/US.FUNC.json,17693,c6acd743edab5fa99651b2ba744d5f91584285119dd9d103571e2474bcc23e52,cache/market_breadth/members/nasdaq.json;cache/market_breadth/snapshots/nasdaq.json,Composite business still references; approval required before archive
US.FUSB,cache/market_breadth/prices/US.FUSB.json,17708,fa4a329611ca5adcfca405d997e18bfbf5617e0c7a23254f6689c9b6a77828e8,cache/market_breadth/members/nasdaq.json;cache/market_breadth/snapshots/nasdaq.json,Composite business still references; approval required before archive
US.FUSE,cache/market_breadth/prices/US.FUSE.json,16917,e750254bfef06807b2fd014512bae8405b8c3850c1f55ca78dd3a859dd4ab333,cache/market_breadth/members/nasdaq.json;cache/market_breadth/snapshots/nasdaq.json,Composite business still references; approval required before archive
US.FUTU,cache/market_breadth/prices/US.FUTU.json,18004,690aa31f57225d1c91d5f6c712ce5246b4230024da9958966084d20c41fb2adb,cache/market_breadth/members/nasdaq.json;cache/market_breadth/snapshots/nasdaq.json,Composite business still references; approval required before archive
US.FVAV,cache/market_breadth/prices/US.FVAV.json,6610,f757e966cebee54f8738ba3f80f1061a1a2a56c579fb81771e7b60318b337149,cache/market_breadth/members/nasdaq.json;cache/market_breadth/snapshots/nasdaq.json,Composite business still references; approval required before archive
US.FVCB,cache/market_breadth/prices/US.FVCB.json,17683,817fe556e82bfb82f6aa3911bcd347538e5595f57da2ff5cede6ff574f2166da,cache/market_breadth/members/nasdaq.json;cache/market_breadth/snapshots/nasdaq.json,Composite business still references; approval required before archive
US.FVN,cache/market_breadth/prices/US.FVN.json,17507,8f117d9d45fea584b37b4a55327343913ffe9460a24a86142cfa1cf6d9dcf2c9,cache/market_breadth/members/nasdaq.json;cache/market_breadth/snapshots/nasdaq.json,Composite business still references; approval required before archive
US.FWAC,cache/market_breadth/prices/US.FWAC.json,1913,34063cd8c723405f925d5c3921218f4d74b911731ef7d267597b142bcb09fcd1,cache/market_breadth/members/nasdaq.json;cache/market_breadth/snapshots/nasdaq.json,Composite business still references; approval required before archive
US.FWDI,cache/market_breadth/prices/US.FWDI.json,17282,1ad5edde62331d8944d4df8e2c62067dfc416144549773e1be43c602c5a1c13e,cache/market_breadth/members/nasdaq.json;cache/market_breadth/snapshots/nasdaq.json,Composite business still references; approval required before archive
US.FWONA,cache/market_breadth/prices/US.FWONA.json,17588,b57d0918f6f60ad4a9b3a34666afd5318aa635e54ac7b0c935e1b33c93b964cb,cache/market_breadth/members/nasdaq.json;cache/market_breadth/snapshots/nasdaq.json,Composite business still references; approval required before archive
US.FWONK,cache/market_breadth/prices/US.FWONK.json,17603,98fee07848c4fbd946052a6a5d3c3133a96b66e6538e8e1bad76abfdf4c50f36,cache/market_breadth/members/nasdaq.json;cache/market_breadth/snapshots/nasdaq.json,Composite business still references; approval required before archive
US.FWRD,cache/market_breadth/prices/US.FWRD.json,17490,ccd6d04f600206a8d3abad984f81a9dc3fef321dc37753fc334216af96cb8090,cache/market_breadth/members/nasdaq.json;cache/market_breadth/snapshots/nasdaq.json,Composite business still references; approval required before archive
US.FWRG,cache/market_breadth/prices/US.FWRG.json,17558,731237e862585c043bbab079b354f57b6c5176d803840de189ce283bfc03ec15,cache/market_breadth/members/nasdaq.json;cache/market_breadth/snapshots/nasdaq.json,Composite business still references; approval required before archive
US.FXAC,cache/market_breadth/prices/US.FXAC.json,2701,16268025e15b411cce93dd08e8616b5c605c995d67d7226249bfbfd12ba24625,cache/market_breadth/members/nasdaq.json;cache/market_breadth/snapshots/nasdaq.json,Composite business still references; approval required before archive
US.FXHO,cache/market_breadth/prices/US.FXHO.json,15928,a9af6afc340719e87ead8a5609e5e0005b023c2a97f7bfe69552fd2dd41d8276,cache/market_breadth/members/nasdaq.json;cache/market_breadth/snapshots/nasdaq.json,Composite business still references; approval required before archive
US.FXNC,cache/market_breadth/prices/US.FXNC.json,17709,43c77e6b3dfe67961dcd0da4dad26738fe45f850e6c598d35460f407e84aefdb,cache/market_breadth/members/nasdaq.json;cache/market_breadth/snapshots/nasdaq.json,Composite business still references; approval required before archive
US.GABC,cache/market_breadth/prices/US.GABC.json,17680,04fa12338759328b28fd6e4bb2f2f3be5b0211a2d4c993c228a41db749ee4d6a,cache/market_breadth/members/nasdaq.json;cache/market_breadth/snapshots/nasdaq.json,Composite business still references; approval required before archive
US.GAIA,cache/market_breadth/prices/US.GAIA.json,17169,76995a0996acdf89c6636988bb665832331de9fc18ac36f85ee8b0cc589dfe53,cache/market_breadth/members/nasdaq.json;cache/market_breadth/snapshots/nasdaq.json,Composite business still references; approval required before archive
US.GAIN,cache/market_breadth/prices/US.GAIN.json,17706,79f31a9aa9b79fe9efe08d180e7dacc2f458810663a07bd7ce09ca4de99a8704,cache/market_breadth/members/nasdaq.json;cache/market_breadth/snapshots/nasdaq.json,Composite business still references; approval required before archive
US.GALT,cache/market_breadth/prices/US.GALT.json,17147,1cfb4b45f3ec6b497a88a4dc9c13a34d13a0162997a593eb7b96f95cc1bff545,cache/market_breadth/members/nasdaq.json;cache/market_breadth/snapshots/nasdaq.json,Composite business still references; approval required before archive
US.GAME,cache/market_breadth/prices/US.GAME.json,17289,66b63ab45fe663a2edab900d09ad5382a02b22b8deaeb583f5ce09446ee65f89,cache/market_breadth/members/nasdaq.json;cache/market_breadth/snapshots/nasdaq.json,Composite business still references; approval required before archive
US.GANX,cache/market_breadth/prices/US.GANX.json,17194,91b03671506a7b381022d68ca125b4ee844bb6f83b5be28cf80b938789d48f9a,cache/market_breadth/members/nasdaq.json;cache/market_breadth/snapshots/nasdaq.json,Composite business still references; approval required before archive
US.GASS,cache/market_breadth/prices/US.GASS.json,17229,bff95997c48f7cf7d11db7f6410b114c38b09a24966cded8723a581b98b92c15,cache/market_breadth/members/nasdaq.json;cache/market_breadth/snapshots/nasdaq.json,Composite business still references; approval required before archive
US.GAUZ,cache/market_breadth/prices/US.GAUZ.json,17095,7e4edf52596ca2fcd77ad5212333a826001aa781186c3f7066bd0e52494b0a89,cache/market_breadth/members/nasdaq.json;cache/market_breadth/snapshots/nasdaq.json,Composite business still references; approval required before archive
US.GBFH,cache/market_breadth/prices/US.GBFH.json,17470,219a12401c503ec2e35a4b5e50ac99c6bf53b934b6b1cbdfc032c216fc8a9b66,cache/market_breadth/members/nasdaq.json;cache/market_breadth/snapshots/nasdaq.json,Composite business still references; approval required before archive
US.GBLI,cache/market_breadth/prices/US.GBLI.json,17719,9aa50c1d9a6be81f834c67e66572a8b4df8e0357919f0c16e4356d6072d1414d,cache/market_breadth/members/nasdaq.json;cache/market_breadth/snapshots/nasdaq.json,Composite business still references; approval required before archive
US.GCBC,cache/market_breadth/prices/US.GCBC.json,17710,93f8bd6451d24849d87f900db3d76d8695b92e2c4fe7a87e91664cdaf792789b,cache/market_breadth/members/nasdaq.json;cache/market_breadth/snapshots/nasdaq.json,Composite business still references; approval required before archive
US.GCGR,cache/market_breadth/prices/US.GCGR.json,3175,bc3a4fecdd2d79d83aa2d1963b035f24d26db2369c93cd179142932d143e35f3,cache/market_breadth/members/nasdaq.json;cache/market_breadth/snapshots/nasdaq.json,Composite business still references; approval required before archive
US.GCL,cache/market_breadth/prices/US.GCL.json,17228,48d2fde6d66a044bf463ded240be90a396e2535b3d707c3ffc41fe1176d8d8f8,cache/market_breadth/members/nasdaq.json;cache/market_breadth/snapshots/nasdaq.json,Composite business still references; approval required before archive
US.GCMG,cache/market_breadth/prices/US.GCMG.json,17690,34ff674ef177c3e9fc7e9d528fbc8af407b35f8c013c44c1d24ccd8c29edb879,cache/market_breadth/members/nasdaq.json;cache/market_breadth/snapshots/nasdaq.json,Composite business still references; approval required before archive
US.GCT,cache/market_breadth/prices/US.GCT.json,17575,76a7914435b8e350bf4329e538e0e2e92424210d3ce8697a4bb9b69827b05c7b,cache/market_breadth/members/nasdaq.json;cache/market_breadth/snapshots/nasdaq.json,Composite business still references; approval required before archive
US.GCTK,cache/market_breadth/prices/US.GCTK.json,17042,18475bfdfdece456b13f3d822930ebb4cd9d7148e1c1b653ff427aa84f982eda,cache/market_breadth/members/nasdaq.json;cache/market_breadth/snapshots/nasdaq.json,Composite business still references; approval required before archive
US.GDC,cache/market_breadth/prices/US.GDC.json,15039,b61da9d08a8d73d93063edcbe9ba7753e1c00748888525de4743f332c7a85ae4,cache/market_breadth/members/nasdaq.json;cache/market_breadth/snapshots/nasdaq.json,Composite business still references; approval required before archive
US.GDEV,cache/market_breadth/prices/US.GDEV.json,17401,976832546983077f43a9ff9471fc31ac38603b7639a4638bfba69b06327f1f47,cache/market_breadth/members/nasdaq.json;cache/market_breadth/snapshots/nasdaq.json,Composite business still references; approval required before archive
US.GDHG,cache/market_breadth/prices/US.GDHG.json,16868,16919884ea054aa887288bff5ef33615d90347d9f85e635a464d62a0f3276b3b,cache/market_breadth/members/nasdaq.json;cache/market_breadth/snapshots/nasdaq.json,Composite business still references; approval required before archive
US.GDRX,cache/market_breadth/prices/US.GDRX.json,17206,0e280f5de2a5f75fea4a85a6a11fba275aab2818fe85aeef8d36e00de7ee34ef,cache/market_breadth/members/nasdaq.json;cache/market_breadth/snapshots/nasdaq.json,Composite business still references; approval required before archive
US.GDS,cache/market_breadth/prices/US.GDS.json,17520,695406e7d09e8a196e943e9b9161613fc2e09f77e14fee0caeac092a2b82f234,cache/market_breadth/members/nasdaq.json;cache/market_breadth/snapshots/nasdaq.json,Composite business still references; approval required before archive
US.GDTC,cache/market_breadth/prices/US.GDTC.json,17100,2cb56685a1b1106a72a95cb1f0aa094e3c95c4020616e5f3f681617fb29cc6f4,cache/market_breadth/members/nasdaq.json;cache/market_breadth/snapshots/nasdaq.json,Composite business still references; approval required before archive
US.GDYN,cache/market_breadth/prices/US.GDYN.json,17271,aeeb3182e66700c9563c07327f6023d6b212ae09f026fad0b73b65688d033e0c,cache/market_breadth/members/nasdaq.json;cache/market_breadth/snapshots/nasdaq.json,Composite business still references; approval required before archive
US.GEG,cache/market_breadth/prices/US.GEG.json,17174,2ae120f4ae435cca9efddfb945df4d5894495dd7e24b29eca44be494d7efb682,cache/market_breadth/members/nasdaq.json;cache/market_breadth/snapshots/nasdaq.json,Composite business still references; approval required before archive
US.GELS,cache/market_breadth/prices/US.GELS.json,17260,d745b7815def78673c7912116f30a63798e4ebf52735eba2ec668ce9758de85c,cache/market_breadth/members/nasdaq.json;cache/market_breadth/snapshots/nasdaq.json,Composite business still references; approval required before archive
US.GEMI,cache/market_breadth/prices/US.GEMI.json,11363,fbf56480649ecff827dd061f974829d1ba52f80609b5229dc20acd1dbec333d7,cache/market_breadth/members/nasdaq.json;cache/market_breadth/snapshots/nasdaq.json,Composite business still references; approval required before archive
US.GEN,cache/market_breadth/prices/US.GEN.json,17693,bc45799e391029d1c1fbdd520ae10ee53ed3c2197c5cbfefd826346b5419d85e,cache/market_breadth/members/nasdaq.json;cache/market_breadth/snapshots/nasdaq.json,Composite business still references; approval required before archive
US.GENB,cache/market_breadth/prices/US.GENB.json,6538,9a8dc662950adea6af6295f61090b047de9210d998f0e58e4176a7cf8b955a04,cache/market_breadth/members/nasdaq.json;cache/market_breadth/snapshots/nasdaq.json,Composite business still references; approval required before archive
US.GENK,cache/market_breadth/prices/US.GENK.json,17200,26c666f4595e79045d3a424bf23bac6a2ea1eff1591a50ed7e307268aec3dcd1,cache/market_breadth/members/nasdaq.json;cache/market_breadth/snapshots/nasdaq.json,Composite business still references; approval required before archive
US.GEOS,cache/market_breadth/prices/US.GEOS.json,17391,9a5a90d824004ed11aac91c08c9db3671263291f95d7ce81d0ebe41e30bc7f2d,cache/market_breadth/members/nasdaq.json;cache/market_breadth/snapshots/nasdaq.json,Composite business still references; approval required before archive
US.GERN,cache/market_breadth/prices/US.GERN.json,17242,fc1e4ec71cb7f2c465a4a480057ffdde07d729f7f46464079ff76308dacdf592,cache/market_breadth/members/nasdaq.json;cache/market_breadth/snapshots/nasdaq.json,Composite business still references; approval required before archive
US.GEVO,cache/market_breadth/prices/US.GEVO.json,17213,c561f25042d6ba66e2fec7ca7ef01fc80577a2a96a77132977d80c8207c0b6cd,cache/market_breadth/members/nasdaq.json;cache/market_breadth/snapshots/nasdaq.json,Composite business still references; approval required before archive
US.GFAI,cache/market_breadth/prices/US.GFAI.json,17307,2393f025ee71073285e97bcb2191d801538528530fd7a3a5c97eef0469929d59,cache/market_breadth/members/nasdaq.json;cache/market_breadth/snapshots/nasdaq.json,Composite business still references; approval required before archive
US.GFS,cache/market_breadth/prices/US.GFS.json,17709,4e5e9dfdfd49bd65e4a051cb7a92449245d4d76fa6fbe5c1a7dd8dd63d207e10,cache/market_breadth/members/nasdaq.json;cache/market_breadth/snapshots/nasdaq.json,Composite business still references; approval required before archive
US.GFUZ,cache/market_breadth/prices/US.GFUZ.json,10901,e89cb3f593d9e11ac1a848aff84c43d36bcc7c81af03ba6fdae1c44f2adc6f6d,cache/market_breadth/members/nasdaq.json;cache/market_breadth/snapshots/nasdaq.json,Composite business still references; approval required before archive
US.GGAL,cache/market_breadth/prices/US.GGAL.json,17693,bdf15ba90ac1a40514e3a2d201a6548d86dcb4ae9d7352aabeb58e471d34e9c1,cache/market_breadth/members/nasdaq.json;cache/market_breadth/snapshots/nasdaq.json,Composite business still references; approval required before archive
US.GGR,cache/market_breadth/prices/US.GGR.json,16946,444aad2a9acaf8a49c4d4babe3435f26bee8868897107c56e7a26e4a84111d14,cache/market_breadth/members/nasdaq.json;cache/market_breadth/snapshots/nasdaq.json,Composite business still references; approval required before archive
US.GH,cache/market_breadth/prices/US.GH.json,17737,ead41564a18f2646544a64616f6ff07135d4332e95ae05c5bdef210ec82fae07,cache/market_breadth/members/nasdaq.json;cache/market_breadth/snapshots/nasdaq.json,Composite business still references; approval required before archive
US.GHRS,cache/market_breadth/prices/US.GHRS.json,17419,a0aef48923743e6c46dbd8336383b764a429c0fea2bf736e86e92ffa553818ae,cache/market_breadth/members/nasdaq.json;cache/market_breadth/snapshots/nasdaq.json,Composite business still references; approval required before archive
US.GHXI,cache/market_breadth/prices/US.GHXI.json,1485,546ac27c32b1f5448c9207614c3db8ad42eaae47c247a90b7b722fcbbea5ade4,cache/market_breadth/members/nasdaq.json;cache/market_breadth/snapshots/nasdaq.json,Composite business still references; approval required before archive
US.GIBO,cache/market_breadth/prices/US.GIBO.json,15006,69edc64418306e67168ace2fbe6c4972a418edd864ff47705df432a02a17d276,cache/market_breadth/members/nasdaq.json;cache/market_breadth/snapshots/nasdaq.json,Composite business still references; approval required before archive
US.GIFT,cache/market_breadth/prices/US.GIFT.json,17189,0bd1436ceb367e7458bb39bcc961a0a180735b074d78bc866b56ea1853c08873,cache/market_breadth/members/nasdaq.json;cache/market_breadth/snapshots/nasdaq.json,Composite business still references; approval required before archive
US.GIGM,cache/market_breadth/prices/US.GIGM.json,17154,096c46449d7ec9cbc696e01d7feb8077c9ba4a87ba338ae0d9457e36502fa31e,cache/market_breadth/members/nasdaq.json;cache/market_breadth/snapshots/nasdaq.json,Composite business still references; approval required before archive
US.GIII,cache/market_breadth/prices/US.GIII.json,17714,f23814af85f7ec066c52410b5b6af431cb331e4d1f3bb4ce862fc2548cab3772,cache/market_breadth/members/nasdaq.json;cache/market_breadth/snapshots/nasdaq.json,Composite business still references; approval required before archive
US.GILT,cache/market_breadth/prices/US.GILT.json,17470,5ff02d44dabfeac259e64ec5d230e371656fb483e1945b336fd196e2ea762162,cache/market_breadth/members/nasdaq.json;cache/market_breadth/snapshots/nasdaq.json,Composite business still references; approval required before archive
US.GIPR,cache/market_breadth/prices/US.GIPR.json,17080,707a5779ed0325d0b1e83e39bb08f47629f25d2af2f084634c5c803fd4c2331a,cache/market_breadth/members/nasdaq.json;cache/market_breadth/snapshots/nasdaq.json,Composite business still references; approval required before archive
US.GITS,cache/market_breadth/prices/US.GITS.json,17138,4b828dec78d953104b128a7c0764e5b733c9d2eded772f9fa4ece81e26a26ce8,cache/market_breadth/members/nasdaq.json;cache/market_breadth/snapshots/nasdaq.json,Composite business still references; approval required before archive
US.GIW,cache/market_breadth/prices/US.GIW.json,10084,fbdb4c29a630a3f2611c0c64daa275eb1b6dad5b55309c31ba185a3a295ad4e5,cache/market_breadth/members/nasdaq.json;cache/market_breadth/snapshots/nasdaq.json,Composite business still references; approval required before archive
US.GIX,cache/market_breadth/prices/US.GIX.json,5864,d67ac1095b375cb834ccc195a14093b43bc7da451bb3536d6875dc1576476653,cache/market_breadth/members/nasdaq.json;cache/market_breadth/snapshots/nasdaq.json,Composite business still references; approval required before archive
US.GIXI,cache/market_breadth/prices/US.GIXI.json,899,a7a9deb226e878f4850a36c8dbde852b2fdca8357e7d6371367bc9738a9afc31,cache/market_breadth/members/nasdaq.json;cache/market_breadth/snapshots/nasdaq.json,Composite business still references; approval required before archive
US.GLBE,cache/market_breadth/prices/US.GLBE.json,17611,6b466ee76ca8a6ba00dc081da4e3a44320f86c565d34b0e30985ee406434a2de,cache/market_breadth/members/nasdaq.json;cache/market_breadth/snapshots/nasdaq.json,Composite business still references; approval required before archive
US.GLBS,cache/market_breadth/prices/US.GLBS.json,17184,7a39e1bb4299f68a20537040dd74eb0d9f4cfd5f7e4c0383dcf18d8cda772ffe,cache/market_breadth/members/nasdaq.json;cache/market_breadth/snapshots/nasdaq.json,Composite business still references; approval required before archive
US.GLE,cache/market_breadth/prices/US.GLE.json,17220,595878a030d1b652c87fe81b813b0807f3a36a3676f05b53997f9f39079e9309,cache/market_breadth/members/nasdaq.json;cache/market_breadth/snapshots/nasdaq.json,Composite business still references; approval required before archive
US.GLIBA,cache/market_breadth/prices/US.GLIBA.json,13432,7e25bd52ab24bad159bbe23c33a7a97ba1d05362022c9c7c020cfd23e49a222d,cache/market_breadth/members/nasdaq.json;cache/market_breadth/snapshots/nasdaq.json,Composite business still references; approval required before archive
US.GLIBK,cache/market_breadth/prices/US.GLIBK.json,13455,f6bb1c11d26204f275cd4aebddd1689c239ec862e80078d672453462b6e8f9a0,cache/market_breadth/members/nasdaq.json;cache/market_breadth/snapshots/nasdaq.json,Composite business still references; approval required before archive
US.GLND,cache/market_breadth/prices/US.GLND.json,5727,bd7b6086fe3968ae39902a1f8de02864398141efd7c2c955d2b147d01ba34b9d,cache/market_breadth/members/nasdaq.json;cache/market_breadth/snapshots/nasdaq.json,Composite business still references; approval required before archive
US.GLNG,cache/market_breadth/prices/US.GLNG.json,17693,dbdeed692a9bcc4aa88a4950109bc41f27ab3cb9b3e587aef279ea6bd6bb029b,cache/market_breadth/members/nasdaq.json;cache/market_breadth/snapshots/nasdaq.json,Composite business still references; approval required before archive
US.GLOO,cache/market_breadth/prices/US.GLOO.json,9282,5e60f4fa77e6cfeb9ba02f76b7154b06b156e515b2004f39838c93d2e3f1653d,cache/market_breadth/members/nasdaq.json;cache/market_breadth/snapshots/nasdaq.json,Composite business still references; approval required before archive
US.GLPI,cache/market_breadth/prices/US.GLPI.json,17700,a0ae8f5594c4548c2a723b0f55bd9059c5e7e8c7c9f515e619652d1d401f0ad6,cache/market_breadth/members/nasdaq.json;cache/market_breadth/snapshots/nasdaq.json,Composite business still references; approval required before archive
US.GLRE,cache/market_breadth/prices/US.GLRE.json,17540,08d152816d4e4e078d8ed9b838e2efbc60e1137ac70677034e21122ea2f1deb7,cache/market_breadth/members/nasdaq.json;cache/market_breadth/snapshots/nasdaq.json,Composite business still references; approval required before archive
US.GLSI,cache/market_breadth/prices/US.GLSI.json,17496,59bca90c73f324b850fe44d12919d36228f5b3858ba39247fa7e3f8951d4e3b5,cache/market_breadth/members/nasdaq.json;cache/market_breadth/snapshots/nasdaq.json,Composite business still references; approval required before archive
US.GLUE,cache/market_breadth/prices/US.GLUE.json,17437,995877f5880e4a7cb5d59f9b5abc3018a11dce9f4fca4cb3dd025a555a079b8d,cache/market_breadth/members/nasdaq.json;cache/market_breadth/snapshots/nasdaq.json,Composite business still references; approval required before archive
US.GLXG,cache/market_breadth/prices/US.GLXG.json,17082,b6ac8db1599189ea2cc11036f80164b0990b992c036281819d449de01b17f695,cache/market_breadth/members/nasdaq.json;cache/market_breadth/snapshots/nasdaq.json,Composite business still references; approval required before archive
US.GLXY,cache/market_breadth/prices/US.GLXY.json,15146,82b87a67ddf2c4966b5666628ff02f4fc568aa104e2b6b715d75a83cec8e90a7,cache/market_breadth/members/nasdaq.json;cache/market_breadth/snapshots/nasdaq.json,Composite business still references; approval required before archive
US.GMAB,cache/market_breadth/prices/US.GMAB.json,17608,ca9e6020c956339e8344348cc4f8b72c67d4988f41f6d10e7fb17b878417e094,cache/market_breadth/members/nasdaq.json;cache/market_breadth/snapshots/nasdaq.json,Composite business still references; approval required before archive
US.GMEX,cache/market_breadth/prices/US.GMEX.json,5238,53950617ea74c3e087019bf8931f9ffab3a6fa855b59fe57797332b319ac4566,cache/market_breadth/members/nasdaq.json;cache/market_breadth/snapshots/nasdaq.json,Composite business still references; approval required before archive
US.GMHS,cache/market_breadth/prices/US.GMHS.json,17102,1b0789f8e26faf65b9c5b3366e2093d2c2591a2857eebb69b231fa50de303661,cache/market_breadth/members/nasdaq.json;cache/market_breadth/snapshots/nasdaq.json,Composite business still references; approval required before archive
US.GMM,cache/market_breadth/prices/US.GMM.json,15120,c9f3e5c58867676b8d22c2e5d6ce4e56d3ed66bdafb2dad7ed1691d5c2afc82c,cache/market_breadth/members/nasdaq.json;cache/market_breadth/snapshots/nasdaq.json,Composite business still references; approval required before archive
US.GNLN,cache/market_breadth/prices/US.GNLN.json,16795,65d96a8a3a302778a689527bc041ebec38fe9d87726d08183aaba4c5d24c02e5,cache/market_breadth/members/nasdaq.json;cache/market_breadth/snapshots/nasdaq.json,Composite business still references; approval required before archive
US.GNLX,cache/market_breadth/prices/US.GNLX.json,17265,136c9df8e3ad85c0f7836400df67087a4204054fc6092ac79ae3c87d79c3162e,cache/market_breadth/members/nasdaq.json;cache/market_breadth/snapshots/nasdaq.json,Composite business still references; approval required before archive
US.GNPX,cache/market_breadth/prices/US.GNPX.json,17095,f54f3e4b4bb86cf62d906f5768a65a27998a5994be13eb2718c376fe84d9d724,cache/market_breadth/members/nasdaq.json;cache/market_breadth/snapshots/nasdaq.json,Composite business still references; approval required before archive
US.GNSS,cache/market_breadth/prices/US.GNSS.json,17186,575e8e5ab855d11fdbbed3110a0df6144293fc22241b5ad0083fe7a8d358d6af,cache/market_breadth/members/nasdaq.json;cache/market_breadth/snapshots/nasdaq.json,Composite business still references; approval required before archive
US.GNTA,cache/market_breadth/prices/US.GNTA.json,17144,33b8ccf21c64d5b6f09e0f5217dbb26509d120297d321be11a0f275c7c7ddd11,cache/market_breadth/members/nasdaq.json;cache/market_breadth/snapshots/nasdaq.json,Composite business still references; approval required before archive
US.GNTX,cache/market_breadth/prices/US.GNTX.json,17722,a0deef77a9577417155366eea11d55009c857ea2e70c3064eb4c2a66dae3cb0f,cache/market_breadth/members/nasdaq.json;cache/market_breadth/snapshots/nasdaq.json,Composite business still references; approval required before archive
US.GO,cache/market_breadth/prices/US.GO.json,17443,bb09faec194c9bb212399e92765f73a09edf9d21428b25301f9129662d3913d9,cache/market_breadth/members/nasdaq.json;cache/market_breadth/snapshots/nasdaq.json,Composite business still references; approval required before archive
US.GOAI,cache/market_breadth/prices/US.GOAI.json,7305,9f9f1e3df37c80c2b5dfea2293537b2ea3cfeea6d3d006f5493cc9fecfeda5cd,cache/market_breadth/members/nasdaq.json;cache/market_breadth/snapshots/nasdaq.json,Composite business still references; approval required before archive
US.GOGO,cache/market_breadth/prices/US.GOGO.json,17301,b884b2fbf55aa1c8c67f7f1af3f86393bb0a1d24f6065c1de4ff9226d7b0f1a3,cache/market_breadth/members/nasdaq.json;cache/market_breadth/snapshots/nasdaq.json,Composite business still references; approval required before archive
US.GOOD,cache/market_breadth/prices/US.GOOD.json,17674,88fccd8d18ddb4f8c4b44a06d753332526b8599e97260ef77c86c799bf70e0b8,cache/market_breadth/members/nasdaq.json;cache/market_breadth/snapshots/nasdaq.json,Composite business still references; approval required before archive
US.GOSS,cache/market_breadth/prices/US.GOSS.json,17437,15f23eb08403c62415d2fa2aa0cdc20e9312ddb63435eff19f71e784cba62bdc,cache/market_breadth/members/nasdaq.json;cache/market_breadth/snapshots/nasdaq.json,Composite business still references; approval required before archive
US.GOVX,cache/market_breadth/prices/US.GOVX.json,16608,04ba4e9449342406d362ee1e038facd75da33421e674ff005960f3dfb00dd9dd,cache/market_breadth/members/nasdaq.json;cache/market_breadth/snapshots/nasdaq.json,Composite business still references; approval required before archive
US.GOW,cache/market_breadth/prices/US.GOW.json,17114,533ed757eee91c3da795447b245891e0d68b496a3bc86af5acf5321286e265de,cache/market_breadth/members/nasdaq.json;cache/market_breadth/snapshots/nasdaq.json,Composite business still references; approval required before archive
US.GP,cache/market_breadth/prices/US.GP.json,17132,f7e13a990b3c619749c681fc1a9431b5a3deebe836ba2a8c81082c695d8e3780,cache/market_breadth/members/nasdaq.json;cache/market_breadth/snapshots/nasdaq.json,Composite business still references; approval required before archive
US.GPAC,cache/market_breadth/prices/US.GPAC.json,7494,5f4ef97e4cade3e58ba4fa7e08929eb06bff7f97b7d54d6d18129b0764ccb915,cache/market_breadth/members/nasdaq.json;cache/market_breadth/snapshots/nasdaq.json,Composite business still references; approval required before archive
US.GPAT,cache/market_breadth/prices/US.GPAT.json,17657,d833f9adba3b79231734b9a15b18e2936288df961696a70fd672776449814ca2,cache/market_breadth/members/nasdaq.json;cache/market_breadth/snapshots/nasdaq.json,Composite business still references; approval required before archive
US.GPCR,cache/market_breadth/prices/US.GPCR.json,17502,e3b39fdbc9cd00d748834d616a09e66fb1919f3ed4a7c0059312ca9ad6bcb14b,cache/market_breadth/members/nasdaq.json;cache/market_breadth/snapshots/nasdaq.json,Composite business still references; approval required before archive
US.GPRE,cache/market_breadth/prices/US.GPRE.json,17397,e855f7c84dbd0ea1d2da96e6ad771413123c6a4571d00824a19e3e89f2530481,cache/market_breadth/members/nasdaq.json;cache/market_breadth/snapshots/nasdaq.json,Composite business still references; approval required before archive
US.GPRO,cache/market_breadth/prices/US.GPRO.json,17244,ca0e177c77ecbbbb94c34c86c1997f90d359b2299f63c2cdc73fba803fb74088,cache/market_breadth/members/nasdaq.json;cache/market_breadth/snapshots/nasdaq.json,Composite business still references; approval required before archive
US.GRAB,cache/market_breadth/prices/US.GRAB.json,17232,a5912594f67a97bb62ec630189970e6deb3aa1203a06dcd2c66b9bc5c189f25c,cache/market_breadth/members/nasdaq.json;cache/market_breadth/snapshots/nasdaq.json,Composite business still references; approval required before archive
US.GRAL,cache/market_breadth/prices/US.GRAL.json,17647,958f305c076ba5561689fe2bebfceff877b9f5f7545d918b33f1cebb13f6a507,cache/market_breadth/members/nasdaq.json;cache/market_breadth/snapshots/nasdaq.json,Composite business still references; approval required before archive
US.GRAN,cache/market_breadth/prices/US.GRAN.json,13432,654807ff824f8896c197d6d9150dc8868d8ff686177715a1e5e243d0f0e6ad96,cache/market_breadth/members/nasdaq.json;cache/market_breadth/snapshots/nasdaq.json,Composite business still references; approval required before archive
US.GRCE,cache/market_breadth/prices/US.GRCE.json,17195,d015bf25fb030ef0eb124e361ed9fe1487eddf035686185ac4bb1fe816426a50,cache/market_breadth/members/nasdaq.json;cache/market_breadth/snapshots/nasdaq.json,Composite business still references; approval required before archive
US.GRDX,cache/market_breadth/prices/US.GRDX.json,17237,621b7277aecb89741b0845e67b6d7166e27e0dbfaa1eb5281847bcfc1eff74ea,cache/market_breadth/members/nasdaq.json;cache/market_breadth/snapshots/nasdaq.json,Composite business still references; approval required before archive
US.GRFS,cache/market_breadth/prices/US.GRFS.json,17279,304dc2fdb71b746dfda830ff0eed7b741d8757887d5e4096e9b4d5ab9908ca27,cache/market_breadth/members/nasdaq.json;cache/market_breadth/snapshots/nasdaq.json,Composite business still references; approval required before archive
US.GRI,cache/market_breadth/prices/US.GRI.json,17400,1da94b432b67e04d307411796403df7acebe340021b9043c9d17b943e985ce53,cache/market_breadth/members/nasdaq.json;cache/market_breadth/snapshots/nasdaq.json,Composite business still references; approval required before archive
US.GRML,cache/market_breadth/prices/US.GRML.json,16444,5550dd1c86b816c36951b8c7c3938c1e38c9590f3f1b8d2b06c0eef195c333bc,cache/market_breadth/members/nasdaq.json;cache/market_breadth/snapshots/nasdaq.json,Composite business still references; approval required before archive
US.GRNQ,cache/market_breadth/prices/US.GRNQ.json,17035,601c2ed9c58d39c5df8ece11c761481868fe0bd567329b4c438664563f2abb91,cache/market_breadth/members/nasdaq.json;cache/market_breadth/snapshots/nasdaq.json,Composite business still references; approval required before archive
US.GROW,cache/market_breadth/prices/US.GROW.json,17289,f71ea55c91541ecadbfcd62a5d917a24c30e0d17fbfad151a27e1fe7282f4fc0,cache/market_breadth/members/nasdaq.json;cache/market_breadth/snapshots/nasdaq.json,Composite business still references; approval required before archive
US.GRPN,cache/market_breadth/prices/US.GRPN.json,17603,99e9985682dbb740eca584252c803c1cfb414dddb794d066b539c06fdf2517ee,cache/market_breadth/members/nasdaq.json;cache/market_breadth/snapshots/nasdaq.json,Composite business still references; approval required before archive
US.GRRR,cache/market_breadth/prices/US.GRRR.json,17592,d358971540aa208566af931bcc72e061f034b7a1686317830a4a70e8604a6509,cache/market_breadth/members/nasdaq.json;cache/market_breadth/snapshots/nasdaq.json,Composite business still references; approval required before archive
US.GRSD,cache/market_breadth/prices/US.GRSD.json,17325,a519776e03fa4af42e0e3a8ca9d8a04e455e541e7a919d9dbad5b01a373f113d,cache/market_breadth/members/nasdaq.json;cache/market_breadth/snapshots/nasdaq.json,Composite business still references; approval required before archive
US.GRVY,cache/market_breadth/prices/US.GRVY.json,17452,d3d7a5f272bd48418a4de56a9a5105582d6b4856ddd03eeca671e408110746bd,cache/market_breadth/members/nasdaq.json;cache/market_breadth/snapshots/nasdaq.json,Composite business still references; approval required before archive
US.GRWG,cache/market_breadth/prices/US.GRWG.json,17242,3bbd451bb2ee126885afe0b119862d80d0a39184b06ccd51c66817b674912ac3,cache/market_breadth/members/nasdaq.json;cache/market_breadth/snapshots/nasdaq.json,Composite business still references; approval required before archive
US.GSAT,cache/market_breadth/prices/US.GSAT.json,17616,afcc1238e877a17815b286619151104a21495f8ff85bf62c0d4ceb8959c1c919,cache/market_breadth/members/nasdaq.json;cache/market_breadth/snapshots/nasdaq.json,Composite business still references; approval required before archive
US.GSBC,cache/market_breadth/prices/US.GSBC.json,17710,41e032b6625175cdcd1aba2eec2d6d48af906eeec3ea780e79481f2cc034b9e0,cache/market_breadth/members/nasdaq.json;cache/market_breadth/snapshots/nasdaq.json,Composite business still references; approval required before archive
US.GSHD,cache/market_breadth/prices/US.GSHD.json,17596,a0ef261a22d0938893fccb6f51411b5fbefb5f9fbd48b197a9d1d48956bbb7c6,cache/market_breadth/members/nasdaq.json;cache/market_breadth/snapshots/nasdaq.json,Composite business still references; approval required before archive
US.GSHR,cache/market_breadth/prices/US.GSHR.json,15279,33ea8704edefc400fe38b572f183db9cdf5a7d17c5911342fdd57e934ace796f,cache/market_breadth/members/nasdaq.json;cache/market_breadth/snapshots/nasdaq.json,Composite business still references; approval required before archive
US.GSIT,cache/market_breadth/prices/US.GSIT.json,17221,27dd3f5231e6034330411cbb3467e263a58659a682ffacd076fa91638fe858b6,cache/market_breadth/members/nasdaq.json;cache/market_breadth/snapshots/nasdaq.json,Composite business still references; approval required before archive
US.GSIW,cache/market_breadth/prices/US.GSIW.json,16698,af2431325ae40bf74e6924cab2f1a7ef94d48427c2b4099df5621d51767eed98,cache/market_breadth/members/nasdaq.json;cache/market_breadth/snapshots/nasdaq.json,Composite business still references; approval required before archive
US.GSM,cache/market_breadth/prices/US.GSM.json,17300,11506e02f92e1551354a983e76e7d7fb89545be445c06f1aa333b7d2ca9caccd,cache/market_breadth/members/nasdaq.json;cache/market_breadth/snapshots/nasdaq.json,Composite business still references; approval required before archive
US.GSRF,cache/market_breadth/prices/US.GSRF.json,10421,405df4a63a240ea6c29eaa1e0a357a3e6ed7ec946c5612b29b478fe98c3ad1a4,cache/market_breadth/members/nasdaq.json;cache/market_breadth/snapshots/nasdaq.json,Composite business still references; approval required before archive
US.GSRV,cache/market_breadth/prices/US.GSRV.json,2773,fa08ca5e9eb1b6b016e67d69dc203308ba551e3df94ed20abe0f6fe1dd3f86df,cache/market_breadth/members/nasdaq.json;cache/market_breadth/snapshots/nasdaq.json,Composite business still references; approval required before archive
US.GSUN,cache/market_breadth/prices/US.GSUN.json,17244,22f0172172276981e166aec24f2cfde7e1a91c15a019e78088745489cb82ccef,cache/market_breadth/members/nasdaq.json;cache/market_breadth/snapshots/nasdaq.json,Composite business still references; approval required before archive
US.GT,cache/market_breadth/prices/US.GT.json,17240,6fd6e515b5d3bcd75bc4ce9af716ce439da547caf73a9b17e27c442752f8fcaa,cache/market_breadth/members/nasdaq.json;cache/market_breadth/snapshots/nasdaq.json,Composite business still references; approval required before archive
US.GTBP,cache/market_breadth/prices/US.GTBP.json,17273,3103f340e84cea9b3f9f45170639f5827c54f503f36efd90218eac003a7f2526,cache/market_breadth/members/nasdaq.json;cache/market_breadth/snapshots/nasdaq.json,Composite business still references; approval required before archive
US.GTEC,cache/market_breadth/prices/US.GTEC.json,17269,f9a588c7b85bdd24f38b5f4661fba6f1e97fe9d5683a8ad67f86126360073f4f,cache/market_breadth/members/nasdaq.json;cache/market_breadth/snapshots/nasdaq.json,Composite business still references; approval required before archive
US.GTEN,cache/market_breadth/prices/US.GTEN.json,14007,4db6d132277b57b51f2c1b0d94d5ea55dc42793a8a9e229dd1453e078ad1c63c,cache/market_breadth/members/nasdaq.json;cache/market_breadth/snapshots/nasdaq.json,Composite business still references; approval required before archive
US.GTERA,cache/market_breadth/prices/US.GTERA.json,13029,734e49f39dab101523bd6a861a098efb6734370ee34d5075d8b4a8863015e7d6,cache/market_breadth/members/nasdaq.json;cache/market_breadth/snapshots/nasdaq.json,Composite business still references; approval required before archive
US.GTIM,cache/market_breadth/prices/US.GTIM.json,17145,cc3398d55d4d254e6b2a6b2c286c870085b32b090b45d90ea086e5150b85a282,cache/market_breadth/members/nasdaq.json;cache/market_breadth/snapshots/nasdaq.json,Composite business still references; approval required before archive
US.GTLB,cache/market_breadth/prices/US.GTLB.json,17579,b9b43eef2447ef215c90f8756784f8dd6a3b0457fefe7d86b770ffb0c6e46f8c,cache/market_breadth/members/nasdaq.json;cache/market_breadth/snapshots/nasdaq.json,Composite business still references; approval required before archive
US.GTM,cache/market_breadth/prices/US.GTM.json,17308,326a2b955ef82a4b16b4312614b1f887a57bbfd19fa79b9d8e7c4f527be1153b,cache/market_breadth/members/nasdaq.json;cache/market_breadth/snapshots/nasdaq.json,Composite business still references; approval required before archive
US.GTX,cache/market_breadth/prices/US.GTX.json,17641,7a6fb4dde02c4c4904b6411b1ab85d920501ceb8cbe26aec2de690a229c164f2,cache/market_breadth/members/nasdaq.json;cache/market_breadth/snapshots/nasdaq.json,Composite business still references; approval required before archive
US.GUAC,cache/market_breadth/prices/US.GUAC.json,2719,31fa8db9b09fc7bd3e4fed9067e156f6918e0c2cf23a68ac0454ea4403ece13a,cache/market_breadth/members/nasdaq.json;cache/market_breadth/snapshots/nasdaq.json,Composite business still references; approval required before archive
US.GURE,cache/market_breadth/prices/US.GURE.json,16757,c2458379b2eb3a01fd9c10279e081fa8c60dd7f8ad540c21e42a82be77d529f8,cache/market_breadth/members/nasdaq.json;cache/market_breadth/snapshots/nasdaq.json,Composite business still references; approval required before archive
US.GUTS,cache/market_breadth/prices/US.GUTS.json,17204,99a2c283063ab4fbc79df7fd1c0abc582c0b0d268d73c416b61aa51b04bea204,cache/market_breadth/members/nasdaq.json;cache/market_breadth/snapshots/nasdaq.json,Composite business still references; approval required before archive
US.GVH,cache/market_breadth/prices/US.GVH.json,16791,3edb500868a871e8a65da739e5af3692466069022203930a7ddc89a68edfd305,cache/market_breadth/members/nasdaq.json;cache/market_breadth/snapshots/nasdaq.json,Composite business still references; approval required before archive
US.GWAV,cache/market_breadth/prices/US.GWAV.json,17284,7e02b293ea3b8787786c88bed13a2bac79179a1ee49388e27f325063885f58ad,cache/market_breadth/members/nasdaq.json;cache/market_breadth/snapshots/nasdaq.json,Composite business still references; approval required before archive
US.GWRS,cache/market_breadth/prices/US.GWRS.json,17342,246b70c03054573fd0b79fdcb160d027a19e10a95551f63cb0a5c4dd505e6e0a,cache/market_breadth/members/nasdaq.json;cache/market_breadth/snapshots/nasdaq.json,Composite business still references; approval required before archive
US.GXAI,cache/market_breadth/prices/US.GXAI.json,17199,c12b733272b4955c98ee5e070a43d87bb26d39480c575e4316e2874898e94578,cache/market_breadth/members/nasdaq.json;cache/market_breadth/snapshots/nasdaq.json,Composite business still references; approval required before archive
US.GYGY,cache/market_breadth/prices/US.GYGY.json,1940,c448043019ed07b60570340dd9d0cef813ca6c5c315990e54a922bc9b8d223a9,cache/market_breadth/members/nasdaq.json;cache/market_breadth/snapshots/nasdaq.json,Composite business still references; approval required before archive
US.GYRE,cache/market_breadth/prices/US.GYRE.json,17255,139eccb5c4dc83666308d514208ebfc9f731d907a6af73716277bf2686a10532,cache/market_breadth/members/nasdaq.json;cache/market_breadth/snapshots/nasdaq.json,Composite business still references; approval required before archive
US.GYRO,cache/market_breadth/prices/US.GYRO.json,16858,0e480a49bec097b14032577f32aba085bc969741d98bfb960902fe2527174aaf,cache/market_breadth/members/nasdaq.json;cache/market_breadth/snapshots/nasdaq.json,Composite business still references; approval required before archive
US.HACQ,cache/market_breadth/prices/US.HACQ.json,5405,420f0cc8806391fcd2cd2f0c1260673e1aa2bea4afc1aa58ae8a32a6d96fea2e,cache/market_breadth/members/nasdaq.json;cache/market_breadth/snapshots/nasdaq.json,Composite business still references; approval required before archive
US.HAFC,cache/market_breadth/prices/US.HAFC.json,17695,361c8728344b4e9dc866dc41c543e08fcaf7076f096832da81181eaadf1d0aad,cache/market_breadth/members/nasdaq.json;cache/market_breadth/snapshots/nasdaq.json,Composite business still references; approval required before archive
US.HAIN,cache/market_breadth/prices/US.HAIN.json,17207,39d52738abfd68e3e9b6316fd977fc497ae606146b9c94fedc27481fc50356cc,cache/market_breadth/members/nasdaq.json;cache/market_breadth/snapshots/nasdaq.json,Composite business still references; approval required before archive
US.HALO,cache/market_breadth/prices/US.HALO.json,17683,aa1223150a48e05e92dcde4452f831d23aa6eab4367dcd8d2a9063972c5dd33e,cache/market_breadth/members/nasdaq.json;cache/market_breadth/snapshots/nasdaq.json,Composite business still references; approval required before archive
US.HAO,cache/market_breadth/prices/US.HAO.json,17537,f64c82e6513737a3d8e3f607885c559aa52eede22250909f650e6d249a5202f9,cache/market_breadth/members/nasdaq.json;cache/market_breadth/snapshots/nasdaq.json,Composite business still references; approval required before archive
US.HAPN,cache/market_breadth/prices/US.HAPN.json,17516,58be0823cfe4a6641dfc922d00f078a23b512513bd00fe2b9f7a93df822af3af,cache/market_breadth/members/nasdaq.json;cache/market_breadth/snapshots/nasdaq.json,Composite business still references; approval required before archive
US.HAS,cache/market_breadth/prices/US.HAS.json,17699,e20348ed6cfc0c8776cee0f62361931704739a867a8b33238441d993e0033929,cache/market_breadth/members/nasdaq.json;cache/market_breadth/snapshots/nasdaq.json,Composite business still references; approval required before archive
US.HAVA,cache/market_breadth/prices/US.HAVA.json,8500,b77662b42955c4d7e407767e3b9da0b598354967aa4a00a7e36acf9ebc77e978,cache/market_breadth/members/nasdaq.json;cache/market_breadth/snapshots/nasdaq.json,Composite business still references; approval required before archive
US.HBAN,cache/market_breadth/prices/US.HBAN.json,17706,a53b2ec2658a4a897cd57af151148d7e59e762e7b28ca3c9f2133ddd1c8ed728,cache/market_breadth/members/nasdaq.json;cache/market_breadth/snapshots/nasdaq.json,Composite business still references; approval required before archive
US.HBCP,cache/market_breadth/prices/US.HBCP.json,17718,f6fc5764fec51f013b725b57cf0411e6f974881cc2f36517f2b433102bc1b505,cache/market_breadth/members/nasdaq.json;cache/market_breadth/snapshots/nasdaq.json,Composite business still references; approval required before archive
US.HBIO,cache/market_breadth/prices/US.HBIO.json,16728,47c86168e772057de22b4fd09ceb0db28c544d302254b4cc5f06b2046a570c26,cache/market_breadth/members/nasdaq.json;cache/market_breadth/snapshots/nasdaq.json,Composite business still references; approval required before archive
US.HBNB,cache/market_breadth/prices/US.HBNB.json,14193,2577365eabef29660e37ad7fcc9a45aca2f188262082cfc8f609a6a9cb5c26fe,cache/market_breadth/members/nasdaq.json;cache/market_breadth/snapshots/nasdaq.json,Composite business still references; approval required before archive
US.HBNC,cache/market_breadth/prices/US.HBNC.json,17690,887f9e529ac3275f99021d8c8ed4b7c0c834e4173518e16f14d97367b9116af3,cache/market_breadth/members/nasdaq.json;cache/market_breadth/snapshots/nasdaq.json,Composite business still references; approval required before archive
US.HBT,cache/market_breadth/prices/US.HBT.json,17672,76d82bb926ed15d030165260ba9fe6635f8d2daf2a179eef9f3b51b4317d1527,cache/market_breadth/members/nasdaq.json;cache/market_breadth/snapshots/nasdaq.json,Composite business still references; approval required before archive
US.HCAC,cache/market_breadth/prices/US.HCAC.json,7355,d190987853e9129c6c428161edabe16e0feaf58f31f27123cd17cc4d80242b38,cache/market_breadth/members/nasdaq.json;cache/market_breadth/snapshots/nasdaq.json,Composite business still references; approval required before archive
US.HCAI,cache/market_breadth/prices/US.HCAI.json,17090,bce5298418d206f7d618787e640baca8f332dcf418975c4b9c242d08ec83d203,cache/market_breadth/members/nasdaq.json;cache/market_breadth/snapshots/nasdaq.json,Composite business still references; approval required before archive
US.HCAT,cache/market_breadth/prices/US.HCAT.json,17249,ac9c6863ae8115f1522571501f4e74ceff681a62423799db2e73f02280e90b24,cache/market_breadth/members/nasdaq.json;cache/market_breadth/snapshots/nasdaq.json,Composite business still references; approval required before archive
US.HCHL,cache/market_breadth/prices/US.HCHL.json,13685,08ecb9d7342b2f2358ef012e26d1b886805953fc26bf070a19b080bbfb1de4c6,cache/market_breadth/members/nasdaq.json;cache/market_breadth/snapshots/nasdaq.json,Composite business still references; approval required before archive
US.HCIC,cache/market_breadth/prices/US.HCIC.json,5447,659bb22cfc444119036c81e65447a9eb78d40c783e96ed151194f39e8bd6f5a2,cache/market_breadth/members/nasdaq.json;cache/market_breadth/snapshots/nasdaq.json,Composite business still references; approval required before archive
US.HCKT,cache/market_breadth/prices/US.HCKT.json,17700,3aac63e37f5cf2cf0dac95313517c1cefb3b0835092706f3b294ed1c4c512558,cache/market_breadth/members/nasdaq.json;cache/market_breadth/snapshots/nasdaq.json,Composite business still references; approval required before archive
US.HCM,cache/market_breadth/prices/US.HCM.json,17573,e6b27ba8ad68581dba791614bb122be4e183875fad4ff7f0cae4bfcd02e64ca0,cache/market_breadth/members/nasdaq.json;cache/market_breadth/snapshots/nasdaq.json,Composite business still references; approval required before archive
US.HCMA,cache/market_breadth/prices/US.HCMA.json,11344,d235ced2cebd0b35c5de555e1b8510c240b5761115fa2f8cacd11ab346eef606,cache/market_breadth/members/nasdaq.json;cache/market_breadth/snapshots/nasdaq.json,Composite business still references; approval required before archive
US.HCSG,cache/market_breadth/prices/US.HCSG.json,17569,5af7c5fd61fb55a4f9aa874c2fa6006c6b02fbcf9f04d81d2b36fa2cde5ebe26,cache/market_breadth/members/nasdaq.json;cache/market_breadth/snapshots/nasdaq.json,Composite business still references; approval required before archive
US.HCTI,cache/market_breadth/prices/US.HCTI.json,17544,a9cd1598f706b61754bb86cc5e4b8013699c1eb47cbf69de1110be3524f24039,cache/market_breadth/members/nasdaq.json;cache/market_breadth/snapshots/nasdaq.json,Composite business still references; approval required before archive
US.HCWB,cache/market_breadth/prices/US.HCWB.json,17384,c7dab36a8ed8984a286963ebfdcd84f119409aec8cfcc70f728d94e7b227d33f,cache/market_breadth/members/nasdaq.json;cache/market_breadth/snapshots/nasdaq.json,Composite business still references; approval required before archive
US.HDL,cache/market_breadth/prices/US.HDL.json,17310,b31090046cc1007f8ef27d6e0457bce236d8910dc8200a68659bc7a986b8527d,cache/market_breadth/members/nasdaq.json;cache/market_breadth/snapshots/nasdaq.json,Composite business still references; approval required before archive
US.HDRN,cache/market_breadth/prices/US.HDRN.json,17386,ef9771a1df5ddcba1229d5a0fd34b25bc6ad85b5b62e873d8f9ceefcdc448203,cache/market_breadth/members/nasdaq.json;cache/market_breadth/snapshots/nasdaq.json,Composite business still references; approval required before archive
US.HDSN,cache/market_breadth/prices/US.HDSN.json,17191,1f25062100823db2c8d193fd07147677d07324c48f2f847a101b77f5adc81319,cache/market_breadth/members/nasdaq.json;cache/market_breadth/snapshots/nasdaq.json,Composite business still references; approval required before archive
US.HELE,cache/market_breadth/prices/US.HELE.json,17613,5cd3b136351bfc85f2ca07b33a8e91923e3f3a54a5b59c15588714a85563e712,cache/market_breadth/members/nasdaq.json;cache/market_breadth/snapshots/nasdaq.json,Composite business still references; approval required before archive
US.HELP,cache/market_breadth/prices/US.HELP.json,17164,81d0290c01f87d926b8a32c0618605f805edb065a35c7da18ebef48bef998ef8,cache/market_breadth/members/nasdaq.json;cache/market_breadth/snapshots/nasdaq.json,Composite business still references; approval required before archive
US.HEPS,cache/market_breadth/prices/US.HEPS.json,17235,0599830fe6a8b973753359d16857e098bed787b1bedb01538657a28735be3bdd,cache/market_breadth/members/nasdaq.json;cache/market_breadth/snapshots/nasdaq.json,Composite business still references; approval required before archive
US.HERE,cache/market_breadth/prices/US.HERE.json,17206,8dc8db969f5511454a55e04187ff76d37c219a0b3241b00b6c680317420805b2,cache/market_breadth/members/nasdaq.json;cache/market_breadth/snapshots/nasdaq.json,Composite business still references; approval required before archive
US.HFBL,cache/market_breadth/prices/US.HFBL.json,17580,11a18d70110258d6054da1ef831f039a465e17f7c0f5fbca642291c1173cd9d1,cache/market_breadth/members/nasdaq.json;cache/market_breadth/snapshots/nasdaq.json,Composite business still references; approval required before archive
US.HFFG,cache/market_breadth/prices/US.HFFG.json,17222,0f3411d5f50c7c8af7bc18c8a18d912942fc375a2a6dc9d53c16d39ab8cbde98,cache/market_breadth/members/nasdaq.json;cache/market_breadth/snapshots/nasdaq.json,Composite business still references; approval required before archive
US.HFWA,cache/market_breadth/prices/US.HFWA.json,17699,20ba181599e6176ee0135a90b45940b6c040f58b814c41cdc6237e2ff077e977,cache/market_breadth/members/nasdaq.json;cache/market_breadth/snapshots/nasdaq.json,Composite business still references; approval required before archive
US.HGBL,cache/market_breadth/prices/US.HGBL.json,17116,2d6bb8f080f36085a196d11e82a19b6bb7f364a7da5620cc44198421c8edeba9,cache/market_breadth/members/nasdaq.json;cache/market_breadth/snapshots/nasdaq.json,Composite business still references; approval required before archive
US.HHS,cache/market_breadth/prices/US.HHS.json,17144,7182c6cf1dd0a7701198c4b7b748e4fb9b4122b7729ab17e33c1f92eda3458c4,cache/market_breadth/members/nasdaq.json;cache/market_breadth/snapshots/nasdaq.json,Composite business still references; approval required before archive
US.HIFS,cache/market_breadth/prices/US.HIFS.json,18098,d9a2f87ee991503a353cbbf8101bca3a432188e1c3141a1755ced4da30a44c6d,cache/market_breadth/members/nasdaq.json;cache/market_breadth/snapshots/nasdaq.json,Composite business still references; approval required before archive
US.HIHO,cache/market_breadth/prices/US.HIHO.json,17304,968986f99d8913f4b7be91f0fb1bbd0b727cf2aff9dd079a65a80ef402b52d35,cache/market_breadth/members/nasdaq.json;cache/market_breadth/snapshots/nasdaq.json,Composite business still references; approval required before archive
US.HIMX,cache/market_breadth/prices/US.HIMX.json,17413,f1010bbf2983f8a124b02d43398a8e9f170acd1f3d4ab5c886b3479ed6555a09,cache/market_breadth/members/nasdaq.json;cache/market_breadth/snapshots/nasdaq.json,Composite business still references; approval required before archive
US.HIND,cache/market_breadth/prices/US.HIND.json,17067,8cfb6bfca8ab410a547a171ae287601ff0e7cc116a77b155328bd0caa21f2ef3,cache/market_breadth/members/nasdaq.json;cache/market_breadth/snapshots/nasdaq.json,Composite business still references; approval required before archive
US.HIT,cache/market_breadth/prices/US.HIT.json,17174,4bb2d4f06bdec40b80b9fd4d6bbd7559ac6b8f2152c08bbcda15facd334baa6c,cache/market_breadth/members/nasdaq.json;cache/market_breadth/snapshots/nasdaq.json,Composite business still references; approval required before archive
US.HITI,cache/market_breadth/prices/US.HITI.json,17231,7c5f93750169039eedae1c35178d0c8014164f65ade98c33a87d4b2521a74f87,cache/market_breadth/members/nasdaq.json;cache/market_breadth/snapshots/nasdaq.json,Composite business still references; approval required before archive
US.HIVE,cache/market_breadth/prices/US.HIVE.json,17222,66559bfc2dff83bb08dbea1b772ae3fa5f369dfa68415e08efd363ea136e4362,cache/market_breadth/members/nasdaq.json;cache/market_breadth/snapshots/nasdaq.json,Composite business still references; approval required before archive
US.HKIT,cache/market_breadth/prices/US.HKIT.json,15433,6cc7c01b2c524425284762609582465109d1b2b7c01ad2794591f596fb52e955,cache/market_breadth/members/nasdaq.json;cache/market_breadth/snapshots/nasdaq.json,Composite business still references; approval required before archive
US.HKPD,cache/market_breadth/prices/US.HKPD.json,17243,40432847d45c99f19dac27d46ed27d6577a8de738d6001ff89494e583ce184a5,cache/market_breadth/members/nasdaq.json;cache/market_breadth/snapshots/nasdaq.json,Composite business still references; approval required before archive
US.HLIT,cache/market_breadth/prices/US.HLIT.json,17334,8c8fb7da01b27ac0c41ab4857a729cc7e9aab461c0fc374f66805061cdded1b5,cache/market_breadth/members/nasdaq.json;cache/market_breadth/snapshots/nasdaq.json,Composite business still references; approval required before archive
US.HLMN,cache/market_breadth/prices/US.HLMN.json,17140,07f4b257dfd3dbabaaebfc7319a3f469785886aa54bb1ca2c8fc4e6380d9156d,cache/market_breadth/members/nasdaq.json;cache/market_breadth/snapshots/nasdaq.json,Composite business still references; approval required before archive
US.HLNE,cache/market_breadth/prices/US.HLNE.json,17987,8d6c6984028c2f6aade2ead44c4b222a1498f500c493c724ba4551c334eabf22,cache/market_breadth/members/nasdaq.json;cache/market_breadth/snapshots/nasdaq.json,Composite business still references; approval required before archive
US.HLP,cache/market_breadth/prices/US.HLP.json,17245,63863802ad6d9e6637362b62966c950b821d7a77265833f14d743ad81cc00284,cache/market_breadth/members/nasdaq.json;cache/market_breadth/snapshots/nasdaq.json,Composite business still references; approval required before archive
US.HLXC,cache/market_breadth/prices/US.HLXC.json,7543,3a8316ba7ea875a4db1f6d381e29f09b5628ee28ea66c20a4e7224dddb1f1055,cache/market_breadth/members/nasdaq.json;cache/market_breadth/snapshots/nasdaq.json,Composite business still references; approval required before archive
US.HMH,cache/market_breadth/prices/US.HMH.json,5449,67611488048ebbc0d159f080a4817bb84feac9e8407520b943e4341ff43c4aa5,cache/market_breadth/members/nasdaq.json;cache/market_breadth/snapshots/nasdaq.json,Composite business still references; approval required before archive
US.HMR,cache/market_breadth/prices/US.HMR.json,17209,5e90988b2a3af867f717b15a7e5942fcc235177a508d96c55de85df3c93db945,cache/market_breadth/members/nasdaq.json;cache/market_breadth/snapshots/nasdaq.json,Composite business still references; approval required before archive
US.HNNA,cache/market_breadth/prices/US.HNNA.json,17403,a98fe5053491f06cae86cb4ee05334a0106f3772b8f0dcb5c003820b38c3f937,cache/market_breadth/members/nasdaq.json;cache/market_breadth/snapshots/nasdaq.json,Composite business still references; approval required before archive
US.HNRG,cache/market_breadth/prices/US.HNRG.json,17570,8032495180d5ad86a1bbed8c889c4c79209fa8fbfbab1fc5b1bfe4ef521086e6,cache/market_breadth/members/nasdaq.json;cache/market_breadth/snapshots/nasdaq.json,Composite business still references; approval required before archive
US.HNST,cache/market_breadth/prices/US.HNST.json,17237,698617f85bb00ccbd37aaa339c89762ac8a31ca2239174acb82fa7575e80450f,cache/market_breadth/members/nasdaq.json;cache/market_breadth/snapshots/nasdaq.json,Composite business still references; approval required before archive
US.HNVR,cache/market_breadth/prices/US.HNVR.json,17688,fe6b28819ffe05805950f1ca9b05de72403ac47e2758c6e27b843545c5034b85,cache/market_breadth/members/nasdaq.json;cache/market_breadth/snapshots/nasdaq.json,Composite business still references; approval required before archive
US.HODO,cache/market_breadth/prices/US.HODO.json,17002,a79cb308d7add7513846dc2287b1553950d022ce08d91b5b79e49247abb8fac1,cache/market_breadth/members/nasdaq.json;cache/market_breadth/snapshots/nasdaq.json,Composite business still references; approval required before archive
US.HOFT,cache/market_breadth/prices/US.HOFT.json,17588,343a4477ca070ec69e4b60390dc799ecb38c2a57db7d34c08c1408308cc260ac,cache/market_breadth/members/nasdaq.json;cache/market_breadth/snapshots/nasdaq.json,Composite business still references; approval required before archive
US.HOLO,cache/market_breadth/prices/US.HOLO.json,17168,24f7ccdf59457bd777aa0557e53f169d012810e8c8ec436f407d2fa7ccffb3af,cache/market_breadth/members/nasdaq.json;cache/market_breadth/snapshots/nasdaq.json,Composite business still references; approval required before archive
US.HOOD,cache/market_breadth/prices/US.HOOD.json,17773,c1aa4cef266dd985127d9b8e3ceab993594313ac3eb96cfe8d2396b9609eded5,cache/market_breadth/members/nasdaq.json;cache/market_breadth/snapshots/nasdaq.json,Composite business still references; approval required before archive
US.HOPE,cache/market_breadth/prices/US.HOPE.json,17577,71b2f2436ad4509528dc509ed791485930fd9b54170f84c35dc42735cbe8cdff,cache/market_breadth/members/nasdaq.json;cache/market_breadth/snapshots/nasdaq.json,Composite business still references; approval required before archive
US.HOUR,cache/market_breadth/prices/US.HOUR.json,17239,8a049dda96961df214537715cade144251178498d2b677bad7ff8b46e4dde75d,cache/market_breadth/members/nasdaq.json;cache/market_breadth/snapshots/nasdaq.json,Composite business still references; approval required before archive
US.HOVR,cache/market_breadth/prices/US.HOVR.json,17239,9364c7252b88a2538a6fb77b4e45976e0b922cf57708aaa219475fb1214db8e0,cache/market_breadth/members/nasdaq.json;cache/market_breadth/snapshots/nasdaq.json,Composite business still references; approval required before archive
US.HOWL,cache/market_breadth/prices/US.HOWL.json,17253,4dae00777c4d8d4fdf3c8078d7c5ef7ab20c4ae0497d153f1fdf83e4e39e6f1e,cache/market_breadth/members/nasdaq.json;cache/market_breadth/snapshots/nasdaq.json,Composite business still references; approval required before archive
US.HPAI,cache/market_breadth/prices/US.HPAI.json,17088,a6e402ab77a439054ba25a68e8b72c9b9003f15a131b9b99ab33612ed0a4e742,cache/market_breadth/members/nasdaq.json;cache/market_breadth/snapshots/nasdaq.json,Composite business still references; approval required before archive
US.HPK,cache/market_breadth/prices/US.HPK.json,17314,27fadd3f61c2b50a93a0945564f81b3e40cef221c64e150ba863cdb60c455ac7,cache/market_breadth/members/nasdaq.json;cache/market_breadth/snapshots/nasdaq.json,Composite business still references; approval required before archive
US.HQ,cache/market_breadth/prices/US.HQ.json,5843,e776e88413c9e4c5eb659e70e47f139c8f63068e9a0ee833b868abda60b687cb,cache/market_breadth/members/nasdaq.json;cache/market_breadth/snapshots/nasdaq.json,Composite business still references; approval required before archive
US.HQI,cache/market_breadth/prices/US.HQI.json,17528,04084c96c70bd40bddae37d7752c5b2986c25166c981b28f37102ca58fd7add3,cache/market_breadth/members/nasdaq.json;cache/market_breadth/snapshots/nasdaq.json,Composite business still references; approval required before archive
US.HQY,cache/market_breadth/prices/US.HQY.json,17608,65ba3e4547c7ad1fee85bf8613d661c4e7660499fd97ab557964077e9bd42566,cache/market_breadth/members/nasdaq.json;cache/market_breadth/snapshots/nasdaq.json,Composite business still references; approval required before archive
US.HRMY,cache/market_breadth/prices/US.HRMY.json,17554,3dfdeae9a7005a5de4ff2829bf05d23cecf08c4d2a9221ba177ae7a59385e54e,cache/market_breadth/members/nasdaq.json;cache/market_breadth/snapshots/nasdaq.json,Composite business still references; approval required before archive
US.HROW,cache/market_breadth/prices/US.HROW.json,17565,e9e3e6207d45374905f588b4f0a0592e57e7933dec9486f770019c339d740365,cache/market_breadth/members/nasdaq.json;cache/market_breadth/snapshots/nasdaq.json,Composite business still references; approval required before archive
US.HRTX,cache/market_breadth/prices/US.HRTX.json,17206,3b0cc05b77c774db75fb188e6c32b06254344b20fa729831a61a762f41aa1a62,cache/market_breadth/members/nasdaq.json;cache/market_breadth/snapshots/nasdaq.json,Composite business still references; approval required before archive
US.HRZN,cache/market_breadth/prices/US.HRZN.json,17304,2ffa93e21be00b12308381384ce4fc1295f1468becac0211767123c7da5915bc,cache/market_breadth/members/nasdaq.json;cache/market_breadth/snapshots/nasdaq.json,Composite business still references; approval required before archive
US.HSAI,cache/market_breadth/prices/US.HSAI.json,17515,0571593d1086923bf13461b57deab9cbc4b1776d0a064e49429608eff25379d8,cache/market_breadth/members/nasdaq.json;cache/market_breadth/snapshots/nasdaq.json,Composite business still references; approval required before archive
US.HSCS,cache/market_breadth/prices/US.HSCS.json,17194,a59bb01b5626ec80d5e656f89ad3e1604bbcfd29288b0a8d7d28a4defe5e3456,cache/market_breadth/members/nasdaq.json;cache/market_breadth/snapshots/nasdaq.json,Composite business still references; approval required before archive
US.HSDT,cache/market_breadth/prices/US.HSDT.json,16677,b42e42f46f7d71e00c346dc3c936ff45004a9f5f1b7b1ebcd5062e50160d6d52,cache/market_breadth/members/nasdaq.json;cache/market_breadth/snapshots/nasdaq.json,Composite business still references; approval required before archive
US.HSIC,cache/market_breadth/prices/US.HSIC.json,17561,b1a9625e914d31a5394769d85b87512e60be68a1260f06206e2b31b6d33e7043,cache/market_breadth/members/nasdaq.json;cache/market_breadth/snapshots/nasdaq.json,Composite business still references; approval required before archive
US.HST,cache/market_breadth/prices/US.HST.json,17667,9af67765fdfaef0dae9cab1ee3e1daf76ac22143eb5d75368fded62f6dfe8953,cache/market_breadth/members/nasdaq.json;cache/market_breadth/snapshots/nasdaq.json,Composite business still references; approval required before archive
US.HSTM,cache/market_breadth/prices/US.HSTM.json,17704,5962d5c02914c8e9483997e359dc9b18f813d1fe588723801eb708da5e69b6e9,cache/market_breadth/members/nasdaq.json;cache/market_breadth/snapshots/nasdaq.json,Composite business still references; approval required before archive
US.HTCO,cache/market_breadth/prices/US.HTCO.json,16754,f300d8cff7efa5f97318f5caf08c14462f1bd29f58878f58f057431924484e02,cache/market_breadth/members/nasdaq.json;cache/market_breadth/snapshots/nasdaq.json,Composite business still references; approval required before archive
US.HTCR,cache/market_breadth/prices/US.HTCR.json,17331,ce5035a1998cb7e9d9b2d280339c064fd793f2cc6128750ae4e4f3f21d3f3514,cache/market_breadth/members/nasdaq.json;cache/market_breadth/snapshots/nasdaq.json,Composite business still references; approval required before archive
US.HTFL,cache/market_breadth/prices/US.HTFL.json,12544,6b7b9955941faa423eaebfd41394d8265c90e68146910e04867086b246f3b8c6,cache/market_breadth/members/nasdaq.json;cache/market_breadth/snapshots/nasdaq.json,Composite business still references; approval required before archive
US.HTHT,cache/market_breadth/prices/US.HTHT.json,17695,9f0ba453aa9299caa0ec0ea72b99488b568b169ebc245faacdecfd83990c5c18,cache/market_breadth/members/nasdaq.json;cache/market_breadth/snapshots/nasdaq.json,Composite business still references; approval required before archive
US.HTLD,cache/market_breadth/prices/US.HTLD.json,17488,4e1065ee4cc9041ca15343a2aa64f16ff76d176315cc06668cd8d20c7254650a,cache/market_breadth/members/nasdaq.json;cache/market_breadth/snapshots/nasdaq.json,Composite business still references; approval required before archive
US.HTLM,cache/market_breadth/prices/US.HTLM.json,17272,1670a9ecbba292744902baeebb79a79d003d90cc3ba67ce5e0ac953c6789b491,cache/market_breadth/members/nasdaq.json;cache/market_breadth/snapshots/nasdaq.json,Composite business still references; approval required before archive
US.HTO,cache/market_breadth/prices/US.HTO.json,17696,fbd268e37972b6b03a96ee6f3f205de1b3819a20568d2111068e4b902878e695,cache/market_breadth/members/nasdaq.json;cache/market_breadth/snapshots/nasdaq.json,Composite business still references; approval required before archive
US.HTOO,cache/market_breadth/prices/US.HTOO.json,17146,7b4a1601ebc22d0665622290068299063ff4d487e4a0231a7c48ba44a6be4d1d,cache/market_breadth/members/nasdaq.json;cache/market_breadth/snapshots/nasdaq.json,Composite business still references; approval required before archive
US.HTZ,cache/market_breadth/prices/US.HTZ.json,17275,d5f213aaf821e1ebc36266239fd434da26b76e8bd6e3a4f250fe13466e94aeee,cache/market_breadth/members/nasdaq.json;cache/market_breadth/snapshots/nasdaq.json,Composite business still references; approval required before archive
US.HUBC,cache/market_breadth/prices/US.HUBC.json,15745,dc7171fcb77190e94050d9c8732934e918ea9835495651f5b34038982e9215c1,cache/market_breadth/members/nasdaq.json;cache/market_breadth/snapshots/nasdaq.json,Composite business still references; approval required before archive
US.HUBG,cache/market_breadth/prices/US.HUBG.json,17712,81eefbf94f287d0db5666ef317924f57701f3da33057d792891010ce36874304,cache/market_breadth/members/nasdaq.json;cache/market_breadth/snapshots/nasdaq.json,Composite business still references; approval required before archive
US.HUCK,cache/market_breadth/prices/US.HUCK.json,17366,6b3254210777749478f33210026f09631a9503615f13abcc56bad9dd952e9141,cache/market_breadth/members/nasdaq.json;cache/market_breadth/snapshots/nasdaq.json,Composite business still references; approval required before archive
US.HUDI,cache/market_breadth/prices/US.HUDI.json,17223,4719fe885fda26fe613f0be412da2a6475f8b57ed9b974320aa97aef293fad31,cache/market_breadth/members/nasdaq.json;cache/market_breadth/snapshots/nasdaq.json,Composite business still references; approval required before archive
US.HUHU,cache/market_breadth/prices/US.HUHU.json,17149,9f1190d6124b364950a86a75b2545c4cca26d6f10227309ee882130e2315dc35,cache/market_breadth/members/nasdaq.json;cache/market_breadth/snapshots/nasdaq.json,Composite business still references; approval required before archive
US.HUIZ,cache/market_breadth/prices/US.HUIZ.json,17150,7d6fbd385065985e6b965c6a3f559315c00126985fc5dd625bb3913b16250aa9,cache/market_breadth/members/nasdaq.json;cache/market_breadth/snapshots/nasdaq.json,Composite business still references; approval required before archive
US.HUMA,cache/market_breadth/prices/US.HUMA.json,17241,ad5709e8cebb46d814fed599645c8ecd1fbafb81723937e60396892712de1fd0,cache/market_breadth/members/nasdaq.json;cache/market_breadth/snapshots/nasdaq.json,Composite business still references; approval required before archive
US.HURA,cache/market_breadth/prices/US.HURA.json,17174,3a0e27ab394a4ed97e8155782caf7962a994c1bff810c86615737ab1ddc7eb84,cache/market_breadth/members/nasdaq.json;cache/market_breadth/snapshots/nasdaq.json,Composite business still references; approval required before archive
US.HURC,cache/market_breadth/prices/US.HURC.json,17488,9d4e0f88ae50ee9510f847e6afd9339a53ffdf774589f49df070af122f8995b0,cache/market_breadth/members/nasdaq.json;cache/market_breadth/snapshots/nasdaq.json,Composite business still references; approval required before archive
US.HURN,cache/market_breadth/prices/US.HURN.json,17950,588922c4e9981f360499a6adba47141a69c400512e2ee470c6f26b94b88b82d9,cache/market_breadth/members/nasdaq.json;cache/market_breadth/snapshots/nasdaq.json,Composite business still references; approval required before archive
US.HUT,cache/market_breadth/prices/US.HUT.json,17709,bab345e1ad8614bd664de6339daa77b7450ec2d17f195115b338ed9014a742c8,cache/market_breadth/members/nasdaq.json;cache/market_breadth/snapshots/nasdaq.json,Composite business still references; approval required before archive
US.HVMC,cache/market_breadth/prices/US.HVMC.json,10842,3693bef222f6a529be48ae6320fdd4b69f179be6bbd88bf0e66fe768bbb51425,cache/market_breadth/members/nasdaq.json;cache/market_breadth/snapshots/nasdaq.json,Composite business still references; approval required before archive
US.HWBK,cache/market_breadth/prices/US.HWBK.json,17719,e1dd9ff3aea6787eec84666dd795f87460ec80b5a10a6eb41f27cc4218c66cb5,cache/market_breadth/members/nasdaq.json;cache/market_breadth/snapshots/nasdaq.json,Composite business still references; approval required before archive
US.HWC,cache/market_breadth/prices/US.HWC.json,17711,b5099d6a10e94787d89aedd82a1459c986ccfe88c95f04b2d9572c6084c10e89,cache/market_breadth/members/nasdaq.json;cache/market_breadth/snapshots/nasdaq.json,Composite business still references; approval required before archive
US.HWKN,cache/market_breadth/prices/US.HWKN.json,18089,85bd101f64a142e29e2c3e74e9c4254b322a3145d1927a2525e310d12013d21d,cache/market_breadth/members/nasdaq.json;cache/market_breadth/snapshots/nasdaq.json,Composite business still references; approval required before archive
US.HXHX,cache/market_breadth/prices/US.HXHX.json,15683,f004b6af48f4990eff563b57357cf66ca47fd3a998c2e8f6253de7329ac542f1,cache/market_breadth/members/nasdaq.json;cache/market_breadth/snapshots/nasdaq.json,Composite business still references; approval required before archive
US.HYFM,cache/market_breadth/prices/US.HYFM.json,17155,56a8a5f61e016f1995c02094949e85520c6b136690e2a4af73a52e36966c7041,cache/market_breadth/members/nasdaq.json;cache/market_breadth/snapshots/nasdaq.json,Composite business still references; approval required before archive
US.HYFT,cache/market_breadth/prices/US.HYFT.json,17239,586874cff207072c4de0de8a65e38c19351f4c4268f248fa9f4a6e31d0dacffe,cache/market_breadth/members/nasdaq.json;cache/market_breadth/snapshots/nasdaq.json,Composite business still references; approval required before archive
US.HYMC,cache/market_breadth/prices/US.HYMC.json,17427,a42210f0066cd55639a4a5cd22f942c2d95e04557ae9b173a510ed3862c63c45,cache/market_breadth/members/nasdaq.json;cache/market_breadth/snapshots/nasdaq.json,Composite business still references; approval required before archive
US.HYNE,cache/market_breadth/prices/US.HYNE.json,8982,9b1f1fa684ccd1f93e8baab70f9ef194f9f07d5aa096bf50971042b4e0ab4852,cache/market_breadth/members/nasdaq.json;cache/market_breadth/snapshots/nasdaq.json,Composite business still references; approval required before archive
US.HYPD,cache/market_breadth/prices/US.HYPD.json,17245,649a442ebd1796b06b5afae1b9086be9a4d3c76a775fc5a42b1c344a5e754042,cache/market_breadth/members/nasdaq.json;cache/market_breadth/snapshots/nasdaq.json,Composite business still references; approval required before archive
US.HYPR,cache/market_breadth/prices/US.HYPR.json,17218,84693daf99dd8b179ba28e67a16e613de2f17af191d988262fc2d8bc2dc4464b,cache/market_breadth/members/nasdaq.json;cache/market_breadth/snapshots/nasdaq.json,Composite business still references; approval required before archive
US.IA,cache/market_breadth/prices/US.IA.json,17499,75b14d4cacca9872cfc49f0273b0fa2b8eefa97cc36a9eba80cfba799a365641,cache/market_breadth/members/nasdaq.json;cache/market_breadth/snapshots/nasdaq.json,Composite business still references; approval required before archive
US.IACO,cache/market_breadth/prices/US.IACO.json,5357,785e22d81a03f1c0e16c03b40c7b36bfa37cec884cd0812ba23599b0c5631431,cache/market_breadth/members/nasdaq.json;cache/market_breadth/snapshots/nasdaq.json,Composite business still references; approval required before archive
US.IACQ,cache/market_breadth/prices/US.IACQ.json,3147,07cfdb32cb854396d25bdeecc11af8f22b253fc98ac3b61bc68d86e821761b86,cache/market_breadth/members/nasdaq.json;cache/market_breadth/snapshots/nasdaq.json,Composite business still references; approval required before archive
US.IART,cache/market_breadth/prices/US.IART.json,17550,b944d7a9e5fc250d7ae5fb1bf24078423ebb64e76766fdc793a662dc69838fda,cache/market_breadth/members/nasdaq.json;cache/market_breadth/snapshots/nasdaq.json,Composite business still references; approval required before archive
US.IBAC,cache/market_breadth/prices/US.IBAC.json,17521,e3f82e55f84d145adad58f84e824072ad8d3aeb1e8109d1898f0f4497755e10f,cache/market_breadth/members/nasdaq.json;cache/market_breadth/snapshots/nasdaq.json,Composite business still references; approval required before archive
US.IBCP,cache/market_breadth/prices/US.IBCP.json,17674,5662220a2000e8bfd304514f1a38036026380771b458a5c4942165e47c42af72,cache/market_breadth/members/nasdaq.json;cache/market_breadth/snapshots/nasdaq.json,Composite business still references; approval required before archive
US.IBEX,cache/market_breadth/prices/US.IBEX.json,17552,89cefae719b21c4226ffa499d7955a7a3cc1a0e057eedd0708926f89025c33d1,cache/market_breadth/members/nasdaq.json;cache/market_breadth/snapshots/nasdaq.json,Composite business still references; approval required before archive
US.IBG,cache/market_breadth/prices/US.IBG.json,16799,a2cac47a124c79c6f32634b437e4985dee622dcadb1165f7a0469ddff5785f18,cache/market_breadth/members/nasdaq.json;cache/market_breadth/snapshots/nasdaq.json,Composite business still references; approval required before archive
US.IBIO,cache/market_breadth/prices/US.IBIO.json,17259,18040e8d3c5914ba785f90f8110d5c6e466fb034d2efe29446cca3261ce8b656,cache/market_breadth/members/nasdaq.json;cache/market_breadth/snapshots/nasdaq.json,Composite business still references; approval required before archive
US.IBKR,cache/market_breadth/prices/US.IBKR.json,17698,cb48f9f28a4114df5df9f1b299e97577f8cc6a8b1645261c21055df56a54a5dc,cache/market_breadth/members/nasdaq.json;cache/market_breadth/snapshots/nasdaq.json,Composite business still references; approval required before archive
US.IBOC,cache/market_breadth/prices/US.IBOC.json,17708,e6c88c744163a8fb1aa82d0fd11fd45b6f70eeaa4d28f297f69c4d913744d6fc,cache/market_breadth/members/nasdaq.json;cache/market_breadth/snapshots/nasdaq.json,Composite business still references; approval required before archive
US.IBRX,cache/market_breadth/prices/US.IBRX.json,17197,74e4013b5591d4abbcb19f9c4be303f08b90411fff72dd33265c5ef2e26f99c9,cache/market_breadth/members/nasdaq.json;cache/market_breadth/snapshots/nasdaq.json,Composite business still references; approval required before archive
US.ICCC,cache/market_breadth/prices/US.ICCC.json,17117,42e2de5b2c8fdbf9156e44b5112eba495f850d2a86df32a5bfa3d7da7bc71afa,cache/market_breadth/members/nasdaq.json;cache/market_breadth/snapshots/nasdaq.json,Composite business still references; approval required before archive
US.ICCM,cache/market_breadth/prices/US.ICCM.json,17313,f0a1800bbf8fb1016834f1b13ff79c088727ac4dd62db18ffb3254511debcc69,cache/market_breadth/members/nasdaq.json;cache/market_breadth/snapshots/nasdaq.json,Composite business still references; approval required before archive
US.ICFI,cache/market_breadth/prices/US.ICFI.json,17658,6ece2b3fe0f55618dd1d94340192a1129e70ae65db9cd7fe55e7381f25a1dd2f,cache/market_breadth/members/nasdaq.json;cache/market_breadth/snapshots/nasdaq.json,Composite business still references; approval required before archive
US.ICG,cache/market_breadth/prices/US.ICG.json,17113,418a9b720b989a73b9077819cef39cc929a03cac3d093b289932ad1bd313cc1d,cache/market_breadth/members/nasdaq.json;cache/market_breadth/snapshots/nasdaq.json,Composite business still references; approval required before archive
US.ICHR,cache/market_breadth/prices/US.ICHR.json,17651,a101c00b52ed7f44b7bc51b4bd14944e011e88a084a0054223814e619c13208b,cache/market_breadth/members/nasdaq.json;cache/market_breadth/snapshots/nasdaq.json,Composite business still references; approval required before archive
US.ICLR,cache/market_breadth/prices/US.ICLR.json,17908,82a965ef19431e8760c740a8e862655091615d75c6247ae9f353f5461a836012,cache/market_breadth/members/nasdaq.json;cache/market_breadth/snapshots/nasdaq.json,Composite business still references; approval required before archive
US.ICMB,cache/market_breadth/prices/US.ICMB.json,17274,502f7e22e7bed51ad9eaaa9c6e068a9971dfba9c36f8933ec0bbe7d56ae31a63,cache/market_breadth/members/nasdaq.json;cache/market_breadth/snapshots/nasdaq.json,Composite business still references; approval required before archive
US.ICON,cache/market_breadth/prices/US.ICON.json,17069,c2098d91989c7de58a711a93e55728b00dd6ac972a5b3e1ae454803e41cbc428,cache/market_breadth/members/nasdaq.json;cache/market_breadth/snapshots/nasdaq.json,Composite business still references; approval required before archive
US.ICU,cache/market_breadth/prices/US.ICU.json,17130,11d889cfb898ec6791d6cfe42721b10b57dfc8adc80e9c138164d57733376346,cache/market_breadth/members/nasdaq.json;cache/market_breadth/snapshots/nasdaq.json,Composite business still references; approval required before archive
US.ICUI,cache/market_breadth/prices/US.ICUI.json,18012,ce07aa35cc2a946607464b27222e9c0b955f71ff17932b0d0b0b507d14b167b9,cache/market_breadth/members/nasdaq.json;cache/market_breadth/snapshots/nasdaq.json,Composite business still references; approval required before archive
US.IDAC,cache/market_breadth/prices/US.IDAC.json,2606,e922c93e26b0656733b81ae049ab3f1a7521847735fb55f8a64ece6197cf1fa1,cache/market_breadth/members/nasdaq.json;cache/market_breadth/snapshots/nasdaq.json,Composite business still references; approval required before archive
US.IDAI,cache/market_breadth/prices/US.IDAI.json,17191,ace05a697961bb15c989a2c8ea5e7ce9ad45c981e74323382df6282ae6e26176,cache/market_breadth/members/nasdaq.json;cache/market_breadth/snapshots/nasdaq.json,Composite business still references; approval required before archive
US.IDCC,cache/market_breadth/prices/US.IDCC.json,18093,cbd2b16fc58612923ce52bae9c530488c72b8892e8ad9965a7a68b7adf181d7a,cache/market_breadth/members/nasdaq.json;cache/market_breadth/snapshots/nasdaq.json,Composite business still references; approval required before archive
US.IDN,cache/market_breadth/prices/US.IDN.json,17239,98ccf4635922cadcbcc7ed1bb54850a4ac85eaf14796abe9fb91962c38acc2e3,cache/market_breadth/members/nasdaq.json;cache/market_breadth/snapshots/nasdaq.json,Composite business still references; approval required before archive
US.IDYA,cache/market_breadth/prices/US.IDYA.json,17595,ec70c98bd7514a2045cd9339d46464238913c86547439b6c194d2a8ca2d77ab8,cache/market_breadth/members/nasdaq.json;cache/market_breadth/snapshots/nasdaq.json,Composite business still references; approval required before archive
US.IEAG,cache/market_breadth/prices/US.IEAG.json,6131,f30f2cb0e6b96f46afc19c87cd450e67c2b5977f88fd772076069f9cffd5e87e,cache/market_breadth/members/nasdaq.json;cache/market_breadth/snapshots/nasdaq.json,Composite business still references; approval required before archive
US.IESC,cache/market_breadth/prices/US.IESC.json,17918,762406937dd851cd8b2133daef4718106c540a3cf2758a528e37d96b7d2486d7,cache/market_breadth/members/nasdaq.json;cache/market_breadth/snapshots/nasdaq.json,Composite business still references; approval required before archive
US.IFBD,cache/market_breadth/prices/US.IFBD.json,17193,71ee1eb04668414d302060a33fe226b9ec1a2069992be13eb1da826f18cd42e0,cache/market_breadth/members/nasdaq.json;cache/market_breadth/snapshots/nasdaq.json,Composite business still references; approval required before archive
US.IFRX,cache/market_breadth/prices/US.IFRX.json,17180,8423fa8bc3f0f0a2f1a17c0bab5d170b7fe404b94f4733c3dcfd6ec466e94779,cache/market_breadth/members/nasdaq.json;cache/market_breadth/snapshots/nasdaq.json,Composite business still references; approval required before archive
US.IGAC,cache/market_breadth/prices/US.IGAC.json,8390,22e164da17f74011f5bfc713c0952fbdde24765d7849c4211723a654cd77c3f9,cache/market_breadth/members/nasdaq.json;cache/market_breadth/snapshots/nasdaq.json,Composite business still references; approval required before archive
US.IGIC,cache/market_breadth/prices/US.IGIC.json,17699,4b12cae3848ecc22b15128e4a9012d8227439e72fbe02ddb3cd96e757b398cbf,cache/market_breadth/members/nasdaq.json;cache/market_breadth/snapshots/nasdaq.json,Composite business still references; approval required before archive
US.IHRT,cache/market_breadth/prices/US.IHRT.json,17224,5e08741021abaddaeb57b9711e82be377a9fe0e9ebe061a674e0f500c4af1b14,cache/market_breadth/members/nasdaq.json;cache/market_breadth/snapshots/nasdaq.json,Composite business still references; approval required before archive
US.III,cache/market_breadth/prices/US.III.json,17313,6a8827796ba2ff332aa1f6c5cd2f86179a76f8c903403da79e05abe25ca67556,cache/market_breadth/members/nasdaq.json;cache/market_breadth/snapshots/nasdaq.json,Composite business still references; approval required before archive
US.IIIV,cache/market_breadth/prices/US.IIIV.json,17541,1482149ac88218d29dea7e67a6d81c44e6a949ad3bd1f9926df2084e14952806,cache/market_breadth/members/nasdaq.json;cache/market_breadth/snapshots/nasdaq.json,Composite business still references; approval required before archive
US.IKT,cache/market_breadth/prices/US.IKT.json,17168,0d931c3073b14f0f97def617f8adfd2f244d47140dae3f7b2f1ca42d20ed1d10,cache/market_breadth/members/nasdaq.json;cache/market_breadth/snapshots/nasdaq.json,Composite business still references; approval required before archive
US.ILAG,cache/market_breadth/prices/US.ILAG.json,17103,f36ce5518624fe8535a57dce931f27c408972d6af18a8025582d3a1714368b36,cache/market_breadth/members/nasdaq.json;cache/market_breadth/snapshots/nasdaq.json,Composite business still references; approval required before archive
US.ILLR,cache/market_breadth/prices/US.ILLR.json,17072,ba75a3c9478d870e556121196f1f0c3ea816443f62e1d4c0be41259af790e723,cache/market_breadth/members/nasdaq.json;cache/market_breadth/snapshots/nasdaq.json,Composite business still references; approval required before archive
US.ILLU,cache/market_breadth/prices/US.ILLU.json,4885,0d72e6a3281761079f52b3e137b258f87fc3e70e6c4b859697482443a934abab,cache/market_breadth/members/nasdaq.json;cache/market_breadth/snapshots/nasdaq.json,Composite business still references; approval required before archive
US.ILMN,cache/market_breadth/prices/US.ILMN.json,17782,e3d5901e192cb01f10526cb28055eefb2de62d33c89f7df7680393eee7c5a507,cache/market_breadth/members/nasdaq.json;cache/market_breadth/snapshots/nasdaq.json,Composite business still references; approval required before archive
US.ILPT,cache/market_breadth/prices/US.ILPT.json,17275,5a41e0d28e87ba8acc5c6574675208d5771ed6a8cc4a7a9e57f11aa0d2c02688,cache/market_breadth/members/nasdaq.json;cache/market_breadth/snapshots/nasdaq.json,Composite business still references; approval required before archive
US.IMA,cache/market_breadth/prices/US.IMA.json,17240,df287018894a0e271c0b1652a2663dc2eb4688949cd121438cefa21853be171b,cache/market_breadth/members/nasdaq.json;cache/market_breadth/snapshots/nasdaq.json,Composite business still references; approval required before archive
US.IMCC,cache/market_breadth/prices/US.IMCC.json,17149,1000a73b7bb1ac88c8e24ce375d5cb7226e73651fee0eb7df313347aafc95faa,cache/market_breadth/members/nasdaq.json;cache/market_breadth/snapshots/nasdaq.json,Composite business still references; approval required before archive
US.IMCR,cache/market_breadth/prices/US.IMCR.json,17510,bd3d4732e08aa36bef1c15d41f4cc423375808639e955df70bc6bffc9a8042e7,cache/market_breadth/members/nasdaq.json;cache/market_breadth/snapshots/nasdaq.json,Composite business still references; approval required before archive
US.IMDX,cache/market_breadth/prices/US.IMDX.json,17134,e9194ceaf58e830fee187aab30bf1ebcfc9933c5797a2041a1d77d91d6590b68,cache/market_breadth/members/nasdaq.json;cache/market_breadth/snapshots/nasdaq.json,Composite business still references; approval required before archive
US.IMKTA,cache/market_breadth/prices/US.IMKTA.json,17679,636db5f1eded7e7eaf1f92dc1f00a956c67884c54cc2f9d9b5100a28e40f2787,cache/market_breadth/members/nasdaq.json;cache/market_breadth/snapshots/nasdaq.json,Composite business still references; approval required before archive
US.IMMP,cache/market_breadth/prices/US.IMMP.json,14252,b2de0a2562d5118339d392e3ab69274204b157261709c9db6aab3fa6ac297f09,cache/market_breadth/members/nasdaq.json;cache/market_breadth/snapshots/nasdaq.json,Composite business still references; approval required before archive
US.IMMR,cache/market_breadth/prices/US.IMMR.json,17295,eb2ebf4f74ba29c9b07ba0ea5b328414eef8c8d70033ba791f08e1939fa87bf1,cache/market_breadth/members/nasdaq.json;cache/market_breadth/snapshots/nasdaq.json,Composite business still references; approval required before archive
US.IMMX,cache/market_breadth/prices/US.IMMX.json,17215,dadadb243b2b92c56704798156e1b63cd0e6aa8967bd61c194eec820bc3c668c,cache/market_breadth/members/nasdaq.json;cache/market_breadth/snapshots/nasdaq.json,Composite business still references; approval required before archive
US.IMNM,cache/market_breadth/prices/US.IMNM.json,17405,b34cb5fcf88439a625095f52693706ea53714ff0d739396c9ed7514b4b997c02,cache/market_breadth/members/nasdaq.json;cache/market_breadth/snapshots/nasdaq.json,Composite business still references; approval required before archive
US.IMNN,cache/market_breadth/prices/US.IMNN.json,17257,d24c6024bb2f57e656ed9329d2a7f4c8421f95828500ef674ae95fd177226b5b,cache/market_breadth/members/nasdaq.json;cache/market_breadth/snapshots/nasdaq.json,Composite business still references; approval required before archive
US.IMOS,cache/market_breadth/prices/US.IMOS.json,17688,9ef14905aceaf9aa5ad5fd1160cfcf0755661ec0ee669146d6575bd87278ed30,cache/market_breadth/members/nasdaq.json;cache/market_breadth/snapshots/nasdaq.json,Composite business still references; approval required before archive
US.IMPP,cache/market_breadth/prices/US.IMPP.json,17161,ffacdce0adcbcc7d23a13b6ee3faa388046d10e84794fcd964b86243f5969b80,cache/market_breadth/members/nasdaq.json;cache/market_breadth/snapshots/nasdaq.json,Composite business still references; approval required before archive
US.IMRN,cache/market_breadth/prices/US.IMRN.json,17208,902cf1690d8f0e12bfdaa72e6c3beca5c75ab0f302f705c2ae9f4a3829692668,cache/market_breadth/members/nasdaq.json;cache/market_breadth/snapshots/nasdaq.json,Composite business still references; approval required before archive
US.IMRX,cache/market_breadth/prices/US.IMRX.json,17128,42fe2d9937678d1a5fc893cc227e1379d8dd81bbd0f46a94b7b69ac6f13d2175,cache/market_breadth/members/nasdaq.json;cache/market_breadth/snapshots/nasdaq.json,Composite business still references; approval required before archive
US.IMSR,cache/market_breadth/prices/US.IMSR.json,17373,f46f3b47f1cc61a889b900f60f5d816010a82fb4c0b5aa87b362385d6802c695,cache/market_breadth/members/nasdaq.json;cache/market_breadth/snapshots/nasdaq.json,Composite business still references; approval required before archive
US.IMTE,cache/market_breadth/prices/US.IMTE.json,17209,728ab2f318f38b07851e46930a43526f3419c1b8a3566fd93ac37d4c313096fc,cache/market_breadth/members/nasdaq.json;cache/market_breadth/snapshots/nasdaq.json,Composite business still references; approval required before archive
US.IMTX,cache/market_breadth/prices/US.IMTX.json,17200,47e0f5f640638f271503ef5e34710178f8ac0f5e022d33b69fdb10864e696a71,cache/market_breadth/members/nasdaq.json;cache/market_breadth/snapshots/nasdaq.json,Composite business still references; approval required before archive
US.IMUX,cache/market_breadth/prices/US.IMUX.json,17141,c0f7944780a38de33cba09a21f458bb50a7c5acca4ec5605a8e6634a52e37015,cache/market_breadth/members/nasdaq.json;cache/market_breadth/snapshots/nasdaq.json,Composite business still references; approval required before archive
US.IMVT,cache/market_breadth/prices/US.IMVT.json,17552,ee1b7419b2ccd78861f85271093681a2ae7cd8e7932cc1ebcf4abd16ffd3070f,cache/market_breadth/members/nasdaq.json;cache/market_breadth/snapshots/nasdaq.json,Composite business still references; approval required before archive
US.IMXI,cache/market_breadth/prices/US.IMXI.json,17521,ceec13af63ff94f26c22d8bfecd9eb11b3c715da79fbcee4ead827fe83a7767f,cache/market_breadth/members/nasdaq.json;cache/market_breadth/snapshots/nasdaq.json,Composite business still references; approval required before archive
US.INAB,cache/market_breadth/prices/US.INAB.json,17159,ea7bd507fa25656b0d38b1ff27e39d2ebf2a9c26939bf42da91539c53784c7ca,cache/market_breadth/members/nasdaq.json;cache/market_breadth/snapshots/nasdaq.json,Composite business still references; approval required before archive
US.INAC,cache/market_breadth/prices/US.INAC.json,12892,70fb1f1381facf12977c058d75c07d9158c0bc45f4c980f3e9446205471ae9cd,cache/market_breadth/members/nasdaq.json;cache/market_breadth/snapshots/nasdaq.json,Composite business still references; approval required before archive
US.INBK,cache/market_breadth/prices/US.INBK.json,17682,97b6c8dbe6bea7797ee6ce5304a5079ff356f2dc3bba3ff8856965a0fdb2a37e,cache/market_breadth/members/nasdaq.json;cache/market_breadth/snapshots/nasdaq.json,Composite business still references; approval required before archive
US.INBS,cache/market_breadth/prices/US.INBS.json,17081,e2e50723de5e008dcc1b439498e51a4f100f323101f2be4e4b15462b7a3f6f3a,cache/market_breadth/members/nasdaq.json;cache/market_breadth/snapshots/nasdaq.json,Composite business still references; approval required before archive
US.INBX,cache/market_breadth/prices/US.INBX.json,17580,9bc4ac3879e6d3d710567d29f0896f5fce420cf712ed2abad2e2a6857eff3771,cache/market_breadth/members/nasdaq.json;cache/market_breadth/snapshots/nasdaq.json,Composite business still references; approval required before archive
US.INCR,cache/market_breadth/prices/US.INCR.json,16795,3fd5ca0f0d6f31b1aadf6e27e161e2e82dc027bdff5a772b236c0d56b1109e0a,cache/market_breadth/members/nasdaq.json;cache/market_breadth/snapshots/nasdaq.json,Composite business still references; approval required before archive
US.INCY,cache/market_breadth/prices/US.INCY.json,17717,f7dd21358061cfd0aa88b6393118c5094d2b5c04abbeceafa9399e9aaf475cae,cache/market_breadth/members/nasdaq.json;cache/market_breadth/snapshots/nasdaq.json,Composite business still references; approval required before archive
US.INDB,cache/market_breadth/prices/US.INDB.json,17712,03ab622795b09cd4e0bfaab1ec902e4577a4404c4a0edca263f79bbaab224f4f,cache/market_breadth/members/nasdaq.json;cache/market_breadth/snapshots/nasdaq.json,Composite business still references; approval required before archive
US.INDI,cache/market_breadth/prices/US.INDI.json,17221,7a96322d06aa169893f1f633ccaa5cdf596b88ab3acebac5081a71446351c844,cache/market_breadth/members/nasdaq.json;cache/market_breadth/snapshots/nasdaq.json,Composite business still references; approval required before archive
US.INDP,cache/market_breadth/prices/US.INDP.json,17267,32551f9ef14e94381f26fbc08ee4311cdb053fd3ccada540452b705171db32be,cache/market_breadth/members/nasdaq.json;cache/market_breadth/snapshots/nasdaq.json,Composite business still references; approval required before archive
US.INDV,cache/market_breadth/prices/US.INDV.json,17570,34869e680a120a533c7bf39877915de2720fb9066096c0298bc7e95f4194d20e,cache/market_breadth/members/nasdaq.json;cache/market_breadth/snapshots/nasdaq.json,Composite business still references; approval required before archive
US.INEO,cache/market_breadth/prices/US.INEO.json,17239,3fd4b635c8f94a23a1798009d64c4d564364709ac33fe7505945dd7a34162a6f,cache/market_breadth/members/nasdaq.json;cache/market_breadth/snapshots/nasdaq.json,Composite business still references; approval required before archive
US.INGN,cache/market_breadth/prices/US.INGN.json,17175,a388febad8d054f3f110061e3b6f582ee1fc58af2d647c77338e0299ec6f6340,cache/market_breadth/members/nasdaq.json;cache/market_breadth/snapshots/nasdaq.json,Composite business still references; approval required before archive
US.INHD,cache/market_breadth/prices/US.INHD.json,17167,67d2c7f5caddb5201b9059b493d29097930d36fb3f789d32eb943f70a302af78,cache/market_breadth/members/nasdaq.json;cache/market_breadth/snapshots/nasdaq.json,Composite business still references; approval required before archive
US.INIO,cache/market_breadth/prices/US.INIO.json,3564,96d8e302a46913be66dfe2bff43da7c6902553062178b56a458857dd48e77ccd,cache/market_breadth/members/nasdaq.json;cache/market_breadth/snapshots/nasdaq.json,Composite business still references; approval required before archive
US.INKT,cache/market_breadth/prices/US.INKT.json,17360,b6b03aad8bbca5e6bc021f7ae397d5ad565a2ab336422d26fda14d2c6c734ac6,cache/market_breadth/members/nasdaq.json;cache/market_breadth/snapshots/nasdaq.json,Composite business still references; approval required before archive
US.INLF,cache/market_breadth/prices/US.INLF.json,16227,60124404d9de0e1cf20a930a2be50128bf63017e2f4d982e6b21c8474d54502b,cache/market_breadth/members/nasdaq.json;cache/market_breadth/snapshots/nasdaq.json,Composite business still references; approval required before archive
US.INM,cache/market_breadth/prices/US.INM.json,17191,dfdd21ba4e98c47262bc798ec18f171bb86f515587d3a4751758b0f8c1778511,cache/market_breadth/members/nasdaq.json;cache/market_breadth/snapshots/nasdaq.json,Composite business still references; approval required before archive
US.INMB,cache/market_breadth/prices/US.INMB.json,17287,3562423afc7a33a9a3120f05312f524a1aedb2066fde66550ceb2e18a189aeed,cache/market_breadth/members/nasdaq.json;cache/market_breadth/snapshots/nasdaq.json,Composite business still references; approval required before archive
US.INMD,cache/market_breadth/prices/US.INMD.json,17590,7c868ffdb994a8e60785971de6dfc6ef06f3652cc10e4a5571ffa801b5a0e729,cache/market_breadth/members/nasdaq.json;cache/market_breadth/snapshots/nasdaq.json,Composite business still references; approval required before archive
US.INNV,cache/market_breadth/prices/US.INNV.json,17246,733f663394306c5413d62796df7613fd672819ed3b1a03fabbd497346c05b76b,cache/market_breadth/members/nasdaq.json;cache/market_breadth/snapshots/nasdaq.json,Composite business still references; approval required before archive
US.INO,cache/market_breadth/prices/US.INO.json,17174,96d32844bd9efbaceee5b82c423e4a45ade014f3dd0d72d5a8cdf8612274ec9b,cache/market_breadth/members/nasdaq.json;cache/market_breadth/snapshots/nasdaq.json,Composite business still references; approval required before archive
US.INOD,cache/market_breadth/prices/US.INOD.json,17632,53ec77eab15360826d3736d0317cecab83b169608630f47292594c25474d3ce9,cache/market_breadth/members/nasdaq.json;cache/market_breadth/snapshots/nasdaq.json,Composite business still references; approval required before archive
US.INSE,cache/market_breadth/prices/US.INSE.json,17151,aa3a6417620f0de906783fe001fa1a4095a9ba98aa0c4b0f2d8fb6939e1b41dd,cache/market_breadth/members/nasdaq.json;cache/market_breadth/snapshots/nasdaq.json,Composite business still references; approval required before archive
US.INSG,cache/market_breadth/prices/US.INSG.json,17402,d84eaf61ea5383fb47250c97c84851892a33b34f088e08218dd0236eb88256d9,cache/market_breadth/members/nasdaq.json;cache/market_breadth/snapshots/nasdaq.json,Composite business still references; approval required before archive
US.INSM,cache/market_breadth/prices/US.INSM.json,17812,718a615573b0a608bdef78952afb901450cacbdb492e6416cdc8fc5227496dbc,cache/market_breadth/members/nasdaq.json;cache/market_breadth/snapshots/nasdaq.json,Composite business still references; approval required before archive
US.INTA,cache/market_breadth/prices/US.INTA.json,17567,50094cafe0b0bad5420b2e4fbf2b8d6333a01ce2967ec03a7703b13246a41559,cache/market_breadth/members/nasdaq.json;cache/market_breadth/snapshots/nasdaq.json,Composite business still references; approval required before archive
US.INTG,cache/market_breadth/prices/US.INTG.json,17444,506959bdc967d6d712786b82bfc2a358cdbd503c90ead00605fa87cfc2aa2a3e,cache/market_breadth/members/nasdaq.json;cache/market_breadth/snapshots/nasdaq.json,Composite business still references; approval required before archive
US.INTJ,cache/market_breadth/prices/US.INTJ.json,16957,bddc072c4cc0316cc012cc68f7f5abc1f1fd8215353cc8740764ca09972d753c,cache/market_breadth/members/nasdaq.json;cache/market_breadth/snapshots/nasdaq.json,Composite business still references; approval required before archive
US.INTR,cache/market_breadth/prices/US.INTR.json,17277,031134e675a2a99ac22c50a34297e02f5c671dc840ee058b6652a096a9a8509c,cache/market_breadth/members/nasdaq.json;cache/market_breadth/snapshots/nasdaq.json,Composite business still references; approval required before archive
US.INTS,cache/market_breadth/prices/US.INTS.json,16445,282f0fd08f62e80135ae54f95eda4f98db71f887d0879a72a22829f5926b4351,cache/market_breadth/members/nasdaq.json;cache/market_breadth/snapshots/nasdaq.json,Composite business still references; approval required before archive
US.INTZ,cache/market_breadth/prices/US.INTZ.json,17208,20bfec1df623378774a933f310ee8e95e90e8d285ff1fdddbe95c8723ee7c52c,cache/market_breadth/members/nasdaq.json;cache/market_breadth/snapshots/nasdaq.json,Composite business still references; approval required before archive
US.INV,cache/market_breadth/prices/US.INV.json,17185,ac3de50081d7c0652314ae2c5e399f05ca250dc7b6ecf43c6b7da3f8c18ab816,cache/market_breadth/members/nasdaq.json;cache/market_breadth/snapshots/nasdaq.json,Composite business still references; approval required before archive
US.INVA,cache/market_breadth/prices/US.INVA.json,17581,b709d7989414d27d87e8a5ee3e6cf4be1af6edf1e7039af75c615c59541f7b15,cache/market_breadth/members/nasdaq.json;cache/market_breadth/snapshots/nasdaq.json,Composite business still references; approval required before archive
US.INVE,cache/market_breadth/prices/US.INVE.json,17159,f7d383d8372c63807c683181bf35d888a4d8774534f8cc1e883d7e77a511d45f,cache/market_breadth/members/nasdaq.json;cache/market_breadth/snapshots/nasdaq.json,Composite business still references; approval required before archive
US.INVZ,cache/market_breadth/prices/US.INVZ.json,17241,d9d7ad4ed54dc421750e574b3424b0e1cbadee145c83e8f8be1c397f19af75e3,cache/market_breadth/members/nasdaq.json;cache/market_breadth/snapshots/nasdaq.json,Composite business still references; approval required before archive
US.IOND,cache/market_breadth/prices/US.IOND.json,2050,ba99b79553e804f76b49fb710b7c7b26de77f63d9737cd9dff6bd5c15fa8a28d,cache/market_breadth/members/nasdaq.json;cache/market_breadth/snapshots/nasdaq.json,Composite business still references; approval required before archive
US.IONR,cache/market_breadth/prices/US.IONR.json,17163,b157f489dbc27ccbbe399506a26ce4c161fe555500d6bea02efa8f57daa32320,cache/market_breadth/members/nasdaq.json;cache/market_breadth/snapshots/nasdaq.json,Composite business still references; approval required before archive
US.IONS,cache/market_breadth/prices/US.IONS.json,17544,1c6043e62e8336b685885bc39eaadd20693cf855dfee509b98e995157b2b9f60,cache/market_breadth/members/nasdaq.json;cache/market_breadth/snapshots/nasdaq.json,Composite business still references; approval required before archive
US.IOSP,cache/market_breadth/prices/US.IOSP.json,17702,514f4148e90a4860570a77969fc9b42f7651405210fdb6fc1cf0c8a787102495,cache/market_breadth/members/nasdaq.json;cache/market_breadth/snapshots/nasdaq.json,Composite business still references; approval required before archive
US.IOTR,cache/market_breadth/prices/US.IOTR.json,15816,e4009509d69a11d925c14ab34eef7036e24bcc7bc9dbe2aa86ca32091cfcfa54,cache/market_breadth/members/nasdaq.json;cache/market_breadth/snapshots/nasdaq.json,Composite business still references; approval required before archive
US.IOVA,cache/market_breadth/prices/US.IOVA.json,17100,bcec789f22816be8cff6f6ceab36e53642661364f038d3acd70ef34965cd5edf,cache/market_breadth/members/nasdaq.json;cache/market_breadth/snapshots/nasdaq.json,Composite business still references; approval required before archive
US.IPAR,cache/market_breadth/prices/US.IPAR.json,17895,a30b03f8272b612756e839f7e3d01d0023b2fee94d164c81bd0afeb7e94643a7,cache/market_breadth/members/nasdaq.json;cache/market_breadth/snapshots/nasdaq.json,Composite business still references; approval required before archive
US.IPDN,cache/market_breadth/prices/US.IPDN.json,17187,2774f93d75e73a6d764652c498535f58b9b603298953948280d6b230db344fad,cache/market_breadth/members/nasdaq.json;cache/market_breadth/snapshots/nasdaq.json,Composite business still references; approval required before archive
US.IPFX,cache/market_breadth/prices/US.IPFX.json,4128,efecdce0c209c21b1cff9106c93b499d569d6ddafd29fd4ed74df9f5a6ef730d,cache/market_breadth/members/nasdaq.json;cache/market_breadth/snapshots/nasdaq.json,Composite business still references; approval required before archive
US.IPGP,cache/market_breadth/prices/US.IPGP.json,17698,354e77db0b1217642ae92836ddda3f94a81f3136ba561044dfe5069f85441951,cache/market_breadth/members/nasdaq.json;cache/market_breadth/snapshots/nasdaq.json,Composite business still references; approval required before archive
US.IPHA,cache/market_breadth/prices/US.IPHA.json,17192,6200ccf95c14d235a5941c0699d90c8740d6279d7af5219d7e957514d21138b9,cache/market_breadth/members/nasdaq.json;cache/market_breadth/snapshots/nasdaq.json,Composite business still references; approval required before archive
US.IPM,cache/market_breadth/prices/US.IPM.json,17179,b98b34edee540f402e5464918bd7ba86f0f8834a83fa0415a076c5f2a8476c06,cache/market_breadth/members/nasdaq.json;cache/market_breadth/snapshots/nasdaq.json,Composite business still references; approval required before archive
US.IPSC,cache/market_breadth/prices/US.IPSC.json,17186,19113c7d36c3da09becf1f54b43a2bf6b8610cb23f2f6e2c09051ee0078af623,cache/market_breadth/members/nasdaq.json;cache/market_breadth/snapshots/nasdaq.json,Composite business still references; approval required before archive
US.IPST,cache/market_breadth/prices/US.IPST.json,16903,96b2591c5f515b4832a8e0da350b73dee8436a1959acfc44f51d8207c054e85c,cache/market_breadth/members/nasdaq.json;cache/market_breadth/snapshots/nasdaq.json,Composite business still references; approval required before archive
US.IPVV,cache/market_breadth/prices/US.IPVV.json,2085,aa6f1300c5a6ab843b821887f6e75e9cb3bd8d30396aeeeb1c846a101ea84079,cache/market_breadth/members/nasdaq.json;cache/market_breadth/snapshots/nasdaq.json,Composite business still references; approval required before archive
US.IPW,cache/market_breadth/prices/US.IPW.json,17941,cb3091d335f1a576fb9ba0fc3aefd2e5a01fc19956399c70b1923b8ea8efa512,cache/market_breadth/members/nasdaq.json;cache/market_breadth/snapshots/nasdaq.json,Composite business still references; approval required before archive
US.IPWR,cache/market_breadth/prices/US.IPWR.json,17165,4e0e8a928365f15861b8caa7c96c37b36c5793af92dc46165ba1be41ba57ebb3,cache/market_breadth/members/nasdaq.json;cache/market_breadth/snapshots/nasdaq.json,Composite business still references; approval required before archive
US.IPX,cache/market_breadth/prices/US.IPX.json,17493,9169446f41ff4d36ba24ba72481e115c5fcdd4b83337d2c17d7cc06a37d3fbda,cache/market_breadth/members/nasdaq.json;cache/market_breadth/snapshots/nasdaq.json,Composite business still references; approval required before archive
US.IPXG,cache/market_breadth/prices/US.IPXG.json,6504,b778a9bf5d8a7c44b8feb59f04bc0d324a3d30dba71e598c2e9a4ae1f2ca9d6c,cache/market_breadth/members/nasdaq.json;cache/market_breadth/snapshots/nasdaq.json,Composite business still references; approval required before archive
US.IQ,cache/market_breadth/prices/US.IQ.json,17244,623d4de50f373cdcb7958a3066172f79ae56349607479bfe4291db3ab550cc11,cache/market_breadth/members/nasdaq.json;cache/market_breadth/snapshots/nasdaq.json,Composite business still references; approval required before archive
US.IQMX,cache/market_breadth/prices/US.IQMX.json,14675,d173f7fad61f924547a4058a7dfbd73d2a3a7f879a79e377fa5fa33c1c9cfbb3,cache/market_breadth/members/nasdaq.json;cache/market_breadth/snapshots/nasdaq.json,Composite business still references; approval required before archive
US.IQST,cache/market_breadth/prices/US.IQST.json,17317,59b5e8a2410991350e0079f1840288e0e19aac93ce18ded5aa2bc7ca064d4384,cache/market_breadth/members/nasdaq.json;cache/market_breadth/snapshots/nasdaq.json,Composite business still references; approval required before archive
US.IRD,cache/market_breadth/prices/US.IRD.json,17086,d4634289c0b39efd0163965a050c573af9e46da1e56a71ef9d9d958c0f78c91a,cache/market_breadth/members/nasdaq.json;cache/market_breadth/snapshots/nasdaq.json,Composite business still references; approval required before archive
US.IRDM,cache/market_breadth/prices/US.IRDM.json,17697,d3d0ea5a6af5c6ae2098235240fe7d17e3b5d64efd1671327bed69e2abe5a1ff,cache/market_breadth/members/nasdaq.json;cache/market_breadth/snapshots/nasdaq.json,Composite business still references; approval required before archive
US.IREN,cache/market_breadth/prices/US.IREN.json,17552,6af3f100e27ddd98aea3ecbbeb30e66ea9e9b5744c7a14adc30054a86d2d72af,cache/market_breadth/members/nasdaq.json;cache/market_breadth/snapshots/nasdaq.json,Composite business still references; approval required before archive
US.IRHO,cache/market_breadth/prices/US.IRHO.json,7140,017844ef3c828c26d5bdb445674304e986ba7247c0b85a30bb24015f4d91534a,cache/market_breadth/members/nasdaq.json;cache/market_breadth/snapshots/nasdaq.json,Composite business still references; approval required before archive
US.IRIX,cache/market_breadth/prices/US.IRIX.json,17216,a9ff8aadd51e43851bd422d933ededb14ce9fcc5b0fbc39a5cb350d84e6a6e23,cache/market_breadth/members/nasdaq.json;cache/market_breadth/snapshots/nasdaq.json,Composite business still references; approval required before archive
US.IRMD,cache/market_breadth/prices/US.IRMD.json,17734,b9ad4c880faec7a8537b3e626458d73ded114881f0c87f7eaf98c3730e8a5afe,cache/market_breadth/members/nasdaq.json;cache/market_breadth/snapshots/nasdaq.json,Composite business still references; approval required before archive
US.IRON,cache/market_breadth/prices/US.IRON.json,17532,c0c94d1ea7e998d7d002f4eb74cbe85df2a5380b2b2a5e0b5cf261bb680b8928,cache/market_breadth/members/nasdaq.json;cache/market_breadth/snapshots/nasdaq.json,Composite business still references; approval required before archive
US.IRTC,cache/market_breadth/prices/US.IRTC.json,17868,306f39570b031a8d9c720dfb2e4a374594dbbdfdcb7e41ba7d91909cc3f6eaf9,cache/market_breadth/members/nasdaq.json;cache/market_breadth/snapshots/nasdaq.json,Composite business still references; approval required before archive
US.IRWD,cache/market_breadth/prices/US.IRWD.json,17187,b4ab6c96276060015fb1d8e3f10cbc4c4a570f08109fb9f753202262d10a287b,cache/market_breadth/members/nasdaq.json;cache/market_breadth/snapshots/nasdaq.json,Composite business still references; approval required before archive
US.ISBA,cache/market_breadth/prices/US.ISBA.json,17709,2e89be0741f1cd0f54c82619b01bbb0047a37195c6ef89c8e0a3c7f43f29b782,cache/market_breadth/members/nasdaq.json;cache/market_breadth/snapshots/nasdaq.json,Composite business still references; approval required before archive
US.ISNR,cache/market_breadth/prices/US.ISNR.json,1956,9aa877cee00404dadbcaf36c4dd6da3d65fcf3c332e7bc95b192640e72bda3e5,cache/market_breadth/members/nasdaq.json;cache/market_breadth/snapshots/nasdaq.json,Composite business still references; approval required before archive
US.ISPC,cache/market_breadth/prices/US.ISPC.json,17178,73cfda8abf22b32a43f645dca48294b5dd45520a65c6ba526aab472d5a3f68fb,cache/market_breadth/members/nasdaq.json;cache/market_breadth/snapshots/nasdaq.json,Composite business still references; approval required before archive
US.ISPR,cache/market_breadth/prices/US.ISPR.json,17205,b60679a1119586119552afa752e8256d4ec63a276bd8c9102db6649a07167152,cache/market_breadth/members/nasdaq.json;cache/market_breadth/snapshots/nasdaq.json,Composite business still references; approval required before archive
US.ISTR,cache/market_breadth/prices/US.ISTR.json,17678,35bbc4ea6d3b4f9cc89d8962d884fa71d2a2a1e174c332e962a59d2da15b8343,cache/market_breadth/members/nasdaq.json;cache/market_breadth/snapshots/nasdaq.json,Composite business still references; approval required before archive
US.ITG,cache/market_breadth/prices/US.ITG.json,2855,4ca18562e171af2a9d92c1342e3a25f7ba6c2de11f1af7829426f7690915066d,cache/market_breadth/members/nasdaq.json;cache/market_breadth/snapshots/nasdaq.json,Composite business still references; approval required before archive
US.ITHA,cache/market_breadth/prices/US.ITHA.json,7460,f0b78419caeacd49661c8f7034c3a03530cbb862bf146a9d65ffea75c4a46c6c,cache/market_breadth/members/nasdaq.json;cache/market_breadth/snapshots/nasdaq.json,Composite business still references; approval required before archive
US.ITIC,cache/market_breadth/prices/US.ITIC.json,18087,3bf2f1328efb3b964c34f9f914c9e1e292e6d028fa03a97cdfad293e0d15da1a,cache/market_breadth/members/nasdaq.json;cache/market_breadth/snapshots/nasdaq.json,Composite business still references; approval required before archive
US.ITOC,cache/market_breadth/prices/US.ITOC.json,17261,b3c7f0a4547c0c40e60bb1c203c78456feb5706c75d5c60f21dc2ba89a4881d8,cache/market_breadth/members/nasdaq.json;cache/market_breadth/snapshots/nasdaq.json,Composite business still references; approval required before archive
US.ITRI,cache/market_breadth/prices/US.ITRI.json,17780,04544f5f81c3f23635887bc75c384439a518d9d06c53cc752014a084cac57c66,cache/market_breadth/members/nasdaq.json;cache/market_breadth/snapshots/nasdaq.json,Composite business still references; approval required before archive
US.ITRN,cache/market_breadth/prices/US.ITRN.json,17697,5207b7291f4931e0ae702ae6319fee39153795f1a963de51c110720c810cc1d7,cache/market_breadth/members/nasdaq.json;cache/market_breadth/snapshots/nasdaq.json,Composite business still references; approval required before archive
US.IVA,cache/market_breadth/prices/US.IVA.json,17206,e19e2189d1b18f32f81ac6f711de3c9ccb35860990e84c30f198a2b226a1a8c8,cache/market_breadth/members/nasdaq.json;cache/market_breadth/snapshots/nasdaq.json,Composite business still references; approval required before archive
US.IVDA,cache/market_breadth/prices/US.IVDA.json,17211,2cb0132d7be587b9025473b1ee22e17e14eaaa7d44c018dfe5a1bad542e5f53a,cache/market_breadth/members/nasdaq.json;cache/market_breadth/snapshots/nasdaq.json,Composite business still references; approval required before archive
US.IVF,cache/market_breadth/prices/US.IVF.json,17245,b77455219412cb3415a2a1a5154352878dbf840a961813cad14d400a11d08007,cache/market_breadth/members/nasdaq.json;cache/market_breadth/snapshots/nasdaq.json,Composite business still references; approval required before archive
US.IVVD,cache/market_breadth/prices/US.IVVD.json,17244,2f284fef5b4c6c5fbbe025441097a1f23c26fe07ccb8bb246d35a123328db059,cache/market_breadth/members/nasdaq.json;cache/market_breadth/snapshots/nasdaq.json,Composite business still references; approval required before archive
US.IXHL,cache/market_breadth/prices/US.IXHL.json,17238,b727a17808904a4bed22790ede367d713873cb819c6a17e523f91fb0f46cf117,cache/market_breadth/members/nasdaq.json;cache/market_breadth/snapshots/nasdaq.json,Composite business still references; approval required before archive
US.IZEA,cache/market_breadth/prices/US.IZEA.json,17241,6ee99512869597b5083bd9d6d9f41fbb54bb019b1f1a256624c9d3025e9c4fb9,cache/market_breadth/members/nasdaq.json;cache/market_breadth/snapshots/nasdaq.json,Composite business still references; approval required before archive
US.IZM,cache/market_breadth/prices/US.IZM.json,17235,31ad4046e11f079a97a765c19a9612a6e667e4c229788a47587705ecb4308baf,cache/market_breadth/members/nasdaq.json;cache/market_breadth/snapshots/nasdaq.json,Composite business still references; approval required before archive
US.JACK,cache/market_breadth/prices/US.JACK.json,17552,5ee335ddf8c7183e7f149c8ece5a1ae8af403f9dfa288fb3734a97d221e4afe3,cache/market_breadth/members/nasdaq.json;cache/market_breadth/snapshots/nasdaq.json,Composite business still references; approval required before archive
US.JAGX,cache/market_breadth/prices/US.JAGX.json,15971,4b38bcdcf23c511d62aa556aa25a36dddd63f08323b817b277daf9fc12777f0c,cache/market_breadth/members/nasdaq.json;cache/market_breadth/snapshots/nasdaq.json,Composite business still references; approval required before archive
US.JAKK,cache/market_breadth/prices/US.JAKK.json,17714,f65cb9a32e1e4c6f8c410f6ba3663cd5e202a9c9dd4dbee339da8618619a52a9,cache/market_breadth/members/nasdaq.json;cache/market_breadth/snapshots/nasdaq.json,Composite business still references; approval required before archive
US.JANX,cache/market_breadth/prices/US.JANX.json,17593,baffc694ef53cb868a9691f1dd314a29421f73c7b0f9be0cbfb7713faa6806b0,cache/market_breadth/members/nasdaq.json;cache/market_breadth/snapshots/nasdaq.json,Composite business still references; approval required before archive
US.JATT,cache/market_breadth/prices/US.JATT.json,4872,c9fbadc1a8a4a476408467e2250212d13f5cc3ea76cd16ef5451e4cc195f95c4,cache/market_breadth/members/nasdaq.json;cache/market_breadth/snapshots/nasdaq.json,Composite business still references; approval required before archive
US.JAZZ,cache/market_breadth/prices/US.JAZZ.json,17941,93c6221fa7cf2f10c4a463fd37cb22a10188fa3d6782519248934554fb51ae83,cache/market_breadth/members/nasdaq.json;cache/market_breadth/snapshots/nasdaq.json,Composite business still references; approval required before archive
US.JBDI,cache/market_breadth/prices/US.JBDI.json,17178,b1242b78412d948e57aee8d057c4d5988e4a39b878c1273a390e09706d37e6fd,cache/market_breadth/members/nasdaq.json;cache/market_breadth/snapshots/nasdaq.json,Composite business still references; approval required before archive
US.JBHT,cache/market_breadth/prices/US.JBHT.json,18090,fe81d3ebdb2063c694ef3318bfc86c2b72ad8761a46c4c9af2e1c4fa403e723e,cache/market_breadth/members/nasdaq.json;cache/market_breadth/snapshots/nasdaq.json,Composite business still references; approval required before archive
US.JBIO,cache/market_breadth/prices/US.JBIO.json,17337,c597870a2fc546d75eefcf9c6da97aa2db60a82897679165c583a84b88c0f41c,cache/market_breadth/members/nasdaq.json;cache/market_breadth/snapshots/nasdaq.json,Composite business still references; approval required before archive
US.JBLU,cache/market_breadth/prices/US.JBLU.json,17257,434789e5b9c7cb3b71cfb4b824b699d009a81f2c75ccbfe803b505618d1f6e8f,cache/market_breadth/members/nasdaq.json;cache/market_breadth/snapshots/nasdaq.json,Composite business still references; approval required before archive
US.JBSS,cache/market_breadth/prices/US.JBSS.json,17679,bdfb0223fac84171608d056499cbdbf45561f7412700b2f503cf5a4c1b604a6e,cache/market_breadth/members/nasdaq.json;cache/market_breadth/snapshots/nasdaq.json,Composite business still references; approval required before archive
US.JCAP,cache/market_breadth/prices/US.JCAP.json,14017,d4973d250174eba98d2094391b334e0b20ddba5bf690d4f9d554fea72688205c,cache/market_breadth/members/nasdaq.json;cache/market_breadth/snapshots/nasdaq.json,Composite business still references; approval required before archive
US.JCSE,cache/market_breadth/prices/US.JCSE.json,17261,0ac5f2c242d1e0633e42927f65c7261f618b1f7dbe0a9b2ded3c1246a3cdda1e,cache/market_breadth/members/nasdaq.json;cache/market_breadth/snapshots/nasdaq.json,Composite business still references; approval required before archive
US.JCTC,cache/market_breadth/prices/US.JCTC.json,17130,a6b066d7a4d9e03a74b9cb522eb37ce0cb033a9930fe03f6a5f62a1f472eed01,cache/market_breadth/members/nasdaq.json;cache/market_breadth/snapshots/nasdaq.json,Composite business still references; approval required before archive
US.JD,cache/market_breadth/prices/US.JD.json,17664,36c9fd7ef503268e6459bdb698d4ec2eb8bf9940921680ca127a47a77d18aa1e,cache/market_breadth/members/nasdaq.json;cache/market_breadth/snapshots/nasdaq.json,Composite business still references; approval required before archive
US.JDZG,cache/market_breadth/prices/US.JDZG.json,15187,ea22af86ef8983c389392dbb43f2cefcd3527f14eef3e4cb9e8ac3b0f2e66d53,cache/market_breadth/members/nasdaq.json;cache/market_breadth/snapshots/nasdaq.json,Composite business still references; approval required before archive
US.JEM,cache/market_breadth/prices/US.JEM.json,14293,a92403806f743d18142d3d0395b9d61fa8ccc2d2df512a2a91dcd1878a48d362,cache/market_breadth/members/nasdaq.json;cache/market_breadth/snapshots/nasdaq.json,Composite business still references; approval required before archive
US.JF,cache/market_breadth/prices/US.JF.json,17107,572a075645c9fed0af7b4ad160a5dcefea438d7ab188b34900ff4b8ab30064bd,cache/market_breadth/members/nasdaq.json;cache/market_breadth/snapshots/nasdaq.json,Composite business still references; approval required before archive
US.JFIN,cache/market_breadth/prices/US.JFIN.json,17370,fb79eed75b3aa9f2719fb8988628332971ae9d85169232a92cd720049e5bed61,cache/market_breadth/members/nasdaq.json;cache/market_breadth/snapshots/nasdaq.json,Composite business still references; approval required before archive
US.JFU,cache/market_breadth/prices/US.JFU.json,17217,f21875db4b95d5387222c2d4300f534f03aac1d8cd07a43ab4b800dacb964d04,cache/market_breadth/members/nasdaq.json;cache/market_breadth/snapshots/nasdaq.json,Composite business still references; approval required before archive
US.JG,cache/market_breadth/prices/US.JG.json,17118,85a7b18b6e5230360f464d3cb7ad40030a4a9b23cc1223c6c60581524267f125,cache/market_breadth/members/nasdaq.json;cache/market_breadth/snapshots/nasdaq.json,Composite business still references; approval required before archive
US.JJSF,cache/market_breadth/prices/US.JJSF.json,17837,9330491ddd00859b0aeb0b7701c1ad90573bf96db0e207653206ffb3b902d531,cache/market_breadth/members/nasdaq.json;cache/market_breadth/snapshots/nasdaq.json,Composite business still references; approval required before archive
US.JKHY,cache/market_breadth/prices/US.JKHY.json,18092,1484fb2b6c8a40337a3be5c2c405fa0711c70d5d15defc3f84f4289bbaedd129,cache/market_breadth/members/nasdaq.json;cache/market_breadth/snapshots/nasdaq.json,Composite business still references; approval required before archive
US.JL,cache/market_breadth/prices/US.JL.json,17179,b1c18b6f7cec0c625e808446dd080592f3d4fb0c77930909ed61b7068628c05f,cache/market_breadth/members/nasdaq.json;cache/market_breadth/snapshots/nasdaq.json,Composite business still references; approval required before archive
US.JLHL,cache/market_breadth/prices/US.JLHL.json,13570,541dffb270fe1d7de6c65d938b10b28acc478be3b852f1f85e0b421cb2e5efbc,cache/market_breadth/members/nasdaq.json;cache/market_breadth/snapshots/nasdaq.json,Composite business still references; approval required before archive
US.JMSB,cache/market_breadth/prices/US.JMSB.json,17701,087c27df0628d2a5d103430944fab7f2d4adb833e655d94d8c292fe7925458c9,cache/market_breadth/members/nasdaq.json;cache/market_breadth/snapshots/nasdaq.json,Composite business still references; approval required before archive
US.JONE,cache/market_breadth/prices/US.JONE.json,881,84fb2a6049e237268cb3fa31f514a583bebec00aa09a7353727d2fbd0b64e8e6,cache/market_breadth/members/nasdaq.json;cache/market_breadth/snapshots/nasdaq.json,Composite business still references; approval required before archive
US.JOUT,cache/market_breadth/prices/US.JOUT.json,17682,210f65e0ddc75b319f34fa60feef39cbc41820a77f22a64fb9a8e08eef849ac0,cache/market_breadth/members/nasdaq.json;cache/market_breadth/snapshots/nasdaq.json,Composite business still references; approval required before archive
US.JOYY,cache/market_breadth/prices/US.JOYY.json,17692,c9848e109d661a5446aec4f74ea0de662d3fc359326983eaca05bd3cd1ccf1de,cache/market_breadth/members/nasdaq.json;cache/market_breadth/snapshots/nasdaq.json,Composite business still references; approval required before archive
US.JRSH,cache/market_breadth/prices/US.JRSH.json,17310,6b2c0630598c645ea1339a0cf13d011617e53be74557eb58a1c2cfe77dc5e7dd,cache/market_breadth/members/nasdaq.json;cache/market_breadth/snapshots/nasdaq.json,Composite business still references; approval required before archive
US.JRVR,cache/market_breadth/prices/US.JRVR.json,17302,2b6b3cb5abde8e762ed36bcb69d1ca9e665c1f6e2ebd440d76a3e2a22ff37f57,cache/market_breadth/members/nasdaq.json;cache/market_breadth/snapshots/nasdaq.json,Composite business still references; approval required before archive
US.JSPR,cache/market_breadth/prices/US.JSPR.json,17287,403b29523d8c53e86512016cfd7cc9121390ea194d31c3e1561d1cd9fc07cca4,cache/market_breadth/members/nasdaq.json;cache/market_breadth/snapshots/nasdaq.json,Composite business still references; approval required before archive
US.JTAI,cache/market_breadth/prices/US.JTAI.json,17494,5699be72ed093bbf4f80ecd841d8267948d67ac3f6d40526e8aa5e28e195c160,cache/market_breadth/members/nasdaq.json;cache/market_breadth/snapshots/nasdaq.json,Composite business still references; approval required before archive
US.JTTT,cache/market_breadth/prices/US.JTTT.json,1117,ea78501f8a782a4682af29d182591a354998cd82be522f3e4a418440a294c7f7,cache/market_breadth/members/nasdaq.json;cache/market_breadth/snapshots/nasdaq.json,Composite business still references; approval required before archive
US.JUNS,cache/market_breadth/prices/US.JUNS.json,15888,8928732c19bd6e3b692d5724b9c2def6e3d164f0d866b90bbdccb354e0b1f41c,cache/market_breadth/members/nasdaq.json;cache/market_breadth/snapshots/nasdaq.json,Composite business still references; approval required before archive
US.JVA,cache/market_breadth/prices/US.JVA.json,17238,9af356302c9b2e2411cdb4d7d4ad59c0e7d9def73807cebc2d46b66fb058f6f2,cache/market_breadth/members/nasdaq.json;cache/market_breadth/snapshots/nasdaq.json,Composite business still references; approval required before archive
US.JWEL,cache/market_breadth/prices/US.JWEL.json,17167,99743a9f760866e29049233d76b18f0a4cf225fd89937228f4e203785d9cf479,cache/market_breadth/members/nasdaq.json;cache/market_breadth/snapshots/nasdaq.json,Composite business still references; approval required before archive
US.JXG,cache/market_breadth/prices/US.JXG.json,16991,b78b969f99bed4aadb61f95ffeb694e8fa368a6e204a191fd26878262978fc29,cache/market_breadth/members/nasdaq.json;cache/market_breadth/snapshots/nasdaq.json,Composite business still references; approval required before archive
US.JYD,cache/market_breadth/prices/US.JYD.json,16922,1962b6910ac612ab69ec20239c5593891240a432b61b2e4bf13d9c2f2c185472,cache/market_breadth/members/nasdaq.json;cache/market_breadth/snapshots/nasdaq.json,Composite business still references; approval required before archive
US.JYNT,cache/market_breadth/prices/US.JYNT.json,17328,cd6495765a3346eba5c77b606be3f2cd4cf1b9cd61bb66af4d07a4c8e174ee2d,cache/market_breadth/members/nasdaq.json;cache/market_breadth/snapshots/nasdaq.json,Composite business still references; approval required before archive
US.JZ,cache/market_breadth/prices/US.JZ.json,16818,01f6e6c600cba86f25effec7cc7dcab6f66999813041ec952c37eafc50a73d1e,cache/market_breadth/members/nasdaq.json;cache/market_breadth/snapshots/nasdaq.json,Composite business still references; approval required before archive
US.JZXN,cache/market_breadth/prices/US.JZXN.json,17342,430c687c06929c8f8ca4d16963917af00b1e5ba3cc6b8387bce83bdce8acf873,cache/market_breadth/members/nasdaq.json;cache/market_breadth/snapshots/nasdaq.json,Composite business still references; approval required before archive
US.KALA,cache/market_breadth/prices/US.KALA.json,15924,5686495cfb6b323a98087413c4b078e8fc3c9f287380b23d8872f2e869f4f3e5,cache/market_breadth/members/nasdaq.json;cache/market_breadth/snapshots/nasdaq.json,Composite business still references; approval required before archive
US.KALU,cache/market_breadth/prices/US.KALU.json,17874,00687442f40cd60658b4c2d90740f51d24e5d57add6560a965a85756762416ef,cache/market_breadth/members/nasdaq.json;cache/market_breadth/snapshots/nasdaq.json,Composite business still references; approval required before archive
US.KARD,cache/market_breadth/prices/US.KARD.json,3203,e6c222cf67c82dbf851c55c861285115783efbdcd8732738e58abcc2caf4f26d,cache/market_breadth/members/nasdaq.json;cache/market_breadth/snapshots/nasdaq.json,Composite business still references; approval required before archive
US.KARO,cache/market_breadth/prices/US.KARO.json,17691,c732fa0f676fe2c7cc555820c241a9935b6463a63aa41c1c7b78d2c6f0a61c17,cache/market_breadth/members/nasdaq.json;cache/market_breadth/snapshots/nasdaq.json,Composite business still references; approval required before archive
US.KAZR,cache/market_breadth/prices/US.KAZR.json,17180,2848a40989f93145939f4fb5c2df80e45abc309fb4abb14d8ee8ab7c3f795b42,cache/market_breadth/members/nasdaq.json;cache/market_breadth/snapshots/nasdaq.json,Composite business still references; approval required before archive
US.KBON,cache/market_breadth/prices/US.KBON.json,7584,1627aa2c431c53bf054a135da68ff3154e1ef8e9e37f60d41ff50f257e83c319,cache/market_breadth/members/nasdaq.json;cache/market_breadth/snapshots/nasdaq.json,Composite business still references; approval required before archive
US.KBSX,cache/market_breadth/prices/US.KBSX.json,17165,e922cca259d98dd4c47a3bc1fe8094ac52e111e06edf083e8bab9e69eae0cf4d,cache/market_breadth/members/nasdaq.json;cache/market_breadth/snapshots/nasdaq.json,Composite business still references; approval required before archive
US.KC,cache/market_breadth/prices/US.KC.json,17599,02a32836364636856e49ab9084b1ba8cc221dfe93f7224d10958e712b411cbda,cache/market_breadth/members/nasdaq.json;cache/market_breadth/snapshots/nasdaq.json,Composite business still references; approval required before archive
US.KCHV,cache/market_breadth/prices/US.KCHV.json,13128,50916c32bbb2b4c784dc0920515639d1fb4a553faa96fda4971a66f32b4a9fac,cache/market_breadth/members/nasdaq.json;cache/market_breadth/snapshots/nasdaq.json,Composite business still references; approval required before archive
US.KDK,cache/market_breadth/prices/US.KDK.json,10902,6b8433cd9813935ea8f333713272f5e07b708c313ef44ea1968f06191571eac7,cache/market_breadth/members/nasdaq.json;cache/market_breadth/snapshots/nasdaq.json,Composite business still references; approval required before archive
US.KE,cache/market_breadth/prices/US.KE.json,17637,c060b481a84421f99b4f988f646a01eab89fe064d8500db705017e86b337aa0d,cache/market_breadth/members/nasdaq.json;cache/market_breadth/snapshots/nasdaq.json,Composite business still references; approval required before archive
US.KEEL,cache/market_breadth/prices/US.KEEL.json,17273,50f78a98d54c8d5cec431a00efcc642563d2a18f99ad27e435c63b45632b54cd,cache/market_breadth/members/nasdaq.json;cache/market_breadth/snapshots/nasdaq.json,Composite business still references; approval required before archive
US.KELYA,cache/market_breadth/prices/US.KELYA.json,17591,57f9164b01335230f8120f16c21ece04d493d6eeb14044db5ae4ec1666de08be,cache/market_breadth/members/nasdaq.json;cache/market_breadth/snapshots/nasdaq.json,Composite business still references; approval required before archive
US.KELYB,cache/market_breadth/prices/US.KELYB.json,17661,482d1c7aaac7ac896d680ad5465de547d04c2c52878e37d7100aef077a7b4767,cache/market_breadth/members/nasdaq.json;cache/market_breadth/snapshots/nasdaq.json,Composite business still references; approval required before archive
US.KEQU,cache/market_breadth/prices/US.KEQU.json,17382,0505b93890ce508b7cb585c5ff4d8e269924addb002c834dba86d4062d8ab34f,cache/market_breadth/members/nasdaq.json;cache/market_breadth/snapshots/nasdaq.json,Composite business still references; approval required before archive
US.KEYY,cache/market_breadth/prices/US.KEYY.json,3117,aea5e7845f347fb34c1cc66b6a23eed4d9b13dbee02a391fc7c488a6997b64ed,cache/market_breadth/members/nasdaq.json;cache/market_breadth/snapshots/nasdaq.json,Composite business still references; approval required before archive
US.KFFB,cache/market_breadth/prices/US.KFFB.json,17287,4650e3ba6305b791bf08e8edeafdf0ca89ccf41c180b9b316bf4507f60458046,cache/market_breadth/members/nasdaq.json;cache/market_breadth/snapshots/nasdaq.json,Composite business still references; approval required before archive
US.KFII,cache/market_breadth/prices/US.KFII.json,16970,68e79051e4fc08390d55ed0c1c538390cb5c16094172af0aff62b8b3b7af1bc6,cache/market_breadth/members/nasdaq.json;cache/market_breadth/snapshots/nasdaq.json,Composite business still references; approval required before archive
US.KG,cache/market_breadth/prices/US.KG.json,17286,4bc5394160c52e2fb1076c4aef35409e602ab0660635338e6e3e26d332ec6653,cache/market_breadth/members/nasdaq.json;cache/market_breadth/snapshots/nasdaq.json,Composite business still references; approval required before archive
US.KGEI,cache/market_breadth/prices/US.KGEI.json,17240,0efc1634caa07d8e585c445bfa315944e4b957c4833e4eb25d44254628dfddbd,cache/market_breadth/members/nasdaq.json;cache/market_breadth/snapshots/nasdaq.json,Composite business still references; approval required before archive
US.KIDS,cache/market_breadth/prices/US.KIDS.json,17613,671023e66ec6eb37a2f70a43624da14330150065428a44a09556a7c42954c120,cache/market_breadth/members/nasdaq.json;cache/market_breadth/snapshots/nasdaq.json,Composite business still references; approval required before archive
US.KIDZ,cache/market_breadth/prices/US.KIDZ.json,14444,e5dd80980d8d0015e095da92eae1d02838904195a0d0ea09800b310918ba21d1,cache/market_breadth/members/nasdaq.json;cache/market_breadth/snapshots/nasdaq.json,Composite business still references; approval required before archive
US.KINS,cache/market_breadth/prices/US.KINS.json,17672,29bbec03c116bf3034ac5b2ddef6f07e35c18d4f632cefa28ac5aced17da2c3e,cache/market_breadth/members/nasdaq.json;cache/market_breadth/snapshots/nasdaq.json,Composite business still references; approval required before archive
US.KITT,cache/market_breadth/prices/US.KITT.json,17675,f0dee8f4e683ed7e67389eb68311dea41039091a37220883eefef9c6ccfefd1f,cache/market_breadth/members/nasdaq.json;cache/market_breadth/snapshots/nasdaq.json,Composite business still references; approval required before archive
US.KLIC,cache/market_breadth/prices/US.KLIC.json,17748,76a947a7bf6abd66df36a649ab32c74c7e2e93d0946116437d4d7d50c35ff568,cache/market_breadth/members/nasdaq.json;cache/market_breadth/snapshots/nasdaq.json,Composite business still references; approval required before archive
US.KLRA,cache/market_breadth/prices/US.KLRA.json,5078,774cfce17763d44f96c29e4da1f6506e244b0caf4379b48294eca7511015006c,cache/market_breadth/members/nasdaq.json;cache/market_breadth/snapshots/nasdaq.json,Composite business still references; approval required before archive
US.KLRS,cache/market_breadth/prices/US.KLRS.json,17189,0255e839309208b105460572914f2ef3f340d96cbc84113d2d0a72cc1b090e00,cache/market_breadth/members/nasdaq.json;cache/market_breadth/snapshots/nasdaq.json,Composite business still references; approval required before archive
US.KLTR,cache/market_breadth/prices/US.KLTR.json,17158,1497eeed9bb68e7da97805991f779690cd1aeb013ffa66ab4970edbf404e601c,cache/market_breadth/members/nasdaq.json;cache/market_breadth/snapshots/nasdaq.json,Composite business still references; approval required before archive
US.KLXE,cache/market_breadth/prices/US.KLXE.json,17211,c70a03401e2c78233c5ec94ed664489355c942f51d4dbd577ca1c55e2697d093,cache/market_breadth/members/nasdaq.json;cache/market_breadth/snapshots/nasdaq.json,Composite business still references; approval required before archive
US.KMB,cache/market_breadth/prices/US.KMB.json,17956,1dbf615229aa3705eae972d19791f1ebbc2be224edd825b08b444844448ea8bf,cache/market_breadth/members/nasdaq.json;cache/market_breadth/snapshots/nasdaq.json,Composite business still references; approval required before archive
US.KMDA,cache/market_breadth/prices/US.KMDA.json,17309,2bfb21e7ba9825edbc540e03586a204794a16faa1adfeadeeb9abe169ad7962b,cache/market_breadth/members/nasdaq.json;cache/market_breadth/snapshots/nasdaq.json,Composite business still references; approval required before archive
US.KMRK,cache/market_breadth/prices/US.KMRK.json,13092,d49131a66ed5c7568b07cbe185af268de199272bae8f0a438cae4dc8c207c815,cache/market_breadth/members/nasdaq.json;cache/market_breadth/snapshots/nasdaq.json,Composite business still references; approval required before archive
US.KMTS,cache/market_breadth/prices/US.KMTS.json,17136,83c88e4fadf4429ed600d17b1996b70157699178f196df9300c7a477291c0566,cache/market_breadth/members/nasdaq.json;cache/market_breadth/snapshots/nasdaq.json,Composite business still references; approval required before archive
US.KNDI,cache/market_breadth/prices/US.KNDI.json,17250,d563ed63ebeadeb6edb4ec692885b334ade8dd61ddabaa97c3bce79c5131bda6,cache/market_breadth/members/nasdaq.json;cache/market_breadth/snapshots/nasdaq.json,Composite business still references; approval required before archive
US.KNSA,cache/market_breadth/prices/US.KNSA.json,17629,b3628abc63107f99a369084cf0ad685d7fdc1a9cbeb8c966a864893bc995ce9b,cache/market_breadth/members/nasdaq.json;cache/market_breadth/snapshots/nasdaq.json,Composite business still references; approval required before archive
US.KOD,cache/market_breadth/prices/US.KOD.json,17400,c83582c6c70fb365d754943209c634de8d2af1d14a3e789165f8406066c641a9,cache/market_breadth/members/nasdaq.json;cache/market_breadth/snapshots/nasdaq.json,Composite business still references; approval required before archive
US.KOPN,cache/market_breadth/prices/US.KOPN.json,17208,6ad8b22cdfe4c85c3dd2f938947a96163892aa9972284fb4d6a77b6a0e4b78d5,cache/market_breadth/members/nasdaq.json;cache/market_breadth/snapshots/nasdaq.json,Composite business still references; approval required before archive
US.KOSS,cache/market_breadth/prices/US.KOSS.json,17167,e13e09f0fba4f6a99eb2939c138e63ea794b9caf30ec3af05a1ef776361e2d10,cache/market_breadth/members/nasdaq.json;cache/market_breadth/snapshots/nasdaq.json,Composite business still references; approval required before archive
US.KOYN,cache/market_breadth/prices/US.KOYN.json,11294,f111748a683aee6b8a96543ae279e0bbbd31092a0a676811ac606fd3df909ff2,cache/market_breadth/members/nasdaq.json;cache/market_breadth/snapshots/nasdaq.json,Composite business still references; approval required before archive
US.KPLT,cache/market_breadth/prices/US.KPLT.json,17246,e9d786892e2cd34d7bb38739f4a0f8e8e73f0ffef8f397b5768d31e337c84e00,cache/market_breadth/members/nasdaq.json;cache/market_breadth/snapshots/nasdaq.json,Composite business still references; approval required before archive
US.KPRX,cache/market_breadth/prices/US.KPRX.json,17189,2264bfd5c708ce981b8b61cd7efbbb588c90fa74cc35460fd7930feeec1cfd3d,cache/market_breadth/members/nasdaq.json;cache/market_breadth/snapshots/nasdaq.json,Composite business still references; approval required before archive
US.KPTI,cache/market_breadth/prices/US.KPTI.json,17146,57bb5ba49c417e172e46083002ecc934b5cf889d8ffbe640a224a73c0613fbf0,cache/market_breadth/members/nasdaq.json;cache/market_breadth/snapshots/nasdaq.json,Composite business still references; approval required before archive
US.KRAQ,cache/market_breadth/prices/US.KRAQ.json,5753,58a520bbd717e4f16802d22d8752759f06be44b7fdda3ec90d0b53ca83839a19,cache/market_breadth/members/nasdaq.json;cache/market_breadth/snapshots/nasdaq.json,Composite business still references; approval required before archive
US.KRKR,cache/market_breadth/prices/US.KRKR.json,17160,1ce4f0a2a45f06515b4946025b27b619ff34cde44d62e64c36b7a56a841bdfe2,cache/market_breadth/members/nasdaq.json;cache/market_breadth/snapshots/nasdaq.json,Composite business still references; approval required before archive
US.KRMD,cache/market_breadth/prices/US.KRMD.json,17193,bcc07d9c10c24e11330a590a68adcd9530a8f3c888e48e689c175fd142a7bd1b,cache/market_breadth/members/nasdaq.json;cache/market_breadth/snapshots/nasdaq.json,Composite business still references; approval required before archive
US.KRNT,cache/market_breadth/prices/US.KRNT.json,17548,652162f5658b294eb87ebc1c40707efa6892f9266e0e45bf74c68f0d52ca65d9,cache/market_breadth/members/nasdaq.json;cache/market_breadth/snapshots/nasdaq.json,Composite business still references; approval required before archive
US.KRNY,cache/market_breadth/prices/US.KRNY.json,17309,510e36454d3daaae8f77cad9cd4d3910828d0e55ebb62963304117d829ce9449,cache/market_breadth/members/nasdaq.json;cache/market_breadth/snapshots/nasdaq.json,Composite business still references; approval required before archive
US.KROS,cache/market_breadth/prices/US.KROS.json,17591,161dc1169ac20bdd3e067347b53905c4c3053dba5144e667bc26c127ce99e586,cache/market_breadth/members/nasdaq.json;cache/market_breadth/snapshots/nasdaq.json,Composite business still references; approval required before archive
US.KRRO,cache/market_breadth/prices/US.KRRO.json,17473,58e93d36996d78007240473398a6128fa47c5c047d3e63b48fae15a281a37da5,cache/market_breadth/members/nasdaq.json;cache/market_breadth/snapshots/nasdaq.json,Composite business still references; approval required before archive
US.KRSA,cache/market_breadth/prices/US.KRSA.json,17448,0cf56c7cc76ea59326b9ffc0c8655cedffe5f8874f581bf8b34a57ce01338fdc,cache/market_breadth/members/nasdaq.json;cache/market_breadth/snapshots/nasdaq.json,Composite business still references; approval required before archive
US.KRT,cache/market_breadth/prices/US.KRT.json,17707,0cd15a89fa5773dd782983e95b265b162eb0f8c0fe054ac4db702fb961f0999d,cache/market_breadth/members/nasdaq.json;cache/market_breadth/snapshots/nasdaq.json,Composite business still references; approval required before archive
US.KRUS,cache/market_breadth/prices/US.KRUS.json,17569,71a7e3ffb235ef1b6b52ab479a91947c456c52e5ce0190f0ad05b79252b3197d,cache/market_breadth/members/nasdaq.json;cache/market_breadth/snapshots/nasdaq.json,Composite business still references; approval required before archive
US.KRYS,cache/market_breadth/prices/US.KRYS.json,17816,84731993630985aa53b0299095ecc2c41d347fdf28025d197e19c82e4eae65d9,cache/market_breadth/members/nasdaq.json;cache/market_breadth/snapshots/nasdaq.json,Composite business still references; approval required before archive
US.KSCP,cache/market_breadth/prices/US.KSCP.json,17194,afa233461af8d9d61d02d1e0c1bb416979a3aec457c50e74ee69cab12482cfa4,cache/market_breadth/members/nasdaq.json;cache/market_breadth/snapshots/nasdaq.json,Composite business still references; approval required before archive
US.KSPI,cache/market_breadth/prices/US.KSPI.json,17722,0abc293a102d817440f59a986b910bdc3301dbf1d86c8adf110fdd8c713f0cd0,cache/market_breadth/members/nasdaq.json;cache/market_breadth/snapshots/nasdaq.json,Composite business still references; approval required before archive
US.KTCC,cache/market_breadth/prices/US.KTCC.json,17175,e65267e86357b193a12b7473d1295df8ca6ab01610f8ada0a2bfde861f63613c,cache/market_breadth/members/nasdaq.json;cache/market_breadth/snapshots/nasdaq.json,Composite business still references; approval required before archive
US.KTOS,cache/market_breadth/prices/US.KTOS.json,17650,c3bd78c1a9f951e7c3cf3560ed0e70c1da1f0cd09befdc249eba9e76c60beb1b,cache/market_breadth/members/nasdaq.json;cache/market_breadth/snapshots/nasdaq.json,Composite business still references; approval required before archive
US.KTTA,cache/market_breadth/prices/US.KTTA.json,17288,50f73e95f5c659cd7a3b37f34393033d7c6067b48517c4f50d156e0c811392aa,cache/market_breadth/members/nasdaq.json;cache/market_breadth/snapshots/nasdaq.json,Composite business still references; approval required before archive
US.KTWO,cache/market_breadth/prices/US.KTWO.json,6528,2d05eaba52f3f251b32a8573bb00099e44323cb1b806b6be0d3fde9e4bb3969d,cache/market_breadth/members/nasdaq.json;cache/market_breadth/snapshots/nasdaq.json,Composite business still references; approval required before archive
US.KURA,cache/market_breadth/prices/US.KURA.json,17349,b33da1128d69fe4b13f6b606b52eed4b8eb433838feddd623555bfac0cd9fe5e,cache/market_breadth/members/nasdaq.json;cache/market_breadth/snapshots/nasdaq.json,Composite business still references; approval required before archive
US.KUST,cache/market_breadth/prices/US.KUST.json,16632,a9ab6654d1f5beb056ce435706d27b844fcafd03ad8ca41f007d100c13543ea2,cache/market_breadth/members/nasdaq.json;cache/market_breadth/snapshots/nasdaq.json,Composite business still references; approval required before archive
US.KVHI,cache/market_breadth/prices/US.KVHI.json,17126,30eeb6bc51e18ab3b02155d967fa2e0eb94f5e0659398c1b1e7c18f9dc1a8fc3,cache/market_breadth/members/nasdaq.json;cache/market_breadth/snapshots/nasdaq.json,Composite business still references; approval required before archive
US.KXIN,cache/market_breadth/prices/US.KXIN.json,16384,1933de355c65b02bedc5fb5ffd9b07869b3d3d42a0c47e906e2525463201b0b3,cache/market_breadth/members/nasdaq.json;cache/market_breadth/snapshots/nasdaq.json,Composite business still references; approval required before archive
US.KYIV,cache/market_breadth/prices/US.KYIV.json,17497,03b490babc9c0c054a5196654ea277dba66c7b83b84a6c3617a52f3c391fabb1,cache/market_breadth/members/nasdaq.json;cache/market_breadth/snapshots/nasdaq.json,Composite business still references; approval required before archive
US.KYMR,cache/market_breadth/prices/US.KYMR.json,17619,8d98779684dae3fcdbd862863c1e64f64b01d64055b62831ee89505ac1955641,cache/market_breadth/members/nasdaq.json;cache/market_breadth/snapshots/nasdaq.json,Composite business still references; approval required before archive
US.KYNB,cache/market_breadth/prices/US.KYNB.json,17057,9b7060722fcb1826a55d5487fe05be5a83dc4d82e06793cbfa497aba95bc0171,cache/market_breadth/members/nasdaq.json;cache/market_breadth/snapshots/nasdaq.json,Composite business still references; approval required before archive
US.KYTX,cache/market_breadth/prices/US.KYTX.json,17227,967d9523c4217ac55bcebfcf2916722671703b563768d45bd86aee3cc9f978f7,cache/market_breadth/members/nasdaq.json;cache/market_breadth/snapshots/nasdaq.json,Composite business still references; approval required before archive
US.KZIA,cache/market_breadth/prices/US.KZIA.json,17174,f5c77fe537587e176b9aae43893c3c8eee9c380a1070cba63af6455c5cceb308,cache/market_breadth/members/nasdaq.json;cache/market_breadth/snapshots/nasdaq.json,Composite business still references; approval required before archive
US.LAB,cache/market_breadth/prices/US.LAB.json,17241,b87b1ecabc0e4e432440d99253ebe08e161d3e90b6da04ca5c00975151d87f70,cache/market_breadth/members/nasdaq.json;cache/market_breadth/snapshots/nasdaq.json,Composite business still references; approval required before archive
US.LABT,cache/market_breadth/prices/US.LABT.json,4720,551b481acc1434d9a0cb90a84f725cf83a62fe752101bd0b0f806de58fdc0892,cache/market_breadth/members/nasdaq.json;cache/market_breadth/snapshots/nasdaq.json,Composite business still references; approval required before archive
US.LAES,cache/market_breadth/prices/US.LAES.json,17240,125dd6aa08fa8e187bdc4261ed167c6abb9d885a53ab13652f1c91912886e06b,cache/market_breadth/members/nasdaq.json;cache/market_breadth/snapshots/nasdaq.json,Composite business still references; approval required before archive
US.LAFA,cache/market_breadth/prices/US.LAFA.json,9163,18d876b0660db4865873776a47881d264d5122c3564368928f94d1177f884744,cache/market_breadth/members/nasdaq.json;cache/market_breadth/snapshots/nasdaq.json,Composite business still references; approval required before archive
US.LAKE,cache/market_breadth/prices/US.LAKE.json,17504,17d50ab5428fe9508764aa018bbad02f8ff4a53f0faab179190528e1002fbadf,cache/market_breadth/members/nasdaq.json;cache/market_breadth/snapshots/nasdaq.json,Composite business still references; approval required before archive
US.LAMR,cache/market_breadth/prices/US.LAMR.json,18107,f18dc87e49b7f12c4b675597de0b3f8081525c5fae44310d1ed139ae472c1d1b,cache/market_breadth/members/nasdaq.json;cache/market_breadth/snapshots/nasdaq.json,Composite business still references; approval required before archive
US.LAND,cache/market_breadth/prices/US.LAND.json,17358,118b8acd7735ea6e554bbca83ff09aa938a7e1d870825be5a3abb9eb974763e0,cache/market_breadth/members/nasdaq.json;cache/market_breadth/snapshots/nasdaq.json,Composite business still references; approval required before archive
US.LARK,cache/market_breadth/prices/US.LARK.json,17684,12a17f9d473b7d0a325d71b8cedfacd9f9794fe83164f9d2ca7c6095faffbf28,cache/market_breadth/members/nasdaq.json;cache/market_breadth/snapshots/nasdaq.json,Composite business still references; approval required before archive
US.LASE,cache/market_breadth/prices/US.LASE.json,17224,5a88b095f40bff133c89320f6990bec654f26d50728b5028fc02018861473d93,cache/market_breadth/members/nasdaq.json;cache/market_breadth/snapshots/nasdaq.json,Composite business still references; approval required before archive
US.LASR,cache/market_breadth/prices/US.LASR.json,17508,71c24ce1dd2663207bff7162eed9feedd20b51c62659a6809c1381b720b910b5,cache/market_breadth/members/nasdaq.json;cache/market_breadth/snapshots/nasdaq.json,Composite business still references; approval required before archive
US.LATA,cache/market_breadth/prices/US.LATA.json,9768,82220bec74d37f11d5ab5c5720b1f13444b3efc6aad0cb7fc036f52a5d31fc45,cache/market_breadth/members/nasdaq.json;cache/market_breadth/snapshots/nasdaq.json,Composite business still references; approval required before archive
US.LAUR,cache/market_breadth/prices/US.LAUR.json,17665,9b8f1b026fc9ceca08cbcba15475c92ca45c06094410d8d9bc08f052a8bc33a9,cache/market_breadth/members/nasdaq.json;cache/market_breadth/snapshots/nasdaq.json,Composite business still references; approval required before archive
US.LAWR,cache/market_breadth/prices/US.LAWR.json,11240,e68ab7b71934e333129d8bb264173ea9dadbf09f3b2cbf66b51dc2f2578778bd,cache/market_breadth/members/nasdaq.json;cache/market_breadth/snapshots/nasdaq.json,Composite business still references; approval required before archive
US.LBGJ,cache/market_breadth/prices/US.LBGJ.json,15520,13a1d11594996f3dd7aa8e99cf4615664599d647bd745e81db913d4c26626826,cache/market_breadth/members/nasdaq.json;cache/market_breadth/snapshots/nasdaq.json,Composite business still references; approval required before archive
US.LBRX,cache/market_breadth/prices/US.LBRX.json,11522,637715c0f278fee453ff380dccb859f154a3e1580fdefeea194b073fbf8ce198,cache/market_breadth/members/nasdaq.json;cache/market_breadth/snapshots/nasdaq.json,Composite business still references; approval required before archive
US.LBTYA,cache/market_breadth/prices/US.LBTYA.json,17513,6d0bfd2d2a9b297d5e3c905d70ce00efcad2c97734f97a20a3082a8bb52253ef,cache/market_breadth/members/nasdaq.json;cache/market_breadth/snapshots/nasdaq.json,Composite business still references; approval required before archive
US.LBTYB,cache/market_breadth/prices/US.LBTYB.json,17180,541b9506070993369b66f183bb67de4dd8f2a05e2b1c281e578e6f0e878f5818,cache/market_breadth/members/nasdaq.json;cache/market_breadth/snapshots/nasdaq.json,Composite business still references; approval required before archive
US.LBTYK,cache/market_breadth/prices/US.LBTYK.json,17509,224b5eced9568566e86ee6e7e8fe0a333c1a6e6c786eeb49f6be67f0f33e764c,cache/market_breadth/members/nasdaq.json;cache/market_breadth/snapshots/nasdaq.json,Composite business still references; approval required before archive
US.LCCC,cache/market_breadth/prices/US.LCCC.json,13952,e0341e06391f2d757b9b4de81166a5a5ac078ac8e2f3fa29bbf294eb4ea26273,cache/market_breadth/members/nasdaq.json;cache/market_breadth/snapshots/nasdaq.json,Composite business still references; approval required before archive
US.LCFY,cache/market_breadth/prices/US.LCFY.json,17170,c610533034ec9cefb2d841bd4ed9b1a92acf404d5e0b576625ca2654b51d2b87,cache/market_breadth/members/nasdaq.json;cache/market_breadth/snapshots/nasdaq.json,Composite business still references; approval required before archive
US.LCID,cache/market_breadth/prices/US.LCID.json,17291,3289a1696cc39c0df0839872da58cdd360650cf6e3340e4d4c293cb2f2e648f9,cache/market_breadth/members/nasdaq.json;cache/market_breadth/snapshots/nasdaq.json,Composite business still references; approval required before archive
US.LCNB,cache/market_breadth/prices/US.LCNB.json,17711,b6ac628d5dd82de0bdbb8456a266361b5c8d608b8a0d157ed97f9d6dc7dc0bad,cache/market_breadth/members/nasdaq.json;cache/market_breadth/snapshots/nasdaq.json,Composite business still references; approval required before archive
US.LCUT,cache/market_breadth/prices/US.LCUT.json,17293,13f9aacee94793f08731de57f80888712b97fb48edc7be78a7ed7e58170f0f44,cache/market_breadth/members/nasdaq.json;cache/market_breadth/snapshots/nasdaq.json,Composite business still references; approval required before archive
US.LE,cache/market_breadth/prices/US.LE.json,17558,8acf52cb203511e36d031f6394140d00004cef40b896c4e7886540d3550c2196,cache/market_breadth/members/nasdaq.json;cache/market_breadth/snapshots/nasdaq.json,Composite business still references; approval required before archive
US.LECO,cache/market_breadth/prices/US.LECO.json,18094,459870ac13eec8343288e2abf9852da4cb37614d0e7f2a7b5cd3012ecfddeed3,cache/market_breadth/members/nasdaq.json;cache/market_breadth/snapshots/nasdaq.json,Composite business still references; approval required before archive
US.LEDS,cache/market_breadth/prices/US.LEDS.json,17205,33a86e12d794b2387454451ed719a5ff86686be66f8f9381420099ce15e19c4f,cache/market_breadth/members/nasdaq.json;cache/market_breadth/snapshots/nasdaq.json,Composite business still references; approval required before archive
US.LEE,cache/market_breadth/prices/US.LEE.json,17145,0592f26f76dbaa8b06fb06d7581f830ff4e66d01435338d35d998cbc421888a8,cache/market_breadth/members/nasdaq.json;cache/market_breadth/snapshots/nasdaq.json,Composite business still references; approval required before archive
US.LEGH,cache/market_breadth/prices/US.LEGH.json,17559,4825737d9fe4365e77f6d8cd8074dfed414ed6e8ef795cf7836415e6d0dfb67b,cache/market_breadth/members/nasdaq.json;cache/market_breadth/snapshots/nasdaq.json,Composite business still references; approval required before archive
US.LEGN,cache/market_breadth/prices/US.LEGN.json,17536,1a4ee8f3ddc05ce19fca01ac56aac870a5a29e7154a2225b1e6cc796906b4219,cache/market_breadth/members/nasdaq.json;cache/market_breadth/snapshots/nasdaq.json,Composite business still references; approval required before archive
US.LENZ,cache/market_breadth/prices/US.LENZ.json,17440,85a1ca69216ac2fed338735da967fb7dba795f3a56e9296acf65801b2470ff01,cache/market_breadth/members/nasdaq.json;cache/market_breadth/snapshots/nasdaq.json,Composite business still references; approval required before archive
US.LESL,cache/market_breadth/prices/US.LESL.json,17252,327d44158218833ca5f3894f58d9863ea4fd6db32573233a25bba15d9dac2298,cache/market_breadth/members/nasdaq.json;cache/market_breadth/snapshots/nasdaq.json,Composite business still references; approval required before archive
US.LEXX,cache/market_breadth/prices/US.LEXX.json,17221,b06fcdfe01520855154d31790bf158252ee96429409513eeb484c0ee457685d0,cache/market_breadth/members/nasdaq.json;cache/market_breadth/snapshots/nasdaq.json,Composite business still references; approval required before archive
US.LFAC,cache/market_breadth/prices/US.LFAC.json,7310,c3724a4dd87131062fad8574345f082516fa6629ed73ef02fead703fe97fe5b6,cache/market_breadth/members/nasdaq.json;cache/market_breadth/snapshots/nasdaq.json,Composite business still references; approval required before archive
US.LFCR,cache/market_breadth/prices/US.LFCR.json,17158,e12b91e92679850727a0297930e430aadb1101be8da20a0800ec919b5c172add,cache/market_breadth/members/nasdaq.json;cache/market_breadth/snapshots/nasdaq.json,Composite business still references; approval required before archive
US.LFMD,cache/market_breadth/prices/US.LFMD.json,17222,c45a417feafa9ad0519d83a2592bb37f7d6ee37d9f0d6cc31ca23fb9efaebe11,cache/market_breadth/members/nasdaq.json;cache/market_breadth/snapshots/nasdaq.json,Composite business still references; approval required before archive
US.LFS,cache/market_breadth/prices/US.LFS.json,10495,464e6a5bd196e6186cf370d03d95d3d09323d65deaf9a744989ac82c1d8bfe4e,cache/market_breadth/members/nasdaq.json;cache/market_breadth/snapshots/nasdaq.json,Composite business still references; approval required before archive
US.LFST,cache/market_breadth/prices/US.LFST.json,17290,a66a998729db2e988d6f1b9de48bfeb43798cf1590e2036427d8672aba2392fd,cache/market_breadth/members/nasdaq.json;cache/market_breadth/snapshots/nasdaq.json,Composite business still references; approval required before archive
US.LFTO,cache/market_breadth/prices/US.LFTO.json,3652,3f0775328dac0d2e2eed0bac84822a27eb34699c64d354c339e53785d1130726,cache/market_breadth/members/nasdaq.json;cache/market_breadth/snapshots/nasdaq.json,Composite business still references; approval required before archive
US.LFUS,cache/market_breadth/prices/US.LFUS.json,18091,01cce7774fa00f587cd7482e49dbf8f2685341a008785ed31a46e936701c52e7,cache/market_breadth/members/nasdaq.json;cache/market_breadth/snapshots/nasdaq.json,Composite business still references; approval required before archive
US.LFVN,cache/market_breadth/prices/US.LFVN.json,17433,bc4d1c7a57e741c206497ce9025335ce9ea795970f6483ddf4c3a986f443312a,cache/market_breadth/members/nasdaq.json;cache/market_breadth/snapshots/nasdaq.json,Composite business still references; approval required before archive
US.LFWD,cache/market_breadth/prices/US.LFWD.json,17277,d16ceb5f2a724b9ed6dd0d842072f7e3cabcb09158b1aa713d12ac2db877a382,cache/market_breadth/members/nasdaq.json;cache/market_breadth/snapshots/nasdaq.json,Composite business still references; approval required before archive
US.LGCL,cache/market_breadth/prices/US.LGCL.json,14925,e51844aea4861a81fafcf4cacc811b0b47068cc4aeda877c0b812a6f37bfd3d3,cache/market_breadth/members/nasdaq.json;cache/market_breadth/snapshots/nasdaq.json,Composite business still references; approval required before archive
US.LGHL,cache/market_breadth/prices/US.LGHL.json,17374,633463bd3e45de95f63f52f3b16030ea6b058d7196dc16badb9fad361c3e1a9b,cache/market_breadth/members/nasdaq.json;cache/market_breadth/snapshots/nasdaq.json,Composite business still references; approval required before archive
US.LGIH,cache/market_breadth/prices/US.LGIH.json,17556,3576018c0cc9843052e28ff26020a27c0cea8592a72d4d4f018e5e0d2410f36f,cache/market_breadth/members/nasdaq.json;cache/market_breadth/snapshots/nasdaq.json,Composite business still references; approval required before archive
US.LGN,cache/market_breadth/prices/US.LGN.json,11481,febfe05e67f31101fbf99b9f8fa55bf7ab3acbebc9c5d3e11ffcc9d13ea6657c,cache/market_breadth/members/nasdaq.json;cache/market_breadth/snapshots/nasdaq.json,Composite business still references; approval required before archive
US.LGND,cache/market_breadth/prices/US.LGND.json,17981,bebfed44ce0b8a3328e3500bc2dacab8a19f5f426c00717258d7dd240cd309da,cache/market_breadth/members/nasdaq.json;cache/market_breadth/snapshots/nasdaq.json,Composite business still references; approval required before archive
US.LGO,cache/market_breadth/prices/US.LGO.json,17189,584685a7f019bdf856d40d44960f0470a8640758b0c34ace877e18c68dc6e1ec,cache/market_breadth/members/nasdaq.json;cache/market_breadth/snapshots/nasdaq.json,Composite business still references; approval required before archive
US.LGVN,cache/market_breadth/prices/US.LGVN.json,16923,270792ed426f14d8cc4b42fc38e9890f3d283371eb88152da0ca59a2ad7d52bc,cache/market_breadth/members/nasdaq.json;cache/market_breadth/snapshots/nasdaq.json,Composite business still references; approval required before archive
US.LHAI,cache/market_breadth/prices/US.LHAI.json,12867,bd0370bf6ed50d5c9142a5300d02fb13ae23a3c6d975d3e25777890c9f3a67e3,cache/market_breadth/members/nasdaq.json;cache/market_breadth/snapshots/nasdaq.json,Composite business still references; approval required before archive
US.LHSW,cache/market_breadth/prices/US.LHSW.json,16267,a25c2d619db63ff457f5f5be804707c2ced670297810ec440b05afa14668e431,cache/market_breadth/members/nasdaq.json;cache/market_breadth/snapshots/nasdaq.json,Composite business still references; approval required before archive
US.LI,cache/market_breadth/prices/US.LI.json,17589,21f6fa45fe99accc73266b9d0d6025642fae8b6460dfa08ba8ecadf496a357e3,cache/market_breadth/members/nasdaq.json;cache/market_breadth/snapshots/nasdaq.json,Composite business still references; approval required before archive
US.LICN,cache/market_breadth/prices/US.LICN.json,17103,039c365e6757c7c5544b68c4f4b4b9f357dc8f4062d8a6bba263075fee035b53,cache/market_breadth/members/nasdaq.json;cache/market_breadth/snapshots/nasdaq.json,Composite business still references; approval required before archive
US.LIDR,cache/market_breadth/prices/US.LIDR.json,17294,009f3481c979b16f398a056f93828c2194b558411a15e333d893c900342398cb,cache/market_breadth/members/nasdaq.json;cache/market_breadth/snapshots/nasdaq.json,Composite business still references; approval required before archive
US.LIEN,cache/market_breadth/prices/US.LIEN.json,17296,c22ffc16d73d9436b1c0e59bdc1690bee0d5b84f52830f815409e09283b2a7a2,cache/market_breadth/members/nasdaq.json;cache/market_breadth/snapshots/nasdaq.json,Composite business still references; approval required before archive
US.LIF,cache/market_breadth/prices/US.LIF.json,17578,098d3f14499ccfc7905e6345f1bd6e2de7fed254b7f970fa0fa18a73d1656a63,cache/market_breadth/members/nasdaq.json;cache/market_breadth/snapshots/nasdaq.json,Composite business still references; approval required before archive
US.LIFE,cache/market_breadth/prices/US.LIFE.json,7381,db3f84a0788e4947cc8942898eba267f21911d4a4903438d2a3156da9ed599d8,cache/market_breadth/members/nasdaq.json;cache/market_breadth/snapshots/nasdaq.json,Composite business still references; approval required before archive
US.LILA,cache/market_breadth/prices/US.LILA.json,17186,a88cf29adf3d6198254d6f59ef21ef3e3e9dc1c65985c5edb7dd5e28d6191a5f,cache/market_breadth/members/nasdaq.json;cache/market_breadth/snapshots/nasdaq.json,Composite business still references; approval required before archive
US.LILAK,cache/market_breadth/prices/US.LILAK.json,17139,4cc748ff89a47ddf8600815322d6b5f398c0722e81fef477ba7cf0b8ea592fd1,cache/market_breadth/members/nasdaq.json;cache/market_breadth/snapshots/nasdaq.json,Composite business still references; approval required before archive
US.LIME,cache/market_breadth/prices/US.LIME.json,2817,6c5df707e93102e040ab126148af3ca8f02577535da3072cfd89a576e81f35fe,cache/market_breadth/members/nasdaq.json;cache/market_breadth/snapshots/nasdaq.json,Composite business still references; approval required before archive
US.LIMN,cache/market_breadth/prices/US.LIMN.json,13929,e4a23f469eb681d63c5dee1b8691606c84082d659049f9574a368909dc9ccbd5,cache/market_breadth/members/nasdaq.json;cache/market_breadth/snapshots/nasdaq.json,Composite business still references; approval required before archive
US.LINC,cache/market_breadth/prices/US.LINC.json,17599,bbed895a9dd097e52a81bcc05f1cb3748b6a5cb2baf8f5a73c8f774b02434ad6,cache/market_breadth/members/nasdaq.json;cache/market_breadth/snapshots/nasdaq.json,Composite business still references; approval required before archive
US.LIND,cache/market_breadth/prices/US.LIND.json,17546,ac2cf4c110d75fb22fc214e09cbda03a789802477f29f0dc0b08be8c5761f754,cache/market_breadth/members/nasdaq.json;cache/market_breadth/snapshots/nasdaq.json,Composite business still references; approval required before archive
US.LINE,cache/market_breadth/prices/US.LINE.json,17641,5c7bdd51faed4e3b30701f1aed5a2278a3ccf4a7febda57d006908b4c614a0a1,cache/market_breadth/members/nasdaq.json;cache/market_breadth/snapshots/nasdaq.json,Composite business still references; approval required before archive
US.LINK,cache/market_breadth/prices/US.LINK.json,17208,53a83ba342d9a65bf3c4a5490751b869f1b0d4d5c4856477e7ca7679fb38474d,cache/market_breadth/members/nasdaq.json;cache/market_breadth/snapshots/nasdaq.json,Composite business still references; approval required before archive
US.LIQT,cache/market_breadth/prices/US.LIQT.json,17176,0284fe6f0dac596a800ef249eef9b949fe652121a61e5a3f02f95d727b6863ee,cache/market_breadth/members/nasdaq.json;cache/market_breadth/snapshots/nasdaq.json,Composite business still references; approval required before archive
US.LITS,cache/market_breadth/prices/US.LITS.json,17188,0e1ed7846f187c0d10a39015448ccecc43fedc032e46ea61e9aaad0a7166e375,cache/market_breadth/members/nasdaq.json;cache/market_breadth/snapshots/nasdaq.json,Composite business still references; approval required before archive
US.LIVE,cache/market_breadth/prices/US.LIVE.json,17270,a5ef2ddda0dd04847502257828aafd8cbda8208010f1466e900d52fb2cfb5883,cache/market_breadth/members/nasdaq.json;cache/market_breadth/snapshots/nasdaq.json,Composite business still references; approval required before archive
US.LIVN,cache/market_breadth/prices/US.LIVN.json,17603,17269f21a783af6c5f0212f5b9542398712fe679a3597d31bcbfeaaffddce631,cache/market_breadth/members/nasdaq.json;cache/market_breadth/snapshots/nasdaq.json,Composite business still references; approval required before archive
US.LKFN,cache/market_breadth/prices/US.LKFN.json,17682,9d7cf7a6da5efc6b3d4874f570f3ef5c0d591aa694dbcdaa5cae97483b8fa30f,cache/market_breadth/members/nasdaq.json;cache/market_breadth/snapshots/nasdaq.json,Composite business still references; approval required before archive
US.LKFT,cache/market_breadth/prices/US.LKFT.json,17575,2663adb7af69538d4835c805335e1a43b13783d384c3cbba3edb3e715d3e8fdd,cache/market_breadth/members/nasdaq.json;cache/market_breadth/snapshots/nasdaq.json,Composite business still references; approval required before archive
US.LKQ,cache/market_breadth/prices/US.LKQ.json,17668,f7634b60d4ddc205a5bf05e3772037c35588fa8cfc46df1e47d17ee6934279ca,cache/market_breadth/members/nasdaq.json;cache/market_breadth/snapshots/nasdaq.json,Composite business still references; approval required before archive
US.LKSP,cache/market_breadth/prices/US.LKSP.json,9714,d33efdc9b45636ceb23668977ad27b0f53c82c8ccf9540c7dddc0175bf8dd549,cache/market_breadth/members/nasdaq.json;cache/market_breadth/snapshots/nasdaq.json,Composite business still references; approval required before archive
US.LLYVA,cache/market_breadth/prices/US.LLYVA.json,17565,491aaa9eacefdddd0d32e676aef295c88f7cc1906245f2ee7f04bb8200c1221d,cache/market_breadth/members/nasdaq.json;cache/market_breadth/snapshots/nasdaq.json,Composite business still references; approval required before archive
US.LLYVK,cache/market_breadth/prices/US.LLYVK.json,17633,cc7906d0ee6e3520d836046f5e6acdb044258d9401b085243954889993755a4b,cache/market_breadth/members/nasdaq.json;cache/market_breadth/snapshots/nasdaq.json,Composite business still references; approval required before archive
US.LMAT,cache/market_breadth/prices/US.LMAT.json,17777,f1abae15ee023df27f53d3d0727dd81db91ace8d9603fbae279cd23f044990f8,cache/market_breadth/members/nasdaq.json;cache/market_breadth/snapshots/nasdaq.json,Composite business still references; approval required before archive
US.LMB,cache/market_breadth/prices/US.LMB.json,17626,6e00735dd43d501a76d2444f7c5b07f2238baa92c688bfead8fc1295408cea36,cache/market_breadth/members/nasdaq.json;cache/market_breadth/snapshots/nasdaq.json,Composite business still references; approval required before archive
US.LMNR,cache/market_breadth/prices/US.LMNR.json,17622,2bc01cd79654da12e8a49191283bb708dd884891c4543e7861c416ee612e299c,cache/market_breadth/members/nasdaq.json;cache/market_breadth/snapshots/nasdaq.json,Composite business still references; approval required before archive
US.LMRI,cache/market_breadth/prices/US.LMRI.json,8725,d95c667c1dee2f649c3db9011a49546d42f0cfd9bf0da8c79bf945038bd369f5,cache/market_breadth/members/nasdaq.json;cache/market_breadth/snapshots/nasdaq.json,Composite business still references; approval required before archive
US.LNAI,cache/market_breadth/prices/US.LNAI.json,17400,9c2d156c9768a5295f92ee77f545f067c2ac889ac8f4396d2029c73ba683255a,cache/market_breadth/members/nasdaq.json;cache/market_breadth/snapshots/nasdaq.json,Composite business still references; approval required before archive
US.LNKS,cache/market_breadth/prices/US.LNKS.json,15413,f786f772c52e0d88fda3e86412a0ffdcc22e6162a9618e4138a84f0d6f85f1be,cache/market_breadth/members/nasdaq.json;cache/market_breadth/snapshots/nasdaq.json,Composite business still references; approval required before archive
US.LNSR,cache/market_breadth/prices/US.LNSR.json,17386,338960b1b7f6e8d70611a42b8b728c5e3b4611594b71a54fa816f64dabf5dccd,cache/market_breadth/members/nasdaq.json;cache/market_breadth/snapshots/nasdaq.json,Composite business still references; approval required before archive
US.LNT,cache/market_breadth/prices/US.LNT.json,17707,84e88676aff87746a86c4654fb49e28e0d50fe8d5f7d2a6b896bf5e25f255442,cache/market_breadth/members/nasdaq.json;cache/market_breadth/snapshots/nasdaq.json,Composite business still references; approval required before archive
US.LNTH,cache/market_breadth/prices/US.LNTH.json,17629,2796b8e4257dd0918aa398e1233fc175c1626a57916c04332d9cdb99b3cd9919,cache/market_breadth/members/nasdaq.json;cache/market_breadth/snapshots/nasdaq.json,Composite business still references; approval required before archive
US.LNZA,cache/market_breadth/prices/US.LNZA.json,17112,bb40913d7f705ec0b36a9dff8e6df416f7a493e6f8ac63997d8f039782d8703c,cache/market_breadth/members/nasdaq.json;cache/market_breadth/snapshots/nasdaq.json,Composite business still references; approval required before archive
US.LOAN,cache/market_breadth/prices/US.LOAN.json,17322,5f25aa4bd088a08374396279d8cc18c8f9805b4dca1d572aeb3fcdd2ec0cb6c9,cache/market_breadth/members/nasdaq.json;cache/market_breadth/snapshots/nasdaq.json,Composite business still references; approval required before archive
US.LOBO,cache/market_breadth/prices/US.LOBO.json,17258,6255b861d5beab50c5c516d95f7578091a8ddf35005ff8ba06b9accee10bb06a,cache/market_breadth/members/nasdaq.json;cache/market_breadth/snapshots/nasdaq.json,Composite business still references; approval required before archive
US.LOCO,cache/market_breadth/prices/US.LOCO.json,17539,7bb1dc2d1e8aeee95f62d3861784a0586366197109ff4f4cd02d35565eb1a88a,cache/market_breadth/members/nasdaq.json;cache/market_breadth/snapshots/nasdaq.json,Composite business still references; approval required before archive
US.LOGI,cache/market_breadth/prices/US.LOGI.json,17863,ae1404e28647da3826441040ccbc9852d095ff2752be2a727d231054ea29ba31,cache/market_breadth/members/nasdaq.json;cache/market_breadth/snapshots/nasdaq.json,Composite business still references; approval required before archive
US.LONA,cache/market_breadth/prices/US.LONA.json,17229,55d090346e3d74a52f98af86f1fd27b917e7c91ff1a24c7e0cb305095290b869,cache/market_breadth/members/nasdaq.json;cache/market_breadth/snapshots/nasdaq.json,Composite business still references; approval required before archive
US.LOOP,cache/market_breadth/prices/US.LOOP.json,17178,3adea85a3011694e8428f622aa4928698f01f7fa2ca2ab5836abebfc4f29d371,cache/market_breadth/members/nasdaq.json;cache/market_breadth/snapshots/nasdaq.json,Composite business still references; approval required before archive
US.LOPE,cache/market_breadth/prices/US.LOPE.json,17914,35cc8f0f72cb1b185ddde42ea16a2c79daf44975da8d18e4686b3b1813cd8f9a,cache/market_breadth/members/nasdaq.json;cache/market_breadth/snapshots/nasdaq.json,Composite business still references; approval required before archive
US.LOT,cache/market_breadth/prices/US.LOT.json,17202,63ae008a7935f39897a98bac4742c69cd0ef383ce2c070ecf6b2c739b7e01bf5,cache/market_breadth/members/nasdaq.json;cache/market_breadth/snapshots/nasdaq.json,Composite business still references; approval required before archive
US.LOVE,cache/market_breadth/prices/US.LOVE.json,17571,25f1cd00c01e6991b98ed4614a003cd52341a9bb6a7047a8c1a536fae710da1e,cache/market_breadth/members/nasdaq.json;cache/market_breadth/snapshots/nasdaq.json,Composite business still references; approval required before archive
US.LPAA,cache/market_breadth/prices/US.LPAA.json,17419,ec9568211b6fe12cd9c18a44b423c73af643f7e8a07d63c9ffd377e172e17152,cache/market_breadth/members/nasdaq.json;cache/market_breadth/snapshots/nasdaq.json,Composite business still references; approval required before archive
US.LPBB,cache/market_breadth/prices/US.LPBB.json,17573,9617eac0b74213d37bad4b16d44d666624da588bf57e2885774f5e8420cd0c42,cache/market_breadth/members/nasdaq.json;cache/market_breadth/snapshots/nasdaq.json,Composite business still references; approval required before archive
US.LPCN,cache/market_breadth/prices/US.LPCN.json,17174,6becd2a168719c944cfcf31ec6a9f46a3dbb93a3a5f3eda5c1764eeb2693c684,cache/market_breadth/members/nasdaq.json;cache/market_breadth/snapshots/nasdaq.json,Composite business still references; approval required before archive
US.LPCV,cache/market_breadth/prices/US.LPCV.json,7006,c3460070493a15ceeac4351987416b54390d751311fb38a466b9970f7090812a,cache/market_breadth/members/nasdaq.json;cache/market_breadth/snapshots/nasdaq.json,Composite business still references; approval required before archive
US.LPLA,cache/market_breadth/prices/US.LPLA.json,18078,53830121bb9bab933949cfce68c4beca1f65464b19b1ca1b71a9543533e95980,cache/market_breadth/members/nasdaq.json;cache/market_breadth/snapshots/nasdaq.json,Composite business still references; approval required before archive
US.LPTH,cache/market_breadth/prices/US.LPTH.json,17400,4132aae273b4f3ac165af35b655ee3951b1e510cf36243c08eefa3145ba9fbb1,cache/market_breadth/members/nasdaq.json;cache/market_breadth/snapshots/nasdaq.json,Composite business still references; approval required before archive
US.LQDA,cache/market_breadth/prices/US.LQDA.json,17589,70efb88b9e2497ce068ac373cb718ae691e517d672cc675eb3e78532dfe673db,cache/market_breadth/members/nasdaq.json;cache/market_breadth/snapshots/nasdaq.json,Composite business still references; approval required before archive
US.LQDT,cache/market_breadth/prices/US.LQDT.json,17603,210499fa81d8efb3382ad4144b2c26247687be3572efc834d337d227c63fddb6,cache/market_breadth/members/nasdaq.json;cache/market_breadth/snapshots/nasdaq.json,Composite business still references; approval required before archive
US.LRE,cache/market_breadth/prices/US.LRE.json,17230,cf31014e37076de2d0627cc743bfea3d338676e23f822508a27ed55455fd550a,cache/market_breadth/members/nasdaq.json;cache/market_breadth/snapshots/nasdaq.json,Composite business still references; approval required before archive
US.LRHC,cache/market_breadth/prices/US.LRHC.json,15939,ff67024fe99a299a84c7a629546197acfedb9a9a18673a541d7d2cd0a02158bc,cache/market_breadth/members/nasdaq.json;cache/market_breadth/snapshots/nasdaq.json,Composite business still references; approval required before archive
US.LRMR,cache/market_breadth/prices/US.LRMR.json,17197,5588f6c9f0206be142cc3a65d7328ac8a2df84694bf795e9519dbd66eb534915,cache/market_breadth/members/nasdaq.json;cache/market_breadth/snapshots/nasdaq.json,Composite business still references; approval required before archive
US.LSAK,cache/market_breadth/prices/US.LSAK.json,17083,e0f406beab23af5c91e523673dae2f05b8689371e6edc051a2953be443edb3c0,cache/market_breadth/members/nasdaq.json;cache/market_breadth/snapshots/nasdaq.json,Composite business still references; approval required before archive
US.LSBK,cache/market_breadth/prices/US.LSBK.json,17673,01f6e8967b0ad8709b5909b661146edad25e8327ae63391c3a334c78f4e22b19,cache/market_breadth/members/nasdaq.json;cache/market_breadth/snapshots/nasdaq.json,Composite business still references; approval required before archive
US.LSCC,cache/market_breadth/prices/US.LSCC.json,17753,e40691b08976acdc2b1d817869e519c37ed37c8b9f198d9f2f027a681277b9c5,cache/market_breadth/members/nasdaq.json;cache/market_breadth/snapshots/nasdaq.json,Composite business still references; approval required before archive
US.LSE,cache/market_breadth/prices/US.LSE.json,17173,3601e297f4fcfe91904c060478ee9f73e0e47d13d5bbb7b4c9308f41394b7b5c,cache/market_breadth/members/nasdaq.json;cache/market_breadth/snapshots/nasdaq.json,Composite business still references; approval required before archive
US.LSTA,cache/market_breadth/prices/US.LSTA.json,17217,a8c0e2e244b7e77cef22c0ec22ac42d72d041d958fecb5a9ef0b68b895749754,cache/market_breadth/members/nasdaq.json;cache/market_breadth/snapshots/nasdaq.json,Composite business still references; approval required before archive
US.LSTR,cache/market_breadth/prices/US.LSTR.json,18111,12c1accc2aee2cded51697391e584f9d96db4132b29d7b87c9f1ae5cfc0f1ee8,cache/market_breadth/members/nasdaq.json;cache/market_breadth/snapshots/nasdaq.json,Composite business still references; approval required before archive
US.LTBR,cache/market_breadth/prices/US.LTBR.json,17488,d3cc29cebc454608c8e8e9fb6b4674c16c19e2184f1ddd01e2c000648a9f5923,cache/market_breadth/members/nasdaq.json;cache/market_breadth/snapshots/nasdaq.json,Composite business still references; approval required before archive
US.LTGO,cache/market_breadth/prices/US.LTGO.json,1699,9777e3425acecec077fc4a2ec829a9e834180c418f3576d64eb0c738a44f50c8,cache/market_breadth/members/nasdaq.json;cache/market_breadth/snapshots/nasdaq.json,Composite business still references; approval required before archive
US.LTGR,cache/market_breadth/prices/US.LTGR.json,2078,e1421258bbdce3e043b2b6076c6ff7c3070a058c6490864096d185f794b82183,cache/market_breadth/members/nasdaq.json;cache/market_breadth/snapshots/nasdaq.json,Composite business still references; approval required before archive
US.LTRN,cache/market_breadth/prices/US.LTRN.json,17223,1833c39a07f1b55d8c5a38400243ecf699b08a261847e628546cceec2e76ac04,cache/market_breadth/members/nasdaq.json;cache/market_breadth/snapshots/nasdaq.json,Composite business still references; approval required before archive
US.LTRX,cache/market_breadth/prices/US.LTRX.json,17201,18d390cbdd4e89cd8e56eb130940be943f2c173363537d729090959b1a3dc2e2,cache/market_breadth/members/nasdaq.json;cache/market_breadth/snapshots/nasdaq.json,Composite business still references; approval required before archive
US.LUCD,cache/market_breadth/prices/US.LUCD.json,17137,bde1699e557ed01a747ac819b7f84526ddd36d8930bf8ebe83965e40031254ad,cache/market_breadth/members/nasdaq.json;cache/market_breadth/snapshots/nasdaq.json,Composite business still references; approval required before archive
US.LUCY,cache/market_breadth/prices/US.LUCY.json,17280,b8c875792c51b5217cfbe96d0196066359594df088f19b7ba8937c1b130dc52e,cache/market_breadth/members/nasdaq.json;cache/market_breadth/snapshots/nasdaq.json,Composite business still references; approval required before archive
US.LULU,cache/market_breadth/prices/US.LULU.json,18056,2c180e6c738f49c8c2687a81300d534ecb84e0c6d473fe2447bcaef455ee55b1,cache/market_breadth/members/nasdaq.json;cache/market_breadth/snapshots/nasdaq.json,Composite business still references; approval required before archive
US.LUNG,cache/market_breadth/prices/US.LUNG.json,17197,2daf40ec337f77179d7d751b49f0014ef3f8683c3f17b9b57e56d1505ffe68d7,cache/market_breadth/members/nasdaq.json;cache/market_breadth/snapshots/nasdaq.json,Composite business still references; approval required before archive
US.LUNR,cache/market_breadth/prices/US.LUNR.json,17529,a3e1d5916126191d2867e40425344f739172ed18f04d95a02671d85ea111bf80,cache/market_breadth/members/nasdaq.json;cache/market_breadth/snapshots/nasdaq.json,Composite business still references; approval required before archive
US.LVLU,cache/market_breadth/prices/US.LVLU.json,17133,930b2dd03a9b84afd2381093ba2ed592829427f0b2e7bbc5c8ce2bcf664e7b4c,cache/market_breadth/members/nasdaq.json;cache/market_breadth/snapshots/nasdaq.json,Composite business still references; approval required before archive
US.LVO,cache/market_breadth/prices/US.LVO.json,17219,a6c108e4ca206ad6736473552f61c077896c5a1dddb91aef7ab4e0c96f35e8ac,cache/market_breadth/members/nasdaq.json;cache/market_breadth/snapshots/nasdaq.json,Composite business still references; approval required before archive
US.LWAC,cache/market_breadth/prices/US.LWAC.json,12323,bbe72c07b2043b0c1f87367ba794f11a2d463351bc177f87d9e65eb53650f9ee,cache/market_breadth/members/nasdaq.json;cache/market_breadth/snapshots/nasdaq.json,Composite business still references; approval required before archive
US.LWAY,cache/market_breadth/prices/US.LWAY.json,17486,439982ef0a1b1a81650f7e17c17324c7b479041861fa32c0819f86d1594089d0,cache/market_breadth/members/nasdaq.json;cache/market_breadth/snapshots/nasdaq.json,Composite business still references; approval required before archive
US.LWLG,cache/market_breadth/prices/US.LWLG.json,17293,aee72085ef4ab00dba6576228181023ddd6f87b22160534119b9bc4581d2cc63,cache/market_breadth/members/nasdaq.json;cache/market_breadth/snapshots/nasdaq.json,Composite business still references; approval required before archive
US.LX,cache/market_breadth/prices/US.LX.json,17280,d19c011666511d0e099d883c285be1887c472ce41dc7f746fb19f7ec04d0bf69,cache/market_breadth/members/nasdaq.json;cache/market_breadth/snapshots/nasdaq.json,Composite business still references; approval required before archive
US.LXEH,cache/market_breadth/prices/US.LXEH.json,17071,e1fe1303479284d04a96a00b72e1dc2e9d16ce3411ff6fde9362b42ba114616c,cache/market_breadth/members/nasdaq.json;cache/market_breadth/snapshots/nasdaq.json,Composite business still references; approval required before archive
US.LXEO,cache/market_breadth/prices/US.LXEO.json,17204,ba41787b5e96b4b270d5aa9f84e3752fb8ce9c3a6dd116d8694096ed43b792fe,cache/market_breadth/members/nasdaq.json;cache/market_breadth/snapshots/nasdaq.json,Composite business still references; approval required before archive
US.LXRX,cache/market_breadth/prices/US.LXRX.json,17195,0ff2846045228fcc8e675bb2ba247be0cceed35d6042fe56735b6aab2efd4ce9,cache/market_breadth/members/nasdaq.json;cache/market_breadth/snapshots/nasdaq.json,Composite business still references; approval required before archive
US.LYEL,cache/market_breadth/prices/US.LYEL.json,17459,13421826a3da7f1d93cf9d1fcab3578aaaa933358e76fb7633f867fa739c5e6e,cache/market_breadth/members/nasdaq.json;cache/market_breadth/snapshots/nasdaq.json,Composite business still references; approval required before archive
US.LYFT,cache/market_breadth/prices/US.LYFT.json,17593,d799d98626949b1b605a7bfff6375f761ecf0c80bdb5dcb227373ee211ce72f0,cache/market_breadth/members/nasdaq.json;cache/market_breadth/snapshots/nasdaq.json,Composite business still references; approval required before archive
US.LYTS,cache/market_breadth/prices/US.LYTS.json,17702,a886948ee3f62fd4affda38436756f03c3200e1207ef094519f542f82f7dee34,cache/market_breadth/members/nasdaq.json;cache/market_breadth/snapshots/nasdaq.json,Composite business still references; approval required before archive
US.LZ,cache/market_breadth/prices/US.LZ.json,17275,6c84b6b2d26983daa4a9f719fc374270ae702c3329bcf14196d2874f9dba1ef2,cache/market_breadth/members/nasdaq.json;cache/market_breadth/snapshots/nasdaq.json,Composite business still references; approval required before archive
US.LZMH,cache/market_breadth/prices/US.LZMH.json,16836,e7f7a0309e8811c4fcd73ddc871dd8a67b509a6e9f3e052f2d0a294238f9c564,cache/market_breadth/members/nasdaq.json;cache/market_breadth/snapshots/nasdaq.json,Composite business still references; approval required before archive
US.MAAS,cache/market_breadth/prices/US.MAAS.json,17276,088c7a731dbd55f4eb9a0ef39cac6c645319699f6e11c7eea01eabf002cc6133,cache/market_breadth/members/nasdaq.json;cache/market_breadth/snapshots/nasdaq.json,Composite business still references; approval required before archive
US.MACI,cache/market_breadth/prices/US.MACI.json,17531,f4f5f71eebf4ffc9cd605be25532b3fc0554f66e94a50d28f9ef82f09928324d,cache/market_breadth/members/nasdaq.json;cache/market_breadth/snapshots/nasdaq.json,Composite business still references; approval required before archive
US.MAGH,cache/market_breadth/prices/US.MAGH.json,12354,9b044bf2dbac8795b87df97fe2b980dfa33570ef07d554742ff4a5e97316f5d4,cache/market_breadth/members/nasdaq.json;cache/market_breadth/snapshots/nasdaq.json,Composite business still references; approval required before archive
US.MAKO,cache/market_breadth/prices/US.MAKO.json,17216,70a0694da296c153c9a53e2fe9c6c462fca712c257d7f934fddedc8855a00ee4,cache/market_breadth/members/nasdaq.json;cache/market_breadth/snapshots/nasdaq.json,Composite business still references; approval required before archive
US.MAMA,cache/market_breadth/prices/US.MAMA.json,17455,ee5568835c87f332535dba0ea95975d4fe798ab6d2fb0ea78693741fe634a43c,cache/market_breadth/members/nasdaq.json;cache/market_breadth/snapshots/nasdaq.json,Composite business still references; approval required before archive
US.MAMK,cache/market_breadth/prices/US.MAMK.json,11714,057483210b65310b427b8de64c796704b1bb06c6de74f9bc86209bcd0ef0a7d0,cache/market_breadth/members/nasdaq.json;cache/market_breadth/snapshots/nasdaq.json,Composite business still references; approval required before archive
US.MAMO,cache/market_breadth/prices/US.MAMO.json,17107,a29a6769215fdae2bbf67f14b751ba78887ae0c7372a83916d6c7fa9d8606bfd,cache/market_breadth/members/nasdaq.json;cache/market_breadth/snapshots/nasdaq.json,Composite business still references; approval required before archive
US.MANH,cache/market_breadth/prices/US.MANH.json,17998,5ee1a28566fbf9cf4a4561fa770852932762ddf95fb3a55fe0f9c2eee288c6f5,cache/market_breadth/members/nasdaq.json;cache/market_breadth/snapshots/nasdaq.json,Composite business still references; approval required before archive
US.MARA,cache/market_breadth/prices/US.MARA.json,17459,efd2ecea13699cf5482e32dcf92ca95d21d48feeac42f1b4d55bf7e97946aaba,cache/market_breadth/members/nasdaq.json;cache/market_breadth/snapshots/nasdaq.json,Composite business still references; approval required before archive
US.MARPS,cache/market_breadth/prices/US.MARPS.json,17280,0dd7bfae198891a7738cba5ec74ee0b67d8c86156b9412dcc5a6fbc5caa0dd34,cache/market_breadth/members/nasdaq.json;cache/market_breadth/snapshots/nasdaq.json,Composite business still references; approval required before archive
US.MASK,cache/market_breadth/prices/US.MASK.json,16060,3c633b69d28f853b7262262118a0ce5cdb12510ee27fca2a8ace1e52dece0968,cache/market_breadth/members/nasdaq.json;cache/market_breadth/snapshots/nasdaq.json,Composite business still references; approval required before archive
US.MASS,cache/market_breadth/prices/US.MASS.json,17269,27984d40c8f326229935813659d83f36687addf398a46a8dc2769b235496971d,cache/market_breadth/members/nasdaq.json;cache/market_breadth/snapshots/nasdaq.json,Composite business still references; approval required before archive
US.MAT,cache/market_breadth/prices/US.MAT.json,17563,163816b0479369300110943155972eb7b07eba1e2718492aeccc716ef5447e8c,cache/market_breadth/members/nasdaq.json;cache/market_breadth/snapshots/nasdaq.json,Composite business still references; approval required before archive
US.MATH,cache/market_breadth/prices/US.MATH.json,17208,e32c67cb20ae41902be242d5ee8f75954ed7b9376760d22216abd66950f69c6c,cache/market_breadth/members/nasdaq.json;cache/market_breadth/snapshots/nasdaq.json,Composite business still references; approval required before archive
US.MATW,cache/market_breadth/prices/US.MATW.json,17637,0af73ddbc0b044d7054299995a84e174723c92e1541d1aeac78f863d1f410fd5,cache/market_breadth/members/nasdaq.json;cache/market_breadth/snapshots/nasdaq.json,Composite business still references; approval required before archive
US.MAYS,cache/market_breadth/prices/US.MAYS.json,16466,3ee9464b8d7cb797c2b18676e9fb39d78d83272706919ff4b54f0e19aab3bfed,cache/market_breadth/members/nasdaq.json;cache/market_breadth/snapshots/nasdaq.json,Composite business still references; approval required before archive
US.MAZE,cache/market_breadth/prices/US.MAZE.json,17465,724c9d46c66550517d5c4ae526371665f8abb97d87f611d547b3f82c9241096b,cache/market_breadth/members/nasdaq.json;cache/market_breadth/snapshots/nasdaq.json,Composite business still references; approval required before archive
US.MB,cache/market_breadth/prices/US.MB.json,15632,0b17d07ff61af78c827991a2c1cdf549a533c91a87f6f942dc2b17748cd1559b,cache/market_breadth/members/nasdaq.json;cache/market_breadth/snapshots/nasdaq.json,Composite business still references; approval required before archive
US.MBAI,cache/market_breadth/prices/US.MBAI.json,17350,471953d026f4e63e75dc8c5f7aa722a95a5fb6644dc1d5ccc45442d938ddc36c,cache/market_breadth/members/nasdaq.json;cache/market_breadth/snapshots/nasdaq.json,Composite business still references; approval required before archive
US.MBBC,cache/market_breadth/prices/US.MBBC.json,17251,7c3326801f31e6acc40c578cdd2f2aa57df8df70717108d3fb6dd0737735f2e0,cache/market_breadth/members/nasdaq.json;cache/market_breadth/snapshots/nasdaq.json,Composite business still references; approval required before archive
US.MBIN,cache/market_breadth/prices/US.MBIN.json,17710,3433f075661ba5fbe266e5a6799f46461851ec0e04485524c05c173f721edd0a,cache/market_breadth/members/nasdaq.json;cache/market_breadth/snapshots/nasdaq.json,Composite business still references; approval required before archive
US.MBIO,cache/market_breadth/prices/US.MBIO.json,17179,73c6721ee882f4d1f6e66f492506a1f2d226d25451aab223345c9fafe7346398,cache/market_breadth/members/nasdaq.json;cache/market_breadth/snapshots/nasdaq.json,Composite business still references; approval required before archive
US.MBLY,cache/market_breadth/prices/US.MBLY.json,17408,15211b4979473a35b3e9ea04401a414305171c23e7475c67c7579d0c84158a37,cache/market_breadth/members/nasdaq.json;cache/market_breadth/snapshots/nasdaq.json,Composite business still references; approval required before archive
US.MBOT,cache/market_breadth/prices/US.MBOT.json,17191,e9037c8b41c2b9e0304d2f0bc7774cf43e61db5e2748b6072609785f843ac819,cache/market_breadth/members/nasdaq.json;cache/market_breadth/snapshots/nasdaq.json,Composite business still references; approval required before archive
US.MBRX,cache/market_breadth/prices/US.MBRX.json,16741,916afaab04e3ed197285169703aea0b62ab30e6a24d58595176ad43a43a3f549,cache/market_breadth/members/nasdaq.json;cache/market_breadth/snapshots/nasdaq.json,Composite business still references; approval required before archive
US.MBUU,cache/market_breadth/prices/US.MBUU.json,17598,65794544cbe8956404c976c8cb527a88062fe5cec7bdf6a38a26ab4a8cba6b61,cache/market_breadth/members/nasdaq.json;cache/market_breadth/snapshots/nasdaq.json,Composite business still references; approval required before archive
US.MBVI,cache/market_breadth/prices/US.MBVI.json,10525,ca66cbca30dbade7d9943ccfde39727d9f0324419463efbe37f345073a96c45a,cache/market_breadth/members/nasdaq.json;cache/market_breadth/snapshots/nasdaq.json,Composite business still references; approval required before archive
US.MBWM,cache/market_breadth/prices/US.MBWM.json,17708,294fe0f98d6329f32daa6bfd41dc89f09159c9bd92d9f1d8762415e1ed78ffb4,cache/market_breadth/members/nasdaq.json;cache/market_breadth/snapshots/nasdaq.json,Composite business still references; approval required before archive
US.MBX,cache/market_breadth/prices/US.MBX.json,17410,d832a31e654c80f249793f15ecabe0db798ff777143795b770f8df6163be992b,cache/market_breadth/members/nasdaq.json;cache/market_breadth/snapshots/nasdaq.json,Composite business still references; approval required before archive
US.MCAH,cache/market_breadth/prices/US.MCAH.json,3061,3c986cc2c45ea50d7cbc7e43d073a8f0a8958f51f50bdf84b60c64033f523d48,cache/market_breadth/members/nasdaq.json;cache/market_breadth/snapshots/nasdaq.json,Composite business still references; approval required before archive
US.MCBS,cache/market_breadth/prices/US.MCBS.json,17689,940d2aa1a1bf20f5065c6f672977986755ac2541c7f7cd5abb97556cbc183616,cache/market_breadth/members/nasdaq.json;cache/market_breadth/snapshots/nasdaq.json,Composite business still references; approval required before archive
US.MCFT,cache/market_breadth/prices/US.MCFT.json,17627,cf65284f094a3ef433a076780b139022dbd47f491f854f50f6a531a0056f3409,cache/market_breadth/members/nasdaq.json;cache/market_breadth/snapshots/nasdaq.json,Composite business still references; approval required before archive
US.MCGA,cache/market_breadth/prices/US.MCGA.json,13102,76bc2d3df9a25307a8f2dc8dfec5d7eaef070c9dd42045e1b1227b5aab3842bc,cache/market_breadth/members/nasdaq.json;cache/market_breadth/snapshots/nasdaq.json,Composite business still references; approval required before archive
US.MCHB,cache/market_breadth/prices/US.MCHB.json,17662,74e437e3c66f96edd00a59f2c9658a26f59707aa2c5a21507990be9cde91fda3,cache/market_breadth/members/nasdaq.json;cache/market_breadth/snapshots/nasdaq.json,Composite business still references; approval required before archive
US.MCHX,cache/market_breadth/prices/US.MCHX.json,17211,94b2e7b59197eb2c43617fa6de3179bb4fe7721900e23e37f2659637f2dafebb,cache/market_breadth/members/nasdaq.json;cache/market_breadth/snapshots/nasdaq.json,Composite business still references; approval required before archive
US.MCRB,cache/market_breadth/prices/US.MCRB.json,17294,d3eceed52c737d7d7ef02343816f1fdbcf58427028bfe6f227468d556a96f55c,cache/market_breadth/members/nasdaq.json;cache/market_breadth/snapshots/nasdaq.json,Composite business still references; approval required before archive
US.MCRI,cache/market_breadth/prices/US.MCRI.json,17856,caf40d1144f871b9071abf83cfd81c9c32931924a9a879e5af1b2480f631dfc2,cache/market_breadth/members/nasdaq.json;cache/market_breadth/snapshots/nasdaq.json,Composite business still references; approval required before archive
US.MCTA,cache/market_breadth/prices/US.MCTA.json,10449,0e395babb7736c653ceadf2850997a83d10a23f673b0959ccfbadd94c36ce047,cache/market_breadth/members/nasdaq.json;cache/market_breadth/snapshots/nasdaq.json,Composite business still references; approval required before archive
US.MDAI,cache/market_breadth/prices/US.MDAI.json,17231,30d2dafd9a93f7b409f4cbbb7254ced80b4eca64123731bca26847f1e3a01788,cache/market_breadth/members/nasdaq.json;cache/market_breadth/snapshots/nasdaq.json,Composite business still references; approval required before archive
US.MDB,cache/market_breadth/prices/US.MDB.json,17917,e0537e74af7026b5c1d4eb708bab3563a6d0c78b195b293d88ecd60c0126c70d,cache/market_breadth/members/nasdaq.json;cache/market_breadth/snapshots/nasdaq.json,Composite business still references; approval required before archive
US.MDBH,cache/market_breadth/prices/US.MDBH.json,16969,642a5b132a08ee5f6893c71e2462efcc513d1705146afc25ce82a04c22a2c24c,cache/market_breadth/members/nasdaq.json;cache/market_breadth/snapshots/nasdaq.json,Composite business still references; approval required before archive
US.MDCX,cache/market_breadth/prices/US.MDCX.json,17190,ad77949108b7eeebc3ac66a348d6e8dceaed16ef282245ee7e8c4b8640942f6a,cache/market_breadth/members/nasdaq.json;cache/market_breadth/snapshots/nasdaq.json,Composite business still references; approval required before archive
US.MDGL,cache/market_breadth/prices/US.MDGL.json,17979,dbc21092d57358291eca22899fc85aa62eae63f57b989e0cc855dffc0c62dc24,cache/market_breadth/members/nasdaq.json;cache/market_breadth/snapshots/nasdaq.json,Composite business still references; approval required before archive
US.MDIA,cache/market_breadth/prices/US.MDIA.json,17248,05f0aadf4ca11fdb36941063ad426ae495615663dd9d0cfedda3c710d23689f7,cache/market_breadth/members/nasdaq.json;cache/market_breadth/snapshots/nasdaq.json,Composite business still references; approval required before archive
US.MDLN,cache/market_breadth/prices/US.MDLN.json,8585,08a1cca44f22506d984e0674200fe99476f45ded5d8570688747440331ad13a5,cache/market_breadth/members/nasdaq.json;cache/market_breadth/snapshots/nasdaq.json,Composite business still references; approval required before archive
US.MDRR,cache/market_breadth/prices/US.MDRR.json,17696,b6a4e3d8a0eefb2d931ea2908c5679d2418c00c8df954ecce1be0a94c4f5261d,cache/market_breadth/members/nasdaq.json;cache/market_breadth/snapshots/nasdaq.json,Composite business still references; approval required before archive
US.MDWD,cache/market_breadth/prices/US.MDWD.json,17523,3a8188ac3ac1249f156b0471673944748f9e752f231df051250344dd5189c23f,cache/market_breadth/members/nasdaq.json;cache/market_breadth/snapshots/nasdaq.json,Composite business still references; approval required before archive
US.MDXG,cache/market_breadth/prices/US.MDXG.json,17223,4a19aa34bec58dda80b02be689e4ed10549b3fe21bc33812e40ad6b7bb87756a,cache/market_breadth/members/nasdaq.json;cache/market_breadth/snapshots/nasdaq.json,Composite business still references; approval required before archive
US.MDXH,cache/market_breadth/prices/US.MDXH.json,17205,a829acebaa0d3b7ee12a71542f18499ec3d0556e455f54222ffa04d7ad7d1701,cache/market_breadth/members/nasdaq.json;cache/market_breadth/snapshots/nasdaq.json,Composite business still references; approval required before archive
US.MEDP,cache/market_breadth/prices/US.MEDP.json,17885,f812276cf8cbd5ef0ead1172c3f0b2115d2b1389b42d441b89baab612abf479e,cache/market_breadth/members/nasdaq.json;cache/market_breadth/snapshots/nasdaq.json,Composite business still references; approval required before archive
US.MEDS,cache/market_breadth/prices/US.MEDS.json,16106,ce2cbdfa463d7d19b91c03800f7b3347b175fe6fea43505126a6817642a47827,cache/market_breadth/members/nasdaq.json;cache/market_breadth/snapshots/nasdaq.json,Composite business still references; approval required before archive
US.MEGL,cache/market_breadth/prices/US.MEGL.json,17263,f4f6ee4c338a9ac5db099fc1f362ed16ec0b56e3aff86f3094574430471483d4,cache/market_breadth/members/nasdaq.json;cache/market_breadth/snapshots/nasdaq.json,Composite business still references; approval required before archive
US.MENS,cache/market_breadth/prices/US.MENS.json,13826,f4914a35e5bd4eae4a94aefbe403aa3e3d842204adcd5bd4d5c182d0cbcf1a2b,cache/market_breadth/members/nasdaq.json;cache/market_breadth/snapshots/nasdaq.json,Composite business still references; approval required before archive
US.MEOH,cache/market_breadth/prices/US.MEOH.json,17691,6042b3b9538b9d80f5b3fbd2599affb75aecaaf8428ff38f86817cea2450e116,cache/market_breadth/members/nasdaq.json;cache/market_breadth/snapshots/nasdaq.json,Composite business still references; approval required before archive
US.MERC,cache/market_breadth/prices/US.MERC.json,17237,c6685363ed54681e0247530bb544bd18f78e37301c7c434ae641e8a797d8edc9,cache/market_breadth/members/nasdaq.json;cache/market_breadth/snapshots/nasdaq.json,Composite business still references; approval required before archive
US.MESH,cache/market_breadth/prices/US.MESH.json,7273,59bc9d6dd7839471950d72b253021fa36be522e8e95a4f0cb32d70668a846677,cache/market_breadth/members/nasdaq.json;cache/market_breadth/snapshots/nasdaq.json,Composite business still references; approval required before archive
US.MESO,cache/market_breadth/prices/US.MESO.json,17556,5533f2a28cfc030fae3fdc5274727376b37048c9e29a386486b98d070a765e72,cache/market_breadth/members/nasdaq.json;cache/market_breadth/snapshots/nasdaq.json,Composite business still references; approval required before archive
US.METC,cache/market_breadth/prices/US.METC.json,17478,68f421ac7a55d245ada76c1b4d03bbe5741d55c61a5f974b7b848d399e079eed,cache/market_breadth/members/nasdaq.json;cache/market_breadth/snapshots/nasdaq.json,Composite business still references; approval required before archive
US.METCB,cache/market_breadth/prices/US.METCB.json,17473,51f5926914cb610e40b062b63f323233a700b31a4c0a06f140f4ff712f81bb26,cache/market_breadth/members/nasdaq.json;cache/market_breadth/snapshots/nasdaq.json,Composite business still references; approval required before archive
US.MEVO,cache/market_breadth/prices/US.MEVO.json,6706,40cfaab38ae95fe49e99d0090524dd29ffc92505124aecdfafbfae222f90fe32,cache/market_breadth/members/nasdaq.json;cache/market_breadth/snapshots/nasdaq.json,Composite business still references; approval required before archive
US.MF,cache/market_breadth/prices/US.MF.json,15358,026231958f08b5f71e9bdae535f1f9c852ee9730200c5ee93492fb88c3936913,cache/market_breadth/members/nasdaq.json;cache/market_breadth/snapshots/nasdaq.json,Composite business still references; approval required before archive
US.MFI,cache/market_breadth/prices/US.MFI.json,17155,9d6c45dad03f527f30d2fea0c80056d0427c36e48ff10859d6525e9fc426fa0e,cache/market_breadth/members/nasdaq.json;cache/market_breadth/snapshots/nasdaq.json,Composite business still references; approval required before archive
US.MFIN,cache/market_breadth/prices/US.MFIN.json,17387,93332aa7c54cec852c2d2a4f558769f19791c79695068ba113e108e0b5aa8d71,cache/market_breadth/members/nasdaq.json;cache/market_breadth/snapshots/nasdaq.json,Composite business still references; approval required before archive
US.MFP,cache/market_breadth/prices/US.MFP.json,2916,b6aa6a465fe6f1e0191cab7f5908a515162ab793aa64e8a128decc07324e73c6,cache/market_breadth/members/nasdaq.json;cache/market_breadth/snapshots/nasdaq.json,Composite business still references; approval required before archive
US.MGEE,cache/market_breadth/prices/US.MGEE.json,17699,a0980bfb963fef197a0bb81975bd5291d57f09d3427f4d61f3bcc0f85c4c1338,cache/market_breadth/members/nasdaq.json;cache/market_breadth/snapshots/nasdaq.json,Composite business still references; approval required before archive
US.MGIH,cache/market_breadth/prices/US.MGIH.json,17163,a53b35d6e667e4c28953d96859f1ee0befc2d18438b0be17052ba469535c9342,cache/market_breadth/members/nasdaq.json;cache/market_breadth/snapshots/nasdaq.json,Composite business still references; approval required before archive
US.MGN,cache/market_breadth/prices/US.MGN.json,10144,e54bee2eb40b75686499408efb2fb961d5898ceac66f16c8e4db4932fd87e894,cache/market_breadth/members/nasdaq.json;cache/market_breadth/snapshots/nasdaq.json,Composite business still references; approval required before archive
US.MGNI,cache/market_breadth/prices/US.MGNI.json,17574,452304650629fd0ace8157e26fa8477b08eee5a7dab55e4596673a2c40472f9c,cache/market_breadth/members/nasdaq.json;cache/market_breadth/snapshots/nasdaq.json,Composite business still references; approval required before archive
US.MGNX,cache/market_breadth/prices/US.MGNX.json,17156,36d5061290c40a3951627ef09b6adeff9edfcd3cd6d7d02c52c5419d9b179749,cache/market_breadth/members/nasdaq.json;cache/market_breadth/snapshots/nasdaq.json,Composite business still references; approval required before archive
US.MGPI,cache/market_breadth/prices/US.MGPI.json,17693,c3df35cda805fa6c79a03d85f4be1b77db56aec18ef0b789e1b10d42c52d5d00,cache/market_breadth/members/nasdaq.json;cache/market_breadth/snapshots/nasdaq.json,Composite business still references; approval required before archive
US.MGRC,cache/market_breadth/prices/US.MGRC.json,18041,d34bfa3cd43ffef6f6fe833a53456b406ee62eec77002b31b226d09a6509d167,cache/market_breadth/members/nasdaq.json;cache/market_breadth/snapshots/nasdaq.json,Composite business still references; approval required before archive
US.MGRT,cache/market_breadth/prices/US.MGRT.json,12948,ce5c3d61962a84d2b653b1c0838f8634a49f9fe07f6fc09bf0fcf2c4f4b631b3,cache/market_breadth/members/nasdaq.json;cache/market_breadth/snapshots/nasdaq.json,Composite business still references; approval required before archive
US.MGRX,cache/market_breadth/prices/US.MGRX.json,17228,96fa008d806a469239051c5c8c131c56f167085497234be0f4474fea1401ce26,cache/market_breadth/members/nasdaq.json;cache/market_breadth/snapshots/nasdaq.json,Composite business still references; approval required before archive
US.MGTX,cache/market_breadth/prices/US.MGTX.json,17239,d0945fe4afad571a79bf4901a35fc02907ab13898ba81475104c8a68240505fa,cache/market_breadth/members/nasdaq.json;cache/market_breadth/snapshots/nasdaq.json,Composite business still references; approval required before archive
US.MGX,cache/market_breadth/prices/US.MGX.json,17209,500f5f9a0f638af6f51f479430cd907e7552564759648061be8520e4c7bb85f8,cache/market_breadth/members/nasdaq.json;cache/market_breadth/snapshots/nasdaq.json,Composite business still references; approval required before archive
US.MGYR,cache/market_breadth/prices/US.MGYR.json,17684,0eee5d81618d4f83827b587511e3835cb5f5a4754f018b2f0cc869d85548a377,cache/market_breadth/members/nasdaq.json;cache/market_breadth/snapshots/nasdaq.json,Composite business still references; approval required before archive
US.MIAC,cache/market_breadth/prices/US.MIAC.json,1225,0628c44645cecb59a5f4b10fab81d726da1dc55d4e800cdea46c15685e3ea15e,cache/market_breadth/members/nasdaq.json;cache/market_breadth/snapshots/nasdaq.json,Composite business still references; approval required before archive
US.MIDD,cache/market_breadth/prices/US.MIDD.json,18020,e8c4e3d1ed9d5a2b763706180dbb629034d11e4c0458c79f27294f5c25e3b1aa,cache/market_breadth/members/nasdaq.json;cache/market_breadth/snapshots/nasdaq.json,Composite business still references; approval required before archive
US.MIMI,cache/market_breadth/prices/US.MIMI.json,16955,f480ba0ed8bc619c8a3d4588fb600ac562bc34a52df974e6af32fcee13d40de0,cache/market_breadth/members/nasdaq.json;cache/market_breadth/snapshots/nasdaq.json,Composite business still references; approval required before archive
US.MIND,cache/market_breadth/prices/US.MIND.json,17213,ce1495aebd9325eb76db12c4c2ce6b43d6b1c53e169fcd79dc9d374fc42a3d40,cache/market_breadth/members/nasdaq.json;cache/market_breadth/snapshots/nasdaq.json,Composite business still references; approval required before archive
US.MIRA,cache/market_breadth/prices/US.MIRA.json,17161,040e5ae8e329cd57252761accfd69b052a4905d53e2f0c59a56a5bcc74812bd7,cache/market_breadth/members/nasdaq.json;cache/market_breadth/snapshots/nasdaq.json,Composite business still references; approval required before archive
US.MIRM,cache/market_breadth/prices/US.MIRM.json,17623,13aa860beb7d8ddb2cb4b3fbf51d004631a6d43dfb78c2ea0631699f18b3281f,cache/market_breadth/members/nasdaq.json;cache/market_breadth/snapshots/nasdaq.json,Composite business still references; approval required before archive
US.MIST,cache/market_breadth/prices/US.MIST.json,17180,2dc800920a8c821cbcbb1d41314e138004b5493f8afece36eeb6c7bfc1efe573,cache/market_breadth/members/nasdaq.json;cache/market_breadth/snapshots/nasdaq.json,Composite business still references; approval required before archive
US.MITK,cache/market_breadth/prices/US.MITK.json,17460,51f3510d49524b54d701ebc7b13a4e3065b0c862c76af347155d1263d94b244f,cache/market_breadth/members/nasdaq.json;cache/market_breadth/snapshots/nasdaq.json,Composite business still references; approval required before archive
US.MKDW,cache/market_breadth/prices/US.MKDW.json,17154,11b6fda17732d342d75699d9b022da5fb9fe35345fb5fcdadda4d8063090742b,cache/market_breadth/members/nasdaq.json;cache/market_breadth/snapshots/nasdaq.json,Composite business still references; approval required before archive
US.MKLY,cache/market_breadth/prices/US.MKLY.json,10851,ffe2abe79a66850da35a039197363effcb38d2c60a537070d7ef406a571ea03d,cache/market_breadth/members/nasdaq.json;cache/market_breadth/snapshots/nasdaq.json,Composite business still references; approval required before archive
US.MKSI,cache/market_breadth/prices/US.MKSI.json,17970,763ce7dda235b21491a0158a9314e93f58f4c98da6cd87143fb876bf699e28bd,cache/market_breadth/members/nasdaq.json;cache/market_breadth/snapshots/nasdaq.json,Composite business still references; approval required before archive
US.MKTW,cache/market_breadth/prices/US.MKTW.json,17647,e4ae7296106b835bb18831e3730db1eb1ffa63b7e38817d00b0432e5d3686077,cache/market_breadth/members/nasdaq.json;cache/market_breadth/snapshots/nasdaq.json,Composite business still references; approval required before archive
US.MKTX,cache/market_breadth/prices/US.MKTX.json,18093,5151852d26cfd93e78925153266fc87d5ea6c01d395ceafe35f8d9ae4dd4baf1,cache/market_breadth/members/nasdaq.json;cache/market_breadth/snapshots/nasdaq.json,Composite business still references; approval required before archive
US.MKZR,cache/market_breadth/prices/US.MKZR.json,17064,787c698aa4f233ec5971c83445a3479c917d0a5dcc6db24d86adaf393e1a18f2,cache/market_breadth/members/nasdaq.json;cache/market_breadth/snapshots/nasdaq.json,Composite business still references; approval required before archive
US.MLAA,cache/market_breadth/prices/US.MLAA.json,5793,3493d99da4a964a35888095dc9a3be78460e287b9331f56cf7fbb1363d2d72bd,cache/market_breadth/members/nasdaq.json;cache/market_breadth/snapshots/nasdaq.json,Composite business still references; approval required before archive
US.MLAB,cache/market_breadth/prices/US.MLAB.json,17851,33cc13805ed17be5d2dd77d76a101c3ffe4d9ed4dad9f02a19906c5f17406112,cache/market_breadth/members/nasdaq.json;cache/market_breadth/snapshots/nasdaq.json,Composite business still references; approval required before archive
US.MLCI,cache/market_breadth/prices/US.MLCI.json,17288,9ddc7daa979bbb580c6b093442d80cc5e1abd27645544deebbfb81814d791751,cache/market_breadth/members/nasdaq.json;cache/market_breadth/snapshots/nasdaq.json,Composite business still references; approval required before archive
US.MLCO,cache/market_breadth/prices/US.MLCO.json,17149,e362e84c5c100a09ae86d67dd73ca492f1da8004180da56ab0ce7f11c32d3a6b,cache/market_breadth/members/nasdaq.json;cache/market_breadth/snapshots/nasdaq.json,Composite business still references; approval required before archive
US.MLEC,cache/market_breadth/prices/US.MLEC.json,16867,ed80f213b930d98191d0cbfbc7d17729d33735329973a850edf57a9d03fa778d,cache/market_breadth/members/nasdaq.json;cache/market_breadth/snapshots/nasdaq.json,Composite business still references; approval required before archive
US.MLGO,cache/market_breadth/prices/US.MLGO.json,17203,8d88190752e15bdc2d15d9b87d78a24bb598972fbd0fb7bf2f1028b320155b20,cache/market_breadth/members/nasdaq.json;cache/market_breadth/snapshots/nasdaq.json,Composite business still references; approval required before archive
US.MLKN,cache/market_breadth/prices/US.MLKN.json,17695,b8421f3e6bf7fe433652dd0e23f74b4d12f38b56ef347d3836ed6766c9a5bc6b,cache/market_breadth/members/nasdaq.json;cache/market_breadth/snapshots/nasdaq.json,Composite business still references; approval required before archive
US.MLTX,cache/market_breadth/prices/US.MLTX.json,17521,bb236b337c52c8db3d28de43336137458dbe061aefd216926de8b9d99fbf274e,cache/market_breadth/members/nasdaq.json;cache/market_breadth/snapshots/nasdaq.json,Composite business still references; approval required before archive
US.MLYS,cache/market_breadth/prices/US.MLYS.json,17559,f29459752028325c3ba8f4ac5c6074d190c78c0e7dc7b67f79511168e3cb4af1,cache/market_breadth/members/nasdaq.json;cache/market_breadth/snapshots/nasdaq.json,Composite business still references; approval required before archive
US.MMED,cache/market_breadth/prices/US.MMED.json,6347,5aa1204cb17d720841697695592181537c502e4f1a0a90ad425a38158692898d,cache/market_breadth/members/nasdaq.json;cache/market_breadth/snapshots/nasdaq.json,Composite business still references; approval required before archive
US.MMSI,cache/market_breadth/prices/US.MMSI.json,17623,16501c2b9d9cb07075c388a2e51762a7408d00838274d7569adc4bbf31179441,cache/market_breadth/members/nasdaq.json;cache/market_breadth/snapshots/nasdaq.json,Composite business still references; approval required before archive
US.MMTX,cache/market_breadth/prices/US.MMTX.json,8681,6921464820c775477c12e8105ad3046caadb48b087be00067a042f1338b43f9f,cache/market_breadth/members/nasdaq.json;cache/market_breadth/snapshots/nasdaq.json,Composite business still references; approval required before archive
US.MMYT,cache/market_breadth/prices/US.MMYT.json,17578,4cd614e6b5beb2415f5f1e82015d380b23f4420ae67f62d9f1ed8d1713526584,cache/market_breadth/members/nasdaq.json;cache/market_breadth/snapshots/nasdaq.json,Composite business still references; approval required before archive
US.MNDO,cache/market_breadth/prices/US.MNDO.json,17259,8aea7b97eacad672a45f8c2fd3dca04ec61c086a09482bfaf2c4ffa65f8bc7a7,cache/market_breadth/members/nasdaq.json;cache/market_breadth/snapshots/nasdaq.json,Composite business still references; approval required before archive
US.MNDR,cache/market_breadth/prices/US.MNDR.json,17264,26f46a3dd1c077e688268443f333ae478c7ced49dc757d9de2ec40b3694c5634,cache/market_breadth/members/nasdaq.json;cache/market_breadth/snapshots/nasdaq.json,Composite business still references; approval required before archive
US.MNDY,cache/market_breadth/prices/US.MNDY.json,17817,eeacb85b28b8c69126e9b3e9bb3f6a11a01c94251a43da1beb7313f3a374fb14,cache/market_breadth/members/nasdaq.json;cache/market_breadth/snapshots/nasdaq.json,Composite business still references; approval required before archive
US.MNKD,cache/market_breadth/prices/US.MNKD.json,17200,a80b22d7f301e86202bcf0be1be53604240176fe3bcd2e9910f8a2463ffca9e7,cache/market_breadth/members/nasdaq.json;cache/market_breadth/snapshots/nasdaq.json,Composite business still references; approval required before archive
US.MNOV,cache/market_breadth/prices/US.MNOV.json,17184,67fbcbc1360ec4f8fc70650820d18358b5a9b3177aabcc770a93920f2d287fd3,cache/market_breadth/members/nasdaq.json;cache/market_breadth/snapshots/nasdaq.json,Composite business still references; approval required before archive
US.MNPR,cache/market_breadth/prices/US.MNPR.json,17561,0845a8399ae9f9e232584c146e14741091f84ab4cc46d769f500f8ed3b2c39c6,cache/market_breadth/members/nasdaq.json;cache/market_breadth/snapshots/nasdaq.json,Composite business still references; approval required before archive
US.MNRO,cache/market_breadth/prices/US.MNRO.json,17685,dbd18a3c9ce9910cec6a9b873a18e38acecf57e68baf934353043ac696125377,cache/market_breadth/members/nasdaq.json;cache/market_breadth/snapshots/nasdaq.json,Composite business still references; approval required before archive
US.MNSB,cache/market_breadth/prices/US.MNSB.json,17714,9cb8a358e9320b7c6b7a12888050cedcd228981ddbb3b49e6a3e33a30b234fee,cache/market_breadth/members/nasdaq.json;cache/market_breadth/snapshots/nasdaq.json,Composite business still references; approval required before archive
US.MNSBP,cache/market_breadth/prices/US.MNSBP.json,17682,0161bf12f8518c029ed63766d9b1868624891507df166d6199657a290a537c89,cache/market_breadth/members/nasdaq.json;cache/market_breadth/snapshots/nasdaq.json,Composite business still references; approval required before archive
US.MNTK,cache/market_breadth/prices/US.MNTK.json,17202,32658b2b421aacfad2265ce958fd5d3e3c71477458a92034d8393bb1de748a2e,cache/market_breadth/members/nasdaq.json;cache/market_breadth/snapshots/nasdaq.json,Composite business still references; approval required before archive
US.MNTS,cache/market_breadth/prices/US.MNTS.json,17190,346e895e0fe28e8905cc0bc5823361a42230ce2efb075230742fea4427f096a8,cache/market_breadth/members/nasdaq.json;cache/market_breadth/snapshots/nasdaq.json,Composite business still references; approval required before archive
US.MNY,cache/market_breadth/prices/US.MNY.json,17148,68f276ffee796cd8632aa972b2d6ab22cb3171dd75c685b0e82f5bcdf559e4dc,cache/market_breadth/members/nasdaq.json;cache/market_breadth/snapshots/nasdaq.json,Composite business still references; approval required before archive
US.MOB,cache/market_breadth/prices/US.MOB.json,17189,dd34202dc833788a7cea1bb6fed1506bd99e54239a062c6f3d975c4cd1561365,cache/market_breadth/members/nasdaq.json;cache/market_breadth/snapshots/nasdaq.json,Composite business still references; approval required before archive
US.MOBI,cache/market_breadth/prices/US.MOBI.json,4375,e78780bb78528820638a805de314a361c396bdfae977158a92c5373d3db0470f,cache/market_breadth/members/nasdaq.json;cache/market_breadth/snapshots/nasdaq.json,Composite business still references; approval required before archive
US.MOBX,cache/market_breadth/prices/US.MOBX.json,17128,e3f6aa7750692e4372b10ab239bb72e3723a30717d575430950f1726a7ecae41,cache/market_breadth/members/nasdaq.json;cache/market_breadth/snapshots/nasdaq.json,Composite business still references; approval required before archive
US.MODD,cache/market_breadth/prices/US.MODD.json,17309,407afc59fc7ec1504a8111c2ed8d4f812df8accc80f5d98928ccae3406778015,cache/market_breadth/members/nasdaq.json;cache/market_breadth/snapshots/nasdaq.json,Composite business still references; approval required before archive
US.MOLN,cache/market_breadth/prices/US.MOLN.json,17100,f69619e98bc08e15726d3015407bc00d99065dd214d5e600cfd1a846ff16e23b,cache/market_breadth/members/nasdaq.json;cache/market_breadth/snapshots/nasdaq.json,Composite business still references; approval required before archive
US.MOMO,cache/market_breadth/prices/US.MOMO.json,17262,3d3af7aae162aeee5a863fa776dde093bb2e22a9f8c147134c84bce6935e0af4,cache/market_breadth/members/nasdaq.json;cache/market_breadth/snapshots/nasdaq.json,Composite business still references; approval required before archive
US.MORN,cache/market_breadth/prices/US.MORN.json,18085,f44e20e10b53bb6eb7c7b28b895158de0b369a38f9aa5f28134aab4660be1f29,cache/market_breadth/members/nasdaq.json;cache/market_breadth/snapshots/nasdaq.json,Composite business still references; approval required before archive
US.MOVE,cache/market_breadth/prices/US.MOVE.json,17420,40c341ee0d5020189f4943b7faf564cab07598161d0a346092bf36d109c38cd0,cache/market_breadth/members/nasdaq.json;cache/market_breadth/snapshots/nasdaq.json,Composite business still references; approval required before archive
US.MPAA,cache/market_breadth/prices/US.MPAA.json,17555,84a4b3070d65eb80cc32828a7c6b496b21f9e3ef26b510763b1e0218fd4c6023,cache/market_breadth/members/nasdaq.json;cache/market_breadth/snapshots/nasdaq.json,Composite business still references; approval required before archive
US.MPB,cache/market_breadth/prices/US.MPB.json,17700,c9d8e39e66d955160fda23dda146ac33251aecc1dc2014c2747922e241c4f194,cache/market_breadth/members/nasdaq.json;cache/market_breadth/snapshots/nasdaq.json,Composite business still references; approval required before archive
US.MPLT,cache/market_breadth/prices/US.MPLT.json,10223,85dec26d7b14e241acead406c62328945c9568938752cc6e24e494b8dbc0d12a,cache/market_breadth/members/nasdaq.json;cache/market_breadth/snapshots/nasdaq.json,Composite business still references; approval required before archive
US.MQ,cache/market_breadth/prices/US.MQ.json,17599,a6d793392dfab21a4b9c283929102ea8d31dabcd07718a77bb0c1e438fa141bf,cache/market_breadth/members/nasdaq.json;cache/market_breadth/snapshots/nasdaq.json,Composite business still references; approval required before archive
US.MRAM,cache/market_breadth/prices/US.MRAM.json,17377,ea9654da0b884ae6bd64dbcf77bf2d9712f572ba849969a7a31c7bd8f1151e1e,cache/market_breadth/members/nasdaq.json;cache/market_breadth/snapshots/nasdaq.json,Composite business still references; approval required before archive
US.MRBK,cache/market_breadth/prices/US.MRBK.json,17706,e934798314a5fe46dff18cbc08c9a08fc5cc3b4f19113eadf8421aac3464e558,cache/market_breadth/members/nasdaq.json;cache/market_breadth/snapshots/nasdaq.json,Composite business still references; approval required before archive
US.MRCO,cache/market_breadth/prices/US.MRCO.json,1440,c694898ad4d006dd59a1e94d85069801496150a8b825946320816d4c5643d188,cache/market_breadth/members/nasdaq.json;cache/market_breadth/snapshots/nasdaq.json,Composite business still references; approval required before archive
US.MRCY,cache/market_breadth/prices/US.MRCY.json,17605,2fa277300b92eae85e1a1411f8530606f5d4ab54135d20c052f14f2c1c70b7c9,cache/market_breadth/members/nasdaq.json;cache/market_breadth/snapshots/nasdaq.json,Composite business still references; approval required before archive
US.MRDN,cache/market_breadth/prices/US.MRDN.json,17473,75138324b1f14f3851d5cb7b76801f61fb449997e6256e8b212ef278706592b6,cache/market_breadth/members/nasdaq.json;cache/market_breadth/snapshots/nasdaq.json,Composite business still references; approval required before archive
US.MREO,cache/market_breadth/prices/US.MREO.json,17167,d49293fd4ccdc8941088888fb20349253c246ccd412a37ab1e75c1653d10061c,cache/market_breadth/members/nasdaq.json;cache/market_breadth/snapshots/nasdaq.json,Composite business still references; approval required before archive
US.MRKR,cache/market_breadth/prices/US.MRKR.json,17197,fb72e702a2584f8b4f5abe00efea736d8c95e014bcdfbf8b2e430d00ff1d8754,cache/market_breadth/members/nasdaq.json;cache/market_breadth/snapshots/nasdaq.json,Composite business still references; approval required before archive
US.MRLN,cache/market_breadth/prices/US.MRLN.json,17421,ea7ee8b56d5b7b7894685ce7d6df73033e5491f87a939ffedc692e72e7c4eec9,cache/market_breadth/members/nasdaq.json;cache/market_breadth/snapshots/nasdaq.json,Composite business still references; approval required before archive
US.MRM,cache/market_breadth/prices/US.MRM.json,17217,a494810eb19e385fcd9ce0ac8adaa5aece56f8e5a20ffb5305c39add1a551698,cache/market_breadth/members/nasdaq.json;cache/market_breadth/snapshots/nasdaq.json,Composite business still references; approval required before archive
US.MRNA,cache/market_breadth/prices/US.MRNA.json,17660,02386c98e730a91fe835c1ed5f7029d9e36424fb12bfe0c6f199b327c78fbdc2,cache/market_breadth/members/nasdaq.json;cache/market_breadth/snapshots/nasdaq.json,Composite business still references; approval required before archive
US.MRNO,cache/market_breadth/prices/US.MRNO.json,17171,6ede8840427eae0935a8beb383b45901034c9e4e30a9bfb9e3a8a989a167d7c3,cache/market_breadth/members/nasdaq.json;cache/market_breadth/snapshots/nasdaq.json,Composite business still references; approval required before archive
US.MRTN,cache/market_breadth/prices/US.MRTN.json,17665,c1d6531f99e8c02d8293f8df189cdc4f651b444e1ec90e40788c7e0576d70390,cache/market_breadth/members/nasdaq.json;cache/market_breadth/snapshots/nasdaq.json,Composite business still references; approval required before archive
US.MRVI,cache/market_breadth/prices/US.MRVI.json,17185,4f2aa3308a869fc6274dd54a5f1cf3681fe7cf58d932f097bc801be26e038031,cache/market_breadth/members/nasdaq.json;cache/market_breadth/snapshots/nasdaq.json,Composite business still references; approval required before archive
US.MRX,cache/market_breadth/prices/US.MRX.json,17699,6f163005ce661b092be5d628730c497dc61f816b7e2a994db3b61ebc71863b81,cache/market_breadth/members/nasdaq.json;cache/market_breadth/snapshots/nasdaq.json,Composite business still references; approval required before archive
US.MSAI,cache/market_breadth/prices/US.MSAI.json,17321,feaa9628e631737c4bf5983e74f589b988c63b59828a78978b4dd55794abc092,cache/market_breadth/members/nasdaq.json;cache/market_breadth/snapshots/nasdaq.json,Composite business still references; approval required before archive
US.MSBI,cache/market_breadth/prices/US.MSBI.json,17702,e492bd74f2186bac4ac171401154be95161760f9802358374b9cb73af46a457e,cache/market_breadth/members/nasdaq.json;cache/market_breadth/snapshots/nasdaq.json,Composite business still references; approval required before archive
US.MSEX,cache/market_breadth/prices/US.MSEX.json,17696,186e04b04b5b8ff9453451814a6edde79c024a430506863ebcc2829e1d7c9045,cache/market_breadth/members/nasdaq.json;cache/market_breadth/snapshots/nasdaq.json,Composite business still references; approval required before archive
US.MSGM,cache/market_breadth/prices/US.MSGM.json,17214,b8e22e06f663442b4ecde3cc8227001c276e041edb50a2b8c9204e2a853bacdc,cache/market_breadth/members/nasdaq.json;cache/market_breadth/snapshots/nasdaq.json,Composite business still references; approval required before archive
US.MSGY,cache/market_breadth/prices/US.MSGY.json,13452,e3b540b18d650d7f1f70189bb976958b9e34ca430d66bba5fe320c57735dfc97,cache/market_breadth/members/nasdaq.json;cache/market_breadth/snapshots/nasdaq.json,Composite business still references; approval required before archive
US.MSLE,cache/market_breadth/prices/US.MSLE.json,17219,d6e9ed3f799092357a4cb5ceaacfeb1e2d8701b132b5a408cf3a601d8adfc879,cache/market_breadth/members/nasdaq.json;cache/market_breadth/snapshots/nasdaq.json,Composite business still references; approval required before archive
US.MSS,cache/market_breadth/prices/US.MSS.json,16446,0aeed472c6792df09a28b35a71de0b0ce7155509de6c13977aab5afefacb6b0c,cache/market_breadth/members/nasdaq.json;cache/market_breadth/snapshots/nasdaq.json,Composite business still references; approval required before archive
US.MTAK,cache/market_breadth/prices/US.MTAK.json,494,612bbac2412d00d62f1310c52e72e7272b67020eb409c74c6ca7da7e22ceeca2,cache/market_breadth/members/nasdaq.json;cache/market_breadth/snapshots/nasdaq.json,Composite business still references; approval required before archive
US.MTC,cache/market_breadth/prices/US.MTC.json,17228,7a7e9ee31f9e4f3841f6f1b0b03d132ff032c81e3ff31e0d05ea541254a5b6d3,cache/market_breadth/members/nasdaq.json;cache/market_breadth/snapshots/nasdaq.json,Composite business still references; approval required before archive
US.MTCH,cache/market_breadth/prices/US.MTCH.json,17700,f2fa1f47db683278e7e3ab6dba7287f0bad2c4aa731c4ce4383fc2cee7d14e43,cache/market_breadth/members/nasdaq.json;cache/market_breadth/snapshots/nasdaq.json,Composite business still references; approval required before archive
US.MTEK,cache/market_breadth/prices/US.MTEK.json,17153,09f52aab298d000487b3f9f0a80ff3362e187875b08b9c54f302c4f286ce88d1,cache/market_breadth/members/nasdaq.json;cache/market_breadth/snapshots/nasdaq.json,Composite business still references; approval required before archive
US.MTEN,cache/market_breadth/prices/US.MTEN.json,16117,798844672e8fbe01c6991578eef9c19d75925703a6111ac5a1b79d5bdc33f0c9,cache/market_breadth/members/nasdaq.json;cache/market_breadth/snapshots/nasdaq.json,Composite business still references; approval required before archive
US.MTEX,cache/market_breadth/prices/US.MTEX.json,16991,99177fa24d68fd8a07779a810949701dcb5efc3fd75660a290b8d39d752acea0,cache/market_breadth/members/nasdaq.json;cache/market_breadth/snapshots/nasdaq.json,Composite business still references; approval required before archive
US.MTLS,cache/market_breadth/prices/US.MTLS.json,17266,5659eb724ae0f1fcb550d76a3c5aa7b0126b1bfb4bc4deab42f42a6c0e380d95,cache/market_breadth/members/nasdaq.json;cache/market_breadth/snapshots/nasdaq.json,Composite business still references; approval required before archive
US.MTRX,cache/market_breadth/prices/US.MTRX.json,17582,92d7695101a92cbd8b2c15faa6591cd291567344bcf5fdd0410a575af8c1d067,cache/market_breadth/members/nasdaq.json;cache/market_breadth/snapshots/nasdaq.json,Composite business still references; approval required before archive
US.MTSI,cache/market_breadth/prices/US.MTSI.json,17961,586e5f468a767d971a5324cf0727f903668b82a6066abc183c6fe301e04ddec9,cache/market_breadth/members/nasdaq.json;cache/market_breadth/snapshots/nasdaq.json,Composite business still references; approval required before archive
US.MTVA,cache/market_breadth/prices/US.MTVA.json,17284,ae86513080f7436cf44ad0b6b73e93daeddfe0f011ab2d479e6535ef7d27decf,cache/market_breadth/members/nasdaq.json;cache/market_breadth/snapshots/nasdaq.json,Composite business still references; approval required before archive
US.MUZE,cache/market_breadth/prices/US.MUZE.json,5661,868e0b01f1f9df48e2f40d20d5fb6790fa3bce0ef38de56d9c8f49d74f95267f,cache/market_breadth/members/nasdaq.json;cache/market_breadth/snapshots/nasdaq.json,Composite business still references; approval required before archive
US.MVBF,cache/market_breadth/prices/US.MVBF.json,17691,643acac4678656b68c8215d8df5efb46fbe3f780bc989d0bcfad0643c6c87f41,cache/market_breadth/members/nasdaq.json;cache/market_breadth/snapshots/nasdaq.json,Composite business still references; approval required before archive
US.MVIS,cache/market_breadth/prices/US.MVIS.json,16940,82fb38094fe84f4ba4673d94b08ccf99c464ae52d16687ba19586781688a09cf,cache/market_breadth/members/nasdaq.json;cache/market_breadth/snapshots/nasdaq.json,Composite business still references; approval required before archive
US.MVST,cache/market_breadth/prices/US.MVST.json,17192,763122c4d7ad606df804da2debc8acc49f3e5d0e04ac540fd5fb1afd3728714c,cache/market_breadth/members/nasdaq.json;cache/market_breadth/snapshots/nasdaq.json,Composite business still references; approval required before archive
US.MWC,cache/market_breadth/prices/US.MWC.json,4158,50afd694119f3952c9ad82f72e14741f0291458cba8eea548e3a4afa735896fd,cache/market_breadth/members/nasdaq.json;cache/market_breadth/snapshots/nasdaq.json,Composite business still references; approval required before archive
US.MWH,cache/market_breadth/prices/US.MWH.json,6987,4b67c33d8cbf58bd6ab5243e514a596c8c33a88fb2b9c2e2c8cb1cd4f9409665,cache/market_breadth/members/nasdaq.json;cache/market_breadth/snapshots/nasdaq.json,Composite business still references; approval required before archive
US.MWYN,cache/market_breadth/prices/US.MWYN.json,16759,31c7e04b4ded97dd3bc03db2042bbb941e55bd1a8b6d6ab717505bd21d159c0a,cache/market_breadth/members/nasdaq.json;cache/market_breadth/snapshots/nasdaq.json,Composite business still references; approval required before archive
US.MXCT,cache/market_breadth/prices/US.MXCT.json,17242,c7e88f248f077156570551db5d34c93e1cfc14014d79e3f65ac634bf429513d2,cache/market_breadth/members/nasdaq.json;cache/market_breadth/snapshots/nasdaq.json,Composite business still references; approval required before archive
US.MXL,cache/market_breadth/prices/US.MXL.json,17594,da7c62b421f4721b82e323b41829634acf79c5ad1a12c2c95d4f7d1be7293c4a,cache/market_breadth/members/nasdaq.json;cache/market_breadth/snapshots/nasdaq.json,Composite business still references; approval required before archive
US.MYFW,cache/market_breadth/prices/US.MYFW.json,17461,2151954c1d37a88c185d323cf79c15c23bb49b8ab87e7717a240c6864b3c3284,cache/market_breadth/members/nasdaq.json;cache/market_breadth/snapshots/nasdaq.json,Composite business still references; approval required before archive
US.MYGN,cache/market_breadth/prices/US.MYGN.json,17200,3b375544af324996ac8f7c0ae967fc3e993f7564a9d952ab8934025148852c13,cache/market_breadth/members/nasdaq.json;cache/market_breadth/snapshots/nasdaq.json,Composite business still references; approval required before archive
US.MYPS,cache/market_breadth/prices/US.MYPS.json,17155,00c932b340b7bc6f1924c3c4d399ce1baa628120ea3064f0635357f034e54258,cache/market_breadth/members/nasdaq.json;cache/market_breadth/snapshots/nasdaq.json,Composite business still references; approval required before archive
US.MYRG,cache/market_breadth/prices/US.MYRG.json,18001,4e3f56cfca5c1ad4e9a06538d2d4743f46d47edb40b8c2362a8c378c59877b21,cache/market_breadth/members/nasdaq.json;cache/market_breadth/snapshots/nasdaq.json,Composite business still references; approval required before archive
US.MYSE,cache/market_breadth/prices/US.MYSE.json,17198,c84b17bc230fa6726af61f1602a0d198cf60ffb6904039ecff899e1e707f1d46,cache/market_breadth/members/nasdaq.json;cache/market_breadth/snapshots/nasdaq.json,Composite business still references; approval required before archive
US.MYSZ,cache/market_breadth/prices/US.MYSZ.json,17299,a3569ca01f3871f4d94d5808947b1609fa38c05f93392c6adcded2f9d1a6b4dd,cache/market_breadth/members/nasdaq.json;cache/market_breadth/snapshots/nasdaq.json,Composite business still references; approval required before archive
US.MYX,cache/market_breadth/prices/US.MYX.json,4128,165bfbd7344042cf7f1655679ae49b6b8880dcc715a810e4d0b99b8f4ec4bbb8,cache/market_breadth/members/nasdaq.json;cache/market_breadth/snapshots/nasdaq.json,Composite business still references; approval required before archive
US.MZTI,cache/market_breadth/prices/US.MZTI.json,18092,e8d8664ddda705fce6c2d09cf17bda0fffa5a717974642c2e280dc7842e0bebb,cache/market_breadth/members/nasdaq.json;cache/market_breadth/snapshots/nasdaq.json,Composite business still references; approval required before archive
US.NA,cache/market_breadth/prices/US.NA.json,17150,e8321f0ee821390640e280337ec8ec1a58dc0590929f3de5911cdc4d6c000e14,cache/market_breadth/members/nasdaq.json;cache/market_breadth/snapshots/nasdaq.json,Composite business still references; approval required before archive
US.NAAS,cache/market_breadth/prices/US.NAAS.json,17207,a937838263fa2d0ed04dc1aed0d419204f73f113527229ff874c535fdbc554e8,cache/market_breadth/members/nasdaq.json;cache/market_breadth/snapshots/nasdaq.json,Composite business still references; approval required before archive
US.NAGE,cache/market_breadth/prices/US.NAGE.json,17237,48a48053ffecd483d86107d94bd16e722cf8e8b8068be49603bc2e499a56d9b7,cache/market_breadth/members/nasdaq.json;cache/market_breadth/snapshots/nasdaq.json,Composite business still references; approval required before archive
US.NAII,cache/market_breadth/prices/US.NAII.json,17137,ba826cd5a2d1aa8ab3fffd1a57a46ed5bea6fa7da03d75fee68104ed2633ddce,cache/market_breadth/members/nasdaq.json;cache/market_breadth/snapshots/nasdaq.json,Composite business still references; approval required before archive
US.NAKA,cache/market_breadth/prices/US.NAKA.json,17258,42c63aca817179575e4303bcf6e85b84bfc8484db4bd5f17c13d6d50e82f57a1,cache/market_breadth/members/nasdaq.json;cache/market_breadth/snapshots/nasdaq.json,Composite business still references; approval required before archive
US.NAMI,cache/market_breadth/prices/US.NAMI.json,15689,d8de0c371139d4d5d1bd15a973e701e9196ac2504b01a1337c678fc977b81e9e,cache/market_breadth/members/nasdaq.json;cache/market_breadth/snapshots/nasdaq.json,Composite business still references; approval required before archive
US.NAMM,cache/market_breadth/prices/US.NAMM.json,14133,d6f6113f228d7099c06119d9e82568d2327ccfc2fc6f7aa06067dca2b8e9ecca,cache/market_breadth/members/nasdaq.json;cache/market_breadth/snapshots/nasdaq.json,Composite business still references; approval required before archive
US.NAMS,cache/market_breadth/prices/US.NAMS.json,17537,a07dd98f89c189104e6de3914d3f98fa0d870de7aa21fbc4578bb9cdb1e838fa,cache/market_breadth/members/nasdaq.json;cache/market_breadth/snapshots/nasdaq.json,Composite business still references; approval required before archive
US.NATH,cache/market_breadth/prices/US.NATH.json,17827,bb56cf5aa3d4ccf8c304cfde0f0eba80c51b73218ed6615d4e86d385b3a21f10,cache/market_breadth/members/nasdaq.json;cache/market_breadth/snapshots/nasdaq.json,Composite business still references; approval required before archive
US.NATR,cache/market_breadth/prices/US.NATR.json,17550,984f9926937532577d63fa6050a10d8fe2443ee706eca3d9e5820b1c82eacc36,cache/market_breadth/members/nasdaq.json;cache/market_breadth/snapshots/nasdaq.json,Composite business still references; approval required before archive
US.NAUT,cache/market_breadth/prices/US.NAUT.json,17214,cfef18980d4d2eae552205f5d7d02a4f94a9a70c62434910834ab2c47a1c5ddb,cache/market_breadth/members/nasdaq.json;cache/market_breadth/snapshots/nasdaq.json,Composite business still references; approval required before archive
US.NAVI,cache/market_breadth/prices/US.NAVI.json,17517,e2594c61857926918d8e741f82684d8dd7786e0826cfefc18426f626fe91bc4f,cache/market_breadth/members/nasdaq.json;cache/market_breadth/snapshots/nasdaq.json,Composite business still references; approval required before archive
US.NAVN,cache/market_breadth/prices/US.NAVN.json,10065,57a1820df395519337bd3f330fc35e6761136d33b608431ae3124f88a12782f2,cache/market_breadth/members/nasdaq.json;cache/market_breadth/snapshots/nasdaq.json,Composite business still references; approval required before archive
US.NB,cache/market_breadth/prices/US.NB.json,17206,cb0efe0cd8448d417c0b6dbd3972705c928387721d7a26f181e281d9ad4f71c8,cache/market_breadth/members/nasdaq.json;cache/market_breadth/snapshots/nasdaq.json,Composite business still references; approval required before archive
US.NBBK,cache/market_breadth/prices/US.NBBK.json,17672,f421fef3966f04a9508bc710b97a8a5ab3f22cd6349acc55bde7bebb22467fd0,cache/market_breadth/members/nasdaq.json;cache/market_breadth/snapshots/nasdaq.json,Composite business still references; approval required before archive
US.NBIX,cache/market_breadth/prices/US.NBIX.json,17875,e21eb1f32cd400b7aea1ef8ae82524e4d8d11de3dad971fdb0d17fea83170bc5,cache/market_breadth/members/nasdaq.json;cache/market_breadth/snapshots/nasdaq.json,Composite business still references; approval required before archive
US.NBN,cache/market_breadth/prices/US.NBN.json,17934,1dd1447a5364bc1e5ba9077ad1f3781a5513b139ac5d822689ac79526bd8f998,cache/market_breadth/members/nasdaq.json;cache/market_breadth/snapshots/nasdaq.json,Composite business still references; approval required before archive
US.NBP,cache/market_breadth/prices/US.NBP.json,17227,28a2437efaf20e3571deb4253890cfc5beaefd5111c7911ea4266b183320ec01,cache/market_breadth/members/nasdaq.json;cache/market_breadth/snapshots/nasdaq.json,Composite business still references; approval required before archive
US.NBRG,cache/market_breadth/prices/US.NBRG.json,5770,97b04afd2c87246a665f7fe36ab7ec792dc256b377ca3c5e0ce385ae85c00366,cache/market_breadth/members/nasdaq.json;cache/market_breadth/snapshots/nasdaq.json,Composite business still references; approval required before archive
US.NBTB,cache/market_breadth/prices/US.NBTB.json,17710,b8cdf1f2b514b8c1639ae05623202f78353f2263c1b0fdc7a3c398a5d4fb0ce8,cache/market_breadth/members/nasdaq.json;cache/market_breadth/snapshots/nasdaq.json,Composite business still references; approval required before archive
US.NBTX,cache/market_breadth/prices/US.NBTX.json,17467,108257b22a0cfe4adb98e7b67594a684885907643316f78399ada8fa328f007a,cache/market_breadth/members/nasdaq.json;cache/market_breadth/snapshots/nasdaq.json,Composite business still references; approval required before archive
US.NCEL,cache/market_breadth/prices/US.NCEL.json,17006,68bde658c326d3ece57f72092bc80194a7e9516da115e06427b567fc7ee70791,cache/market_breadth/members/nasdaq.json;cache/market_breadth/snapshots/nasdaq.json,Composite business still references; approval required before archive
US.NCEW,cache/market_breadth/prices/US.NCEW.json,17130,0a72ef5d82a4264b53bb707763dd0b4888c2404e429d0b700518e7c931dfca4a,cache/market_breadth/members/nasdaq.json;cache/market_breadth/snapshots/nasdaq.json,Composite business still references; approval required before archive
US.NCI,cache/market_breadth/prices/US.NCI.json,17370,4dbde09c0d771319e0b08a1f7213dad8942dffccf6a6049dbb6b1a0ba070f59c,cache/market_breadth/members/nasdaq.json;cache/market_breadth/snapshots/nasdaq.json,Composite business still references; approval required before archive
US.NCMI,cache/market_breadth/prices/US.NCMI.json,17293,acfa61f0e13a15ecbff2c2fb83b52d5152b07de2ad2d73f15450f2e20a2c53a6,cache/market_breadth/members/nasdaq.json;cache/market_breadth/snapshots/nasdaq.json,Composite business still references; approval required before archive
US.NCNA,cache/market_breadth/prices/US.NCNA.json,16904,f749c44d625ab17831e48eff3738db48c8f4227ad4edf3e3a4c9b21cac5cc80f,cache/market_breadth/members/nasdaq.json;cache/market_breadth/snapshots/nasdaq.json,Composite business still references; approval required before archive
US.NCNO,cache/market_breadth/prices/US.NCNO.json,17584,a9534fd906272ab7dac7df1f7b66e905cce31ca30a79424b7de6be3af6eb44a3,cache/market_breadth/members/nasdaq.json;cache/market_breadth/snapshots/nasdaq.json,Composite business still references; approval required before archive
US.NCO,cache/market_breadth/prices/US.NCO.json,1913,5168f8939e3f818ca500c8768b89bfd3c6508ebaefda88dead1e584a2d335a74,cache/market_breadth/members/nasdaq.json;cache/market_breadth/snapshots/nasdaq.json,Composite business still references; approval required before archive
US.NCPL,cache/market_breadth/prices/US.NCPL.json,17257,2991d89074cd75e17fa0e90d1fc1081e207385b15d8e4203a6f99803890199bb,cache/market_breadth/members/nasdaq.json;cache/market_breadth/snapshots/nasdaq.json,Composite business still references; approval required before archive
US.NCRA,cache/market_breadth/prices/US.NCRA.json,17086,722194d36739c4c61dd291f859819a3c12322df8643d24a6a62cc8728dd8b675,cache/market_breadth/members/nasdaq.json;cache/market_breadth/snapshots/nasdaq.json,Composite business still references; approval required before archive
US.NCT,cache/market_breadth/prices/US.NCT.json,14044,75fea5179b2caf97f6e0a7101184c90ac43c49554519469f76bf06e09ba16972,cache/market_breadth/members/nasdaq.json;cache/market_breadth/snapshots/nasdaq.json,Composite business still references; approval required before archive
US.NCTY,cache/market_breadth/prices/US.NCTY.json,17303,a905552b366defc735f5d8e15c75192a4ec9d2bcc2213190a4790884fac01a96,cache/market_breadth/members/nasdaq.json;cache/market_breadth/snapshots/nasdaq.json,Composite business still references; approval required before archive
US.NDAQ,cache/market_breadth/prices/US.NDAQ.json,17679,8baecea99b61b54ac77de5bfe53289ca8aaeb2947b1892b4564d8aec226cf0d3,cache/market_breadth/members/nasdaq.json;cache/market_breadth/snapshots/nasdaq.json,Composite business still references; approval required before archive
US.NDLS,cache/market_breadth/prices/US.NDLS.json,17304,29f083788d7a9d9f66011106651b8516bc93f0e650c7c6c0a57e07801c0252f5,cache/market_breadth/members/nasdaq.json;cache/market_breadth/snapshots/nasdaq.json,Composite business still references; approval required before archive
US.NDRA,cache/market_breadth/prices/US.NDRA.json,17131,e864376c50781f8a8204bf1cc25f992c5f84f483ae8de51c6673d216b125f3a5,cache/market_breadth/members/nasdaq.json;cache/market_breadth/snapshots/nasdaq.json,Composite business still references; approval required before archive
US.NDSN,cache/market_breadth/prices/US.NDSN.json,18085,b29f0f27ecbd9ab5b79916d3b0cc39bb9ea028994ac5e2bf62d25058318a91ae,cache/market_breadth/members/nasdaq.json;cache/market_breadth/snapshots/nasdaq.json,Composite business still references; approval required before archive
US.NECB,cache/market_breadth/prices/US.NECB.json,17702,c42d13d1fc8f0b055d6b41742d02e75c8d692b3439960e02aa054454677eb17e,cache/market_breadth/members/nasdaq.json;cache/market_breadth/snapshots/nasdaq.json,Composite business still references; approval required before archive
US.NEGG,cache/market_breadth/prices/US.NEGG.json,17394,7e2351d22f9d806c302fd755eb453dac19e8f3746650b3dc10eb9ed9a293925f,cache/market_breadth/members/nasdaq.json;cache/market_breadth/snapshots/nasdaq.json,Composite business still references; approval required before archive
US.NEO,cache/market_breadth/prices/US.NEO.json,17337,71c02e94583620d9c262432ea26806cbb5e9df3e7338a4a073a1a0d657d7b622,cache/market_breadth/members/nasdaq.json;cache/market_breadth/snapshots/nasdaq.json,Composite business still references; approval required before archive
US.NEOG,cache/market_breadth/prices/US.NEOG.json,17217,b339c4094e9a52a86b5fcd4b582066914795776fe6f044f244e00abbd2aec60e,cache/market_breadth/members/nasdaq.json;cache/market_breadth/snapshots/nasdaq.json,Composite business still references; approval required before archive
US.NEON,cache/market_breadth/prices/US.NEON.json,17320,0bc28f0715f3fcc2408a2032f87dca0f6b2d56b363b122342b4157c677382160,cache/market_breadth/members/nasdaq.json;cache/market_breadth/snapshots/nasdaq.json,Composite business still references; approval required before archive
US.NEOV,cache/market_breadth/prices/US.NEOV.json,17247,2d4e251871682b9af3ed7217d59f1f55ebd3a8d9fe6333c683d289573846cbc7,cache/market_breadth/members/nasdaq.json;cache/market_breadth/snapshots/nasdaq.json,Composite business still references; approval required before archive
US.NEPH,cache/market_breadth/prices/US.NEPH.json,17175,f8a781d0fe5b94df2cabcd0817e8d020ce5eb92949f5d6eccc73f5f73e6ae5da,cache/market_breadth/members/nasdaq.json;cache/market_breadth/snapshots/nasdaq.json,Composite business still references; approval required before archive
US.NERV,cache/market_breadth/prices/US.NERV.json,17205,958eae0ebd6f3cd3cae3900bda8f131afb702370c7eb3e320c8049ff940144a9,cache/market_breadth/members/nasdaq.json;cache/market_breadth/snapshots/nasdaq.json,Composite business still references; approval required before archive
US.NESR,cache/market_breadth/prices/US.NESR.json,17439,18808466a4c496ae2638ab3c4ebe49bf3e671d77d43e4827aba321418f31455c,cache/market_breadth/members/nasdaq.json;cache/market_breadth/snapshots/nasdaq.json,Composite business still references; approval required before archive
US.NEUP,cache/market_breadth/prices/US.NEUP.json,17232,a284da1810ae9d7c92ead76fe8afae2c5e8621e057b18cf38701a74915b1f6e8,cache/market_breadth/members/nasdaq.json;cache/market_breadth/snapshots/nasdaq.json,Composite business still references; approval required before archive
US.NEWT,cache/market_breadth/prices/US.NEWT.json,17638,17b510ef6ce196e19ed2204489ec755371edd80edc7d0e068de94eb567c63cf2,cache/market_breadth/members/nasdaq.json;cache/market_breadth/snapshots/nasdaq.json,Composite business still references; approval required before archive
US.NEXM,cache/market_breadth/prices/US.NEXM.json,17161,364ecd836a7d924ef0efc6b40332e47652d2cb207347567e1d10282058828498,cache/market_breadth/members/nasdaq.json;cache/market_breadth/snapshots/nasdaq.json,Composite business still references; approval required before archive
US.NEXN,cache/market_breadth/prices/US.NEXN.json,17236,915a555cce2ad8acab780871965ab46bfff7bb8766582eb2870d6527d9e95944,cache/market_breadth/members/nasdaq.json;cache/market_breadth/snapshots/nasdaq.json,Composite business still references; approval required before archive
US.NEXR,cache/market_breadth/prices/US.NEXR.json,17817,84d76d0e53b45def0ca1202d6c8106aa7d5e0c5cdcd3660591e663e8119abc19,cache/market_breadth/members/nasdaq.json;cache/market_breadth/snapshots/nasdaq.json,Composite business still references; approval required before archive
US.NEXT,cache/market_breadth/prices/US.NEXT.json,17223,1f77482ee2ebf52e12244a34a55a97fb0a3af72c9dba759a68ab6684f39997f4,cache/market_breadth/members/nasdaq.json;cache/market_breadth/snapshots/nasdaq.json,Composite business still references; approval required before archive
US.NFE,cache/market_breadth/prices/US.NFE.json,17270,c375194feda30571758da7c702ef25a12c1d4cec822a9ad85f0327348e4b70ec,cache/market_breadth/members/nasdaq.json;cache/market_breadth/snapshots/nasdaq.json,Composite business still references; approval required before archive
US.NGEN,cache/market_breadth/prices/US.NGEN.json,17174,f99b11818fe8521b6d5239c5c36776b4d9ffce318b8862ef8c589d78422e03b7,cache/market_breadth/members/nasdaq.json;cache/market_breadth/snapshots/nasdaq.json,Composite business still references; approval required before archive
US.NGNE,cache/market_breadth/prices/US.NGNE.json,17531,66a02f7a2d56472ccdb6a57297973c3817304d381f53a789bc6d19dc975ea046,cache/market_breadth/members/nasdaq.json;cache/market_breadth/snapshots/nasdaq.json,Composite business still references; approval required before archive
US.NHIV,cache/market_breadth/prices/US.NHIV.json,3446,d945d7c6a0c8ffda0f20e0de1affe7b3a5a4f736ff25dd6eee0bea36e12b424a,cache/market_breadth/members/nasdaq.json;cache/market_breadth/snapshots/nasdaq.json,Composite business still references; approval required before archive
US.NHP,cache/market_breadth/prices/US.NHP.json,4955,3a4eda1d252fba7004d32157cbefb8df55dbe34e90ad9816a4fa6d06a7f65176,cache/market_breadth/members/nasdaq.json;cache/market_breadth/snapshots/nasdaq.json,Composite business still references; approval required before archive
US.NHTC,cache/market_breadth/prices/US.NHTC.json,17258,dbcd947bda395246af268f83f9cae3a4ae0faadba4a341754492227e5bdc4ae0,cache/market_breadth/members/nasdaq.json;cache/market_breadth/snapshots/nasdaq.json,Composite business still references; approval required before archive
US.NICE,cache/market_breadth/prices/US.NICE.json,17928,4ddcc54463e6048802d94c808104cc23b1095bddc6806e14ffae7ed406457a8c,cache/market_breadth/members/nasdaq.json;cache/market_breadth/snapshots/nasdaq.json,Composite business still references; approval required before archive
US.NICM,cache/market_breadth/prices/US.NICM.json,5103,09f838bf87649b53add295f9bd33243402c959233939dbe92288fe5e2d2b45aa,cache/market_breadth/members/nasdaq.json;cache/market_breadth/snapshots/nasdaq.json,Composite business still references; approval required before archive
US.NIKI,cache/market_breadth/prices/US.NIKI.json,16950,158f29f80c8ad32d9cdc58213b795d86de2a08d522e890b147575497f9cc8a79,cache/market_breadth/members/nasdaq.json;cache/market_breadth/snapshots/nasdaq.json,Composite business still references; approval required before archive
US.NIPG,cache/market_breadth/prices/US.NIPG.json,17017,0e3bc5af75a8ac64b0f8e12282935ca98d6d7e499de7e5480f4b153badf5ddfd,cache/market_breadth/members/nasdaq.json;cache/market_breadth/snapshots/nasdaq.json,Composite business still references; approval required before archive
US.NIU,cache/market_breadth/prices/US.NIU.json,17237,456524ff070412cb3c8fb5eb8de72ca5c4d82b5a68d45eaf7033bf594825aa0b,cache/market_breadth/members/nasdaq.json;cache/market_breadth/snapshots/nasdaq.json,Composite business still references; approval required before archive
US.NIVF,cache/market_breadth/prices/US.NIVF.json,16983,45e267da3885d907a534ff7114f506a729acd1d96ec721d5db2e9b4aa0774042,cache/market_breadth/members/nasdaq.json;cache/market_breadth/snapshots/nasdaq.json,Composite business still references; approval required before archive
US.NIXX,cache/market_breadth/prices/US.NIXX.json,17246,cd542ecabdb8f7cae076519a0433c7e8eac5129fc2ebf1c8d869e8f4130f9407,cache/market_breadth/members/nasdaq.json;cache/market_breadth/snapshots/nasdaq.json,Composite business still references; approval required before archive
US.NKLR,cache/market_breadth/prices/US.NKLR.json,10655,1d7db7aafe75f7a7660435dbd1fe44ceedb8c3b3b639a7f09c56ebe552ec214f,cache/market_breadth/members/nasdaq.json;cache/market_breadth/snapshots/nasdaq.json,Composite business still references; approval required before archive
US.NKSH,cache/market_breadth/prices/US.NKSH.json,17686,f6d2dfa7707826f6dd7848c9475c4168f3c321fdfa7a26a4775f8fdb3903642f,cache/market_breadth/members/nasdaq.json;cache/market_breadth/snapshots/nasdaq.json,Composite business still references; approval required before archive
US.NKTR,cache/market_breadth/prices/US.NKTR.json,17424,95130f115da9116c6f05626381be7476d269933dabaa4f14e77a23ed0eef78c4,cache/market_breadth/members/nasdaq.json;cache/market_breadth/snapshots/nasdaq.json,Composite business still references; approval required before archive
US.NKTX,cache/market_breadth/prices/US.NKTX.json,17171,382240f4a7cc8b58b8dacb10c3453229ceedb2ba0e2d1e57c84b5cfb204fad2f,cache/market_breadth/members/nasdaq.json;cache/market_breadth/snapshots/nasdaq.json,Composite business still references; approval required before archive
US.NMAD,cache/market_breadth/prices/US.NMAD.json,17192,98cdff4005fe68e9991467b9d1a5b6e365f88d24161b829cebd2cf6f239c9391,cache/market_breadth/members/nasdaq.json;cache/market_breadth/snapshots/nasdaq.json,Composite business still references; approval required before archive
US.NMFC,cache/market_breadth/prices/US.NMFC.json,17310,019e0fb9e2769f53594cec8547831fb50876eb1bb2f0663308a967da3c319f54,cache/market_breadth/members/nasdaq.json;cache/market_breadth/snapshots/nasdaq.json,Composite business still references; approval required before archive
US.NMIH,cache/market_breadth/prices/US.NMIH.json,17601,fd2b12df9ee7abe24fe3bbc64f5de8086d2148d4bc908b809bd5419e7021c7a7,cache/market_breadth/members/nasdaq.json;cache/market_breadth/snapshots/nasdaq.json,Composite business still references; approval required before archive
US.NMP,cache/market_breadth/prices/US.NMP.json,11821,5c9a6eb6352662d95a2f46ac655b67041743d2328238e81a8b18fa9c914c4e63,cache/market_breadth/members/nasdaq.json;cache/market_breadth/snapshots/nasdaq.json,Composite business still references; approval required before archive
US.NMRA,cache/market_breadth/prices/US.NMRA.json,17124,961b348a75420c3a1fdb148e8e18842883ba3e12b83a43d52112b45236b2bf97,cache/market_breadth/members/nasdaq.json;cache/market_breadth/snapshots/nasdaq.json,Composite business still references; approval required before archive
US.NMRK,cache/market_breadth/prices/US.NMRK.json,17664,a736920e01d68bc67da4c7b3877045fac3a212493774eb9351cd54740957560a,cache/market_breadth/members/nasdaq.json;cache/market_breadth/snapshots/nasdaq.json,Composite business still references; approval required before archive
US.NMTC,cache/market_breadth/prices/US.NMTC.json,17219,beee03da9054a119404704fcc928dc23caeb5c79f90706fa54cf43a6115236ac,cache/market_breadth/members/nasdaq.json;cache/market_breadth/snapshots/nasdaq.json,Composite business still references; approval required before archive
US.NN,cache/market_breadth/prices/US.NN.json,17569,acd793cb72a92efff470897c309e607fc1485caf11a9b86050423ffd60cf380c,cache/market_breadth/members/nasdaq.json;cache/market_breadth/snapshots/nasdaq.json,Composite business still references; approval required before archive
US.NNBR,cache/market_breadth/prices/US.NNBR.json,17229,5e8f9c1a9d1fb92aad77d9252a572ae5caebb2e9812685ae1fd900fa68d9a637,cache/market_breadth/members/nasdaq.json;cache/market_breadth/snapshots/nasdaq.json,Composite business still references; approval required before archive
US.NNDM,cache/market_breadth/prices/US.NNDM.json,17186,2bc196296eccec0e62a335ea9eb52ff023d9da370f3ba7bc1c1dce335f90be38,cache/market_breadth/members/nasdaq.json;cache/market_breadth/snapshots/nasdaq.json,Composite business still references; approval required before archive
US.NNE,cache/market_breadth/prices/US.NNE.json,17582,a192e5a87bee13a658fc543b30e7d7b832af81e690b7379da15ac35f75d312a3,cache/market_breadth/members/nasdaq.json;cache/market_breadth/snapshots/nasdaq.json,Composite business still references; approval required before archive
US.NNNN,cache/market_breadth/prices/US.NNNN.json,17354,bbf7d64036c7bdf809ed5c11af814d95f2a350d36ae1cfc79611b43fa3eb575b,cache/market_breadth/members/nasdaq.json;cache/market_breadth/snapshots/nasdaq.json,Composite business still references; approval required before archive
US.NNOX,cache/market_breadth/prices/US.NNOX.json,17222,acf3f78e0286e9d6a58cda575267cc976dc7f9030e8303b5ce038d9fd82ff299,cache/market_breadth/members/nasdaq.json;cache/market_breadth/snapshots/nasdaq.json,Composite business still references; approval required before archive
US.NODK,cache/market_breadth/prices/US.NODK.json,17541,a37cb0a49ed4b524ad590f461ac9b5e0fe04399dd9a11ecffce68fb79816e38b,cache/market_breadth/members/nasdaq.json;cache/market_breadth/snapshots/nasdaq.json,Composite business still references; approval required before archive
US.NOEM,cache/market_breadth/prices/US.NOEM.json,17570,655c3ce1a3271f478b826e3e2bbf110a602aaeb22dee4ca299688e99af67a845,cache/market_breadth/members/nasdaq.json;cache/market_breadth/snapshots/nasdaq.json,Composite business still references; approval required before archive
US.NOMA,cache/market_breadth/prices/US.NOMA.json,9713,0898bdbc6879c62e6bf3c76c330c91d78bde9f7dca44ece8fafc1a57ffbd8e5e,cache/market_breadth/members/nasdaq.json;cache/market_breadth/snapshots/nasdaq.json,Composite business still references; approval required before archive
US.NOVT,cache/market_breadth/prices/US.NOVT.json,18020,e785c83ae142d2205b36bc943eafc04b9ec8e0d64685a0d3d0936f4d621d100b,cache/market_breadth/members/nasdaq.json;cache/market_breadth/snapshots/nasdaq.json,Composite business still references; approval required before archive
US.NPAC,cache/market_breadth/prices/US.NPAC.json,14171,b2f49b10d6332fdb18baf05909e9c3baf6e796b8e6eceeac32100e92941c11b3,cache/market_breadth/members/nasdaq.json;cache/market_breadth/snapshots/nasdaq.json,Composite business still references; approval required before archive
US.NPCE,cache/market_breadth/prices/US.NPCE.json,17511,4db2363a7b5bb58b18f18175b3b2dc15f265347d8f7bdee8da264fb625995287,cache/market_breadth/members/nasdaq.json;cache/market_breadth/snapshots/nasdaq.json,Composite business still references; approval required before archive
US.NPT,cache/market_breadth/prices/US.NPT.json,10065,57676404af5004cbb58e4141a908d85da698259c4bc404b21a46751a0efcf469,cache/market_breadth/members/nasdaq.json;cache/market_breadth/snapshots/nasdaq.json,Composite business still references; approval required before archive
US.NRC,cache/market_breadth/prices/US.NRC.json,17709,6c79d8cb285e59fac5e4ed401b02231d490de023eb9fdd71e6ece6eb9eaba668,cache/market_breadth/members/nasdaq.json;cache/market_breadth/snapshots/nasdaq.json,Composite business still references; approval required before archive
US.NRDS,cache/market_breadth/prices/US.NRDS.json,17376,b782f819e245369605ef16ca2b9d3d8d01928c8d930e82a48d654d24646dfc9c,cache/market_breadth/members/nasdaq.json;cache/market_breadth/snapshots/nasdaq.json,Composite business still references; approval required before archive
US.NRIM,cache/market_breadth/prices/US.NRIM.json,14697,17cc0464444d72700661fdc30feccc676ee034fee53e6e9dcdd7f6fdd1a643cd,cache/market_breadth/members/nasdaq.json;cache/market_breadth/snapshots/nasdaq.json,Composite business still references; approval required before archive
US.NRIX,cache/market_breadth/prices/US.NRIX.json,14449,73ef0d178cd3758ea47b54f102402de7035b72935048daacf1a2ac4a19833973,cache/market_breadth/members/nasdaq.json;cache/market_breadth/snapshots/nasdaq.json,Composite business still references; approval required before archive
US.NRSN,cache/market_breadth/prices/US.NRSN.json,14395,03aba19181cfede1039ae7a54780621cbee08abaa477ad61343f35355144546d,cache/market_breadth/members/nasdaq.json;cache/market_breadth/snapshots/nasdaq.json,Composite business still references; approval required before archive
US.NRXP,cache/market_breadth/prices/US.NRXP.json,14124,2e65d989a868996168fa7245a4773ec18755442a5e758ee402f4aeb7c8c79455,cache/market_breadth/members/nasdaq.json;cache/market_breadth/snapshots/nasdaq.json,Composite business still references; approval required before archive
US.NSAI,cache/market_breadth/prices/US.NSAI.json,786,64e035b5cd332a51464f6dfbd2a08ceb223cd399c3d865c0db8c8ec1070b3e7a,cache/market_breadth/members/nasdaq.json;cache/market_breadth/snapshots/nasdaq.json,Composite business still references; approval required before archive
US.NSIT,cache/market_breadth/prices/US.NSIT.json,14771,3487d85bcae327a50fadbf24c79574eacac1af4550a6649e4ba54872c398f8cc,cache/market_breadth/members/nasdaq.json;cache/market_breadth/snapshots/nasdaq.json,Composite business still references; approval required before archive
US.NSPR,cache/market_breadth/prices/US.NSPR.json,14230,c3ece923df93201ab003480e6614888e7477c40d2183527b00d43b322a49519a,cache/market_breadth/members/nasdaq.json;cache/market_breadth/snapshots/nasdaq.json,Composite business still references; approval required before archive
US.NSSC,cache/market_breadth/prices/US.NSSC.json,14523,18079ddcf43a0f7c61bef89e8a0c7b769664353bf98086a9ba6822eb9c7297ca,cache/market_breadth/members/nasdaq.json;cache/market_breadth/snapshots/nasdaq.json,Composite business still references; approval required before archive
US.NSTS,cache/market_breadth/prices/US.NSTS.json,14595,628a74b884fe0806697d6a69d41b77098c1289c9192bdbd9035ee42f126b5036,cache/market_breadth/members/nasdaq.json;cache/market_breadth/snapshots/nasdaq.json,Composite business still references; approval required before archive
US.NSYS,cache/market_breadth/prices/US.NSYS.json,14424,2d7673c14979efd88f8deaafccea0880ccd9d05fe1c551b70905977b85a9bd18,cache/market_breadth/members/nasdaq.json;cache/market_breadth/snapshots/nasdaq.json,Composite business still references; approval required before archive
US.NTAP,cache/market_breadth/prices/US.NTAP.json,14811,d290a62223a1e5d360e2fb7506b07678c74f9871d6920743349c46cbddc83d68,cache/market_breadth/members/nasdaq.json;cache/market_breadth/snapshots/nasdaq.json,Composite business still references; approval required before archive
US.NTCL,cache/market_breadth/prices/US.NTCL.json,14398,8e23f30286c87e90ece3b02463bce3413d3d5fb46e752b4fc970478c44cdfbea,cache/market_breadth/members/nasdaq.json;cache/market_breadth/snapshots/nasdaq.json,Composite business still references; approval required before archive
US.NTCT,cache/market_breadth/prices/US.NTCT.json,14505,2a84ff0d81b0ef1c422a0dfbd64e9461fd88bda885db83e890049a8739dc751a,cache/market_breadth/members/nasdaq.json;cache/market_breadth/snapshots/nasdaq.json,Composite business still references; approval required before archive
US.NTES,cache/market_breadth/prices/US.NTES.json,14958,ca40bc51e5cc2f5188c4e63a715c9dbdd1702d2c2e6ba72e435324ea14105427,cache/market_breadth/members/nasdaq.json;cache/market_breadth/snapshots/nasdaq.json,Composite business still references; approval required before archive
US.NTGR,cache/market_breadth/prices/US.NTGR.json,14508,677bff85598400df62d487b382b070f283e07b63f1406c8451ceabd779729f26,cache/market_breadth/members/nasdaq.json;cache/market_breadth/snapshots/nasdaq.json,Composite business still references; approval required before archive
US.NTHI,cache/market_breadth/prices/US.NTHI.json,13427,0dbc26839f960e62408479728e63647b558f1f7aa3ede3f6b3711e0dfaa6aa90,cache/market_breadth/members/nasdaq.json;cache/market_breadth/snapshots/nasdaq.json,Composite business still references; approval required before archive
US.NTIC,cache/market_breadth/prices/US.NTIC.json,14127,a171dea03b2e4d1700471c7e017478a590a30f417c3873302972e6078e3e1848,cache/market_breadth/members/nasdaq.json;cache/market_breadth/snapshots/nasdaq.json,Composite business still references; approval required before archive
US.NTLA,cache/market_breadth/prices/US.NTLA.json,14401,0fe01af3f586672cbb8ec353604b5070b3d157e2186b90eb34c9c954bf0abe84,cache/market_breadth/members/nasdaq.json;cache/market_breadth/snapshots/nasdaq.json,Composite business still references; approval required before archive
US.NTNX,cache/market_breadth/prices/US.NTNX.json,14490,078ff8ac5e2d6c9d72821010858d70aaf385fefa1c4b297bf9b5cb5fa83e819e,cache/market_breadth/members/nasdaq.json;cache/market_breadth/snapshots/nasdaq.json,Composite business still references; approval required before archive
US.NTRA,cache/market_breadth/prices/US.NTRA.json,14917,db0892010f7b9579a2e93c575991e3f1f3caf502c6f3b0fd597611f739c09f80,cache/market_breadth/members/nasdaq.json;cache/market_breadth/snapshots/nasdaq.json,Composite business still references; approval required before archive
US.NTRB,cache/market_breadth/prices/US.NTRB.json,14129,c5e58e169e28b1e3f6bbb1e30498bc38f97bd8f79b5c2cfdc1c5cab0d312316b,cache/market_breadth/members/nasdaq.json;cache/market_breadth/snapshots/nasdaq.json,Composite business still references; approval required before archive
US.NTRP,cache/market_breadth/prices/US.NTRP.json,14147,6a7662458584a8292da599a05f0ba7adb6f5f95844d8bb53b8d539f2dfe0b90d,cache/market_breadth/members/nasdaq.json;cache/market_breadth/snapshots/nasdaq.json,Composite business still references; approval required before archive
US.NTRS,cache/market_breadth/prices/US.NTRS.json,14857,ec30a6ecf5288bb2b5d27e49f49dbef7b9d64cb1e622944c06caf357913bb341,cache/market_breadth/members/nasdaq.json;cache/market_breadth/snapshots/nasdaq.json,Composite business still references; approval required before archive
US.NTSK,cache/market_breadth/prices/US.NTSK.json,9356,30ca4522e6b0da85b3c6b55410e6872c4f72bd1ec7b1eed3f145a5eed083557b,cache/market_breadth/members/nasdaq.json;cache/market_breadth/snapshots/nasdaq.json,Composite business still references; approval required before archive
US.NTWK,cache/market_breadth/prices/US.NTWK.json,14116,6e92a46be52537dd20ac20d88f4b0bb53fce4d9e328e25eac2e42a2ab071e242,cache/market_breadth/members/nasdaq.json;cache/market_breadth/snapshots/nasdaq.json,Composite business still references; approval required before archive
US.NTWO,cache/market_breadth/prices/US.NTWO.json,8203,838fbf709e79f99452626bfc650113db4d36ee03de968237339117b5b7b6a3d3,cache/market_breadth/members/nasdaq.json;cache/market_breadth/snapshots/nasdaq.json,Composite business still references; approval required before archive
US.NUAI,cache/market_breadth/prices/US.NUAI.json,10105,29af4a78d61bb0fd79bc53eb5839b6abc9d693da1623411c821b2e9d0e482312,cache/market_breadth/members/nasdaq.json;cache/market_breadth/snapshots/nasdaq.json,Composite business still references; approval required before archive
US.NUCL,cache/market_breadth/prices/US.NUCL.json,6533,64aca7663f11094d63d9ff777c1f3fa92f502e7c11fbc8bd5a081e9e61a7b716,cache/market_breadth/members/nasdaq.json;cache/market_breadth/snapshots/nasdaq.json,Composite business still references; approval required before archive
US.NUR,cache/market_breadth/prices/US.NUR.json,1196,b9c28ae5a1b59c865bc876f192a1f05cc46e9fd5d097ee672893fdb02a64d5d6,cache/market_breadth/members/nasdaq.json;cache/market_breadth/snapshots/nasdaq.json,Composite business still references; approval required before archive
US.NUTX,cache/market_breadth/prices/US.NUTX.json,14786,2d017ef423ba683c6331e8e739fef5369644dc736b73391fc42bb6f369aaef7c,cache/market_breadth/members/nasdaq.json;cache/market_breadth/snapshots/nasdaq.json,Composite business still references; approval required before archive
US.NUWE,cache/market_breadth/prices/US.NUWE.json,14697,150d710854dd2940001cafcd966772fa22e0c8f06282e9d4b346c59d57a743ed,cache/market_breadth/members/nasdaq.json;cache/market_breadth/snapshots/nasdaq.json,Composite business still references; approval required before archive
US.NVAX,cache/market_breadth/prices/US.NVAX.json,14138,487e3842f1b129e535164250ce72995ec75a4f7ba7aec00b50f907b6376662b9,cache/market_breadth/members/nasdaq.json;cache/market_breadth/snapshots/nasdaq.json,Composite business still references; approval required before archive
US.NVCR,cache/market_breadth/prices/US.NVCR.json,14509,12996e873454ba5c3ae1d05a0de0edd050f8e40bf86f5ac80638ae7294c1fc9a,cache/market_breadth/members/nasdaq.json;cache/market_breadth/snapshots/nasdaq.json,Composite business still references; approval required before archive
US.NVCT,cache/market_breadth/prices/US.NVCT.json,14221,28f05ef0192ff420aa78e883cb0310adac27ceefbbc45893ce72182319feff56,cache/market_breadth/members/nasdaq.json;cache/market_breadth/snapshots/nasdaq.json,Composite business still references; approval required before archive
US.NVEC,cache/market_breadth/prices/US.NVEC.json,14578,c1f20a3c3cd9d34e97b79bb5355b62f332fa56b756e5a29140468daf3cad054a,cache/market_breadth/members/nasdaq.json;cache/market_breadth/snapshots/nasdaq.json,Composite business still references; approval required before archive
US.NVMI,cache/market_breadth/prices/US.NVMI.json,14916,1672a40a7767b8b47ea7d6c5437aaf836d978601daaa6a630c0cce3da56d21ae,cache/market_breadth/members/nasdaq.json;cache/market_breadth/snapshots/nasdaq.json,Composite business still references; approval required before archive
US.NVNI,cache/market_breadth/prices/US.NVNI.json,14277,76835e3a8faed170f1372aaec8be7224344044e05400ab60ea86456fb793e04d,cache/market_breadth/members/nasdaq.json;cache/market_breadth/snapshots/nasdaq.json,Composite business still references; approval required before archive
US.NVNO,cache/market_breadth/prices/US.NVNO.json,14697,1989df8ad2e292cc360aaf59addbffdcf29437fd0524325eacddaa6f6aae9f9e,cache/market_breadth/members/nasdaq.json;cache/market_breadth/snapshots/nasdaq.json,Composite business still references; approval required before archive
US.NVTS,cache/market_breadth/prices/US.NVTS.json,14253,74a45d923e22f85b741d18503f312d71e53ea32c430e791b19cb59344a4921fc,cache/market_breadth/members/nasdaq.json;cache/market_breadth/snapshots/nasdaq.json,Composite business still references; approval required before archive
US.NVX,cache/market_breadth/prices/US.NVX.json,14350,857da7aedec7037a6139162d220a58c9e0de824c11facb90e5927db62db9f431,cache/market_breadth/members/nasdaq.json;cache/market_breadth/snapshots/nasdaq.json,Composite business still references; approval required before archive
US.NWBI,cache/market_breadth/prices/US.NWBI.json,14515,55264d2e6ba0c383c0c71b4a05c7efd6fcfc8eb6c0ed81d5613911b52c047a9d,cache/market_breadth/members/nasdaq.json;cache/market_breadth/snapshots/nasdaq.json,Composite business still references; approval required before archive
US.NWCL,cache/market_breadth/prices/US.NWCL.json,322,2cb7090a18ad03042b1a982d42c7e2f918c9f227212d78f483a4812e7585ee4b,cache/market_breadth/members/nasdaq.json;cache/market_breadth/snapshots/nasdaq.json,Composite business still references; approval required before archive
US.NWE,cache/market_breadth/prices/US.NWE.json,14508,e3e1d08da79a320eba12f469bfcee04c06b5d672ccd09ef61e865fb19bafc0fe,cache/market_breadth/members/nasdaq.json;cache/market_breadth/snapshots/nasdaq.json,Composite business still references; approval required before archive
US.NWFL,cache/market_breadth/prices/US.NWFL.json,14524,df9df0fa8d9de7fdea32294e12634eb90cd34924ffc9a97ae98714f6a59aaa50,cache/market_breadth/members/nasdaq.json;cache/market_breadth/snapshots/nasdaq.json,Composite business still references; approval required before archive
US.NWGL,cache/market_breadth/prices/US.NWGL.json,14357,e7e08d1bc43cdd43953d5dd580c7a6645fbe536ef5ed0a792dae4947655133c0,cache/market_breadth/members/nasdaq.json;cache/market_breadth/snapshots/nasdaq.json,Composite business still references; approval required before archive
US.NWL,cache/market_breadth/prices/US.NWL.json,14121,5e4ef714f30420d2bbead8ede1e7362dd647e5d9dbb523e1c489b037a4089f95,cache/market_breadth/members/nasdaq.json;cache/market_breadth/snapshots/nasdaq.json,Composite business still references; approval required before archive
US.NWPX,cache/market_breadth/prices/US.NWPX.json,14626,f564e90d78c74f95ca72bd6ec98ea2a2057e7f4aaba904785fd7883d85e61002,cache/market_breadth/members/nasdaq.json;cache/market_breadth/snapshots/nasdaq.json,Composite business still references; approval required before archive
US.NWS,cache/market_breadth/prices/US.NWS.json,14506,89eb71ebe5ce6536c51a801988b30acc3ce0b33806b25a8b2bace6a15a703085,cache/market_breadth/members/nasdaq.json;cache/market_breadth/snapshots/nasdaq.json,Composite business still references; approval required before archive
US.NWSA,cache/market_breadth/prices/US.NWSA.json,14514,66e724cee3462e893bd3c6a6a8ffa9ae26d70cf8afe5b65c9457b3d56e1c5502,cache/market_breadth/members/nasdaq.json;cache/market_breadth/snapshots/nasdaq.json,Composite business still references; approval required before archive
US.NWTG,cache/market_breadth/prices/US.NWTG.json,13684,80769110fa916107162b8d8b0b589410dc40933a0534be048854310e23c243a2,cache/market_breadth/members/nasdaq.json;cache/market_breadth/snapshots/nasdaq.json,Composite business still references; approval required before archive
US.NXAT,cache/market_breadth/prices/US.NXAT.json,641,6bef7fbf9b494fa9ca5dfafcb8011c1493398103126ef76441138fd819aa8fb9,cache/market_breadth/members/nasdaq.json;cache/market_breadth/snapshots/nasdaq.json,Composite business still references; approval required before archive
US.NXGL,cache/market_breadth/prices/US.NXGL.json,14350,af118ef883d09427d74ddcdf53f2565725254868c7ca0d849ff5cb87282d7357,cache/market_breadth/members/nasdaq.json;cache/market_breadth/snapshots/nasdaq.json,Composite business still references; approval required before archive
US.NXH,cache/market_breadth/prices/US.NXH.json,1197,ebaded003c6c27d0a146bdae8413d2042f32aa5419e6744eb23ae932074ad696,cache/market_breadth/members/nasdaq.json;cache/market_breadth/snapshots/nasdaq.json,Composite business still references; approval required before archive
US.NXL,cache/market_breadth/prices/US.NXL.json,14486,2ceac778f559bf2c3c8082dbd126f00da39d532e11224769b14b563fd555cfee,cache/market_breadth/members/nasdaq.json;cache/market_breadth/snapshots/nasdaq.json,Composite business still references; approval required before archive
US.NXPL,cache/market_breadth/prices/US.NXPL.json,14247,4b01327d92d56a92d6e2521b661cc800df8655cc3a85879aa19e3b155ac4d9eb,cache/market_breadth/members/nasdaq.json;cache/market_breadth/snapshots/nasdaq.json,Composite business still references; approval required before archive
US.NXST,cache/market_breadth/prices/US.NXST.json,14914,d62d9e67079e42397e9d3e647ffc78a59fc1baf01dd621f03a88a9851637fcdc,cache/market_breadth/members/nasdaq.json;cache/market_breadth/snapshots/nasdaq.json,Composite business still references; approval required before archive
US.NXT,cache/market_breadth/prices/US.NXT.json,14650,38bcd198139eda763be76a7dcfaacb23b2e8d74122c3b61b069c1de6b72bc15a,cache/market_breadth/members/nasdaq.json;cache/market_breadth/snapshots/nasdaq.json,Composite business still references; approval required before archive
US.NXTC,cache/market_breadth/prices/US.NXTC.json,14362,30a635adff789a88c8082e832800262e511923f4cce034d90291249ca4b2aea3,cache/market_breadth/members/nasdaq.json;cache/market_breadth/snapshots/nasdaq.json,Composite business still references; approval required before archive
US.NXTS,cache/market_breadth/prices/US.NXTS.json,5363,134c7c174cc46c86d8aa180ae2f90de164daa769e5a290678a5f892467dc5d52,cache/market_breadth/members/nasdaq.json;cache/market_breadth/snapshots/nasdaq.json,Composite business still references; approval required before archive
US.NXTT,cache/market_breadth/prices/US.NXTT.json,14775,24a5d56abab4c58471a98f906d0e2f57f36625fe3cd6fe193024eedc039ebf19,cache/market_breadth/members/nasdaq.json;cache/market_breadth/snapshots/nasdaq.json,Composite business still references; approval required before archive
US.NXXT,cache/market_breadth/prices/US.NXXT.json,14287,3e4e91a5bce7b04b3411512235cc86a23e0f5e2deff5f6460e600e0d09f2ed39,cache/market_breadth/members/nasdaq.json;cache/market_breadth/snapshots/nasdaq.json,Composite business still references; approval required before archive
US.NYAX,cache/market_breadth/prices/US.NYAX.json,14545,94c706a620bfbe05818c985c283f4a0c7677573d523082d0fe02e84f1b8d7001,cache/market_breadth/members/nasdaq.json;cache/market_breadth/snapshots/nasdaq.json,Composite business still references; approval required before archive
US.NYXH,cache/market_breadth/prices/US.NYXH.json,14119,e2aab7d7f7680989c9da3be1fa70b5dfae0bc1fb0f9a7b277c7eb736c3e84de8,cache/market_breadth/members/nasdaq.json;cache/market_breadth/snapshots/nasdaq.json,Composite business still references; approval required before archive
US.OABI,cache/market_breadth/prices/US.OABI.json,14106,a9c8cc7f1182afdfb3c20cedbf946fd6e2dec33d5bbf6db20aadd981c520ef32,cache/market_breadth/members/nasdaq.json;cache/market_breadth/snapshots/nasdaq.json,Composite business still references; approval required before archive
US.OACC,cache/market_breadth/prices/US.OACC.json,11941,99adf27d1cdca3c29d09eaa91709c86e8378797ab2db4b17d02406829d99d133,cache/market_breadth/members/nasdaq.json;cache/market_breadth/snapshots/nasdaq.json,Composite business still references; approval required before archive
US.OBA,cache/market_breadth/prices/US.OBA.json,5849,49b1cc7751dddeaeb25a393410a891cbc3a73340c253964eeff9da3bce4f4a77,cache/market_breadth/members/nasdaq.json;cache/market_breadth/snapshots/nasdaq.json,Composite business still references; approval required before archive
US.OBAI,cache/market_breadth/prices/US.OBAI.json,6032,a82944bbd8c760e6d955ba001daaa590ffb9cd89e0a7a884d7928d2c12a91ce1,cache/market_breadth/members/nasdaq.json;cache/market_breadth/snapshots/nasdaq.json,Composite business still references; approval required before archive
US.OBIO,cache/market_breadth/prices/US.OBIO.json,14108,47715fb65b51dcf3aac3fff40f15b1b87ca4fc28b59db0563a59fdc4646026ab,cache/market_breadth/members/nasdaq.json;cache/market_breadth/snapshots/nasdaq.json,Composite business still references; approval required before archive
US.OBT,cache/market_breadth/prices/US.OBT.json,14516,f9d6f395a9e6ec3ed8135b3b6cd06c7f8b74990aa901beb250200866807a172b,cache/market_breadth/members/nasdaq.json;cache/market_breadth/snapshots/nasdaq.json,Composite business still references; approval required before archive
US.OBX,cache/market_breadth/prices/US.OBX.json,1535,bd3cf661649e0baa4494decdd7d9094d6e4b5c75cf45fc9cf7bfbb3b26e05283,cache/market_breadth/members/nasdaq.json;cache/market_breadth/snapshots/nasdaq.json,Composite business still references; approval required before archive
US.OCC,cache/market_breadth/prices/US.OCC.json,14224,81ff00dece325f7245fde1e6f474eb2bbfe9dedbf313dcffc143f14d4ff05ddf,cache/market_breadth/members/nasdaq.json;cache/market_breadth/snapshots/nasdaq.json,Composite business still references; approval required before archive
US.OCFC,cache/market_breadth/prices/US.OCFC.json,14506,bfba55c2ac0f05e3c134ce92613f6df20ef81c895f653a67ec6f65f0a7b13eed,cache/market_breadth/members/nasdaq.json;cache/market_breadth/snapshots/nasdaq.json,Composite business still references; approval required before archive
US.OCG,cache/market_breadth/prices/US.OCG.json,14843,d4e0c27a9fd58d70b2b2ab4d9929dd1e6bb520a568182063141cd1ea914b9aeb,cache/market_breadth/members/nasdaq.json;cache/market_breadth/snapshots/nasdaq.json,Composite business still references; approval required before archive
US.OCGN,cache/market_breadth/prices/US.OCGN.json,14268,38226789146a396c537f55d73ed0777942e1ff93dcae61ecf1b2096fb02d00be,cache/market_breadth/members/nasdaq.json;cache/market_breadth/snapshots/nasdaq.json,Composite business still references; approval required before archive
US.OCLT,cache/market_breadth/prices/US.OCLT.json,565,0e97f113b727e5d1cac3bf8f33628e75166417791e93167509114535287336cf,cache/market_breadth/members/nasdaq.json;cache/market_breadth/snapshots/nasdaq.json,Composite business still references; approval required before archive
US.OCS,cache/market_breadth/prices/US.OCS.json,14494,8154fdf83358cbef9ffd6a53677360103050dda04924daa7cf8149e78c5da358,cache/market_breadth/members/nasdaq.json;cache/market_breadth/snapshots/nasdaq.json,Composite business still references; approval required before archive
US.OCTV,cache/market_breadth/prices/US.OCTV.json,3196,f7024b56aa1633251c1f335e4b8907a792688bf14da7bd5f00c0825f35780ef8,cache/market_breadth/members/nasdaq.json;cache/market_breadth/snapshots/nasdaq.json,Composite business still references; approval required before archive
US.OCUL,cache/market_breadth/prices/US.OCUL.json,14291,808cfc81e33b65b86ec34187de00638c25e31630b93d1424333b1b0e5c09dff4,cache/market_breadth/members/nasdaq.json;cache/market_breadth/snapshots/nasdaq.json,Composite business still references; approval required before archive
US.ODD,cache/market_breadth/prices/US.ODD.json,14516,5f6f10be9494989056bba7b5b3d39f1d5ee60cb971d4a82ddf606f31e06e8305,cache/market_breadth/members/nasdaq.json;cache/market_breadth/snapshots/nasdaq.json,Composite business still references; approval required before archive
US.ODTX,cache/market_breadth/prices/US.ODTX.json,3667,05f7203831ff52ee2185a0a1633cdf6be10ce7da9ad8994442d13ea2fb06c6e4,cache/market_breadth/members/nasdaq.json;cache/market_breadth/snapshots/nasdaq.json,Composite business still references; approval required before archive
US.ODYS,cache/market_breadth/prices/US.ODYS.json,14136,2448ec06fee9d333925413d2592274522dc2a7d486400008ee0b798e4b3e2bbb,cache/market_breadth/members/nasdaq.json;cache/market_breadth/snapshots/nasdaq.json,Composite business still references; approval required before archive
US.OESX,cache/market_breadth/prices/US.OESX.json,14346,f373ad18132598748cdf61294da081f7820362d09edefe783317e4b9851b0035,cache/market_breadth/members/nasdaq.json;cache/market_breadth/snapshots/nasdaq.json,Composite business still references; approval required before archive
US.OFAL,cache/market_breadth/prices/US.OFAL.json,12326,360319346dbffe97a20042b3c2a5289c1e3d2258f5466025cebd40ba81c0fb55,cache/market_breadth/members/nasdaq.json;cache/market_breadth/snapshots/nasdaq.json,Composite business still references; approval required before archive
US.OFIX,cache/market_breadth/prices/US.OFIX.json,14444,b871d69cd30b422056c6d03bf7162fae6681228760644afd4bf92d5338282f73,cache/market_breadth/members/nasdaq.json;cache/market_breadth/snapshots/nasdaq.json,Composite business still references; approval required before archive
US.OFLX,cache/market_breadth/prices/US.OFLX.json,14522,62709f4121a7a73a1fbb44653a13a9381f9f9c475ffc50706c33be09bfae7007,cache/market_breadth/members/nasdaq.json;cache/market_breadth/snapshots/nasdaq.json,Composite business still references; approval required before archive
US.OGI,cache/market_breadth/prices/US.OGI.json,14195,1296990593347b96cb1a2f1fdbd32fe9123dc8bf4a368176a8f9dac2bdf1948f,cache/market_breadth/members/nasdaq.json;cache/market_breadth/snapshots/nasdaq.json,Composite business still references; approval required before archive
US.OHAC,cache/market_breadth/prices/US.OHAC.json,2105,9f28b9300827da3342c9e2d286ff15b79681b05148f6f62d01301975e6977e7d,cache/market_breadth/members/nasdaq.json;cache/market_breadth/snapshots/nasdaq.json,Composite business still references; approval required before archive
US.OIG,cache/market_breadth/prices/US.OIG.json,10132,39ae44fc0d88a86b144d6bb731a7109fefb3046a109300d9b9e17c148f792821,cache/market_breadth/members/nasdaq.json;cache/market_breadth/snapshots/nasdaq.json,Composite business still references; approval required before archive
US.OIM,cache/market_breadth/prices/US.OIM.json,3445,bab8d387654a8750733e18b26c0aa5e59e49b54f09a1bf3655e12ca46a3deac8,cache/market_breadth/members/nasdaq.json;cache/market_breadth/snapshots/nasdaq.json,Composite business still references; approval required before archive
US.OIO,cache/market_breadth/prices/US.OIO.json,5050,190715ce81fa9fabf5dd8426d74b5e4900d61ca6059f467c18d5c955207d87f5,cache/market_breadth/members/nasdaq.json;cache/market_breadth/snapshots/nasdaq.json,Composite business still references; approval required before archive
US.OKTA,cache/market_breadth/prices/US.OKTA.json,14662,93812577a1e261795efe5238c91802eaf518a92b81ea555c522c961622f0185f,cache/market_breadth/members/nasdaq.json;cache/market_breadth/snapshots/nasdaq.json,Composite business still references; approval required before archive
US.OKUR,cache/market_breadth/prices/US.OKUR.json,14079,df9f91fe489d1f41107f5da956eb3bf2a781e5d83314996000da82b947ff2945,cache/market_breadth/members/nasdaq.json;cache/market_breadth/snapshots/nasdaq.json,Composite business still references; approval required before archive
US.OKYO,cache/market_breadth/prices/US.OKYO.json,14144,52505a30c9e449bbccafe47b11dc7d487ea9b438da4c91e70b749d4473a5aa34,cache/market_breadth/members/nasdaq.json;cache/market_breadth/snapshots/nasdaq.json,Composite business still references; approval required before archive
US.OLB,cache/market_breadth/prices/US.OLB.json,14458,c84773279d341c8490024531fc12d5ca188746a1c357b984ecb7f710eb31930e,cache/market_breadth/members/nasdaq.json;cache/market_breadth/snapshots/nasdaq.json,Composite business still references; approval required before archive
US.OLED,cache/market_breadth/prices/US.OLED.json,14776,dd00095c92ec2ec18d34ade59f50d8f41371a4c3ee20e12e7957c48aaeb8d2bc,cache/market_breadth/members/nasdaq.json;cache/market_breadth/snapshots/nasdaq.json,Composite business still references; approval required before archive
US.OLLI,cache/market_breadth/prices/US.OLLI.json,14765,85e22b6b1ec1d40943b2a660227a4a504397f818374de7b3cae56432caf88f0f,cache/market_breadth/members/nasdaq.json;cache/market_breadth/snapshots/nasdaq.json,Composite business still references; approval required before archive
US.OLMA,cache/market_breadth/prices/US.OLMA.json,14323,5cf1df6a594bc9bcc6e115a61a9e04cb665f61121f731ea0de66a8fb7f9a61d6,cache/market_breadth/members/nasdaq.json;cache/market_breadth/snapshots/nasdaq.json,Composite business still references; approval required before archive
US.OLOX,cache/market_breadth/prices/US.OLOX.json,6197,2ab1f4d810c3ede39034a44a318c569ee93f738a61780a996d556ea6ed9b2381,cache/market_breadth/members/nasdaq.json;cache/market_breadth/snapshots/nasdaq.json,Composite business still references; approval required before archive
US.OM,cache/market_breadth/prices/US.OM.json,14299,f9d25f4ffb7b65b4a6db4334de84f2215c5c5d1d26e5f9fc1c29ca9a362f79ed,cache/market_breadth/members/nasdaq.json;cache/market_breadth/snapshots/nasdaq.json,Composite business still references; approval required before archive
US.OMAB,cache/market_breadth/prices/US.OMAB.json,15144,754e13d7447967b95f93e40be874c510a3a6414923c37eb0e3e125f1493f8bb6,cache/market_breadth/members/nasdaq.json;cache/market_breadth/snapshots/nasdaq.json,Composite business still references; approval required before archive
US.OMCL,cache/market_breadth/prices/US.OMCL.json,14489,e0cf20b50333d324b606fb0eda8b7b5f488f52594b1377987c0965b23b05c89f,cache/market_breadth/members/nasdaq.json;cache/market_breadth/snapshots/nasdaq.json,Composite business still references; approval required before archive
US.OMDA,cache/market_breadth/prices/US.OMDA.json,11952,2e2799f1fb7e0de8ef2ce2d22c5e353a3a7a5101b9b0e05bcdbe109a06197e62,cache/market_breadth/members/nasdaq.json;cache/market_breadth/snapshots/nasdaq.json,Composite business still references; approval required before archive
US.OMER,cache/market_breadth/prices/US.OMER.json,14305,1b294fcffc3dda506755e4bf7f036e9a196efb015d7372f7dbc4e02f319a8f6b,cache/market_breadth/members/nasdaq.json;cache/market_breadth/snapshots/nasdaq.json,Composite business still references; approval required before archive
US.OMEX,cache/market_breadth/prices/US.OMEX.json,14500,932f273c72f5404c15a6806aa1117a2af8e45d46335464a03d756594f7c6a311,cache/market_breadth/members/nasdaq.json;cache/market_breadth/snapshots/nasdaq.json,Composite business still references; approval required before archive
US.OMH,cache/market_breadth/prices/US.OMH.json,14322,fe9c1cac4ae30ca720ebcbd8fc1d04d9648319fe358869529b4acdcb2e06ba06,cache/market_breadth/members/nasdaq.json;cache/market_breadth/snapshots/nasdaq.json,Composite business still references; approval required before archive
US.OMSE,cache/market_breadth/prices/US.OMSE.json,12244,f5f0cd55e442f6894f4c118f05fc7538379a2a5465449299082a771e04ba2da1,cache/market_breadth/members/nasdaq.json;cache/market_breadth/snapshots/nasdaq.json,Composite business still references; approval required before archive
US.ON,cache/market_breadth/prices/US.ON.json,14543,025f4033e2378d118660f50eb336b09c2f3e5bcbc8079957613d639993d77efe,cache/market_breadth/members/nasdaq.json;cache/market_breadth/snapshots/nasdaq.json,Composite business still references; approval required before archive
US.ONB,cache/market_breadth/prices/US.ONB.json,14579,6f6be34f2b86b6a280f3311cf2cab0aec430d64fc083541527ee77994732d2ba,cache/market_breadth/members/nasdaq.json;cache/market_breadth/snapshots/nasdaq.json,Composite business still references; approval required before archive
US.ONC,cache/market_breadth/prices/US.ONC.json,14899,1aa54c9440d19700f1bd27f22b1ae62ee3755a9c09ccdbd758e58065d073c863,cache/market_breadth/members/nasdaq.json;cache/market_breadth/snapshots/nasdaq.json,Composite business still references; approval required before archive
US.ONCH,cache/market_breadth/prices/US.ONCH.json,8273,d9b1eb2ef35bd3c51282115fb0aa56aa9dcd77ff71069848f40649a0197e1b5b,cache/market_breadth/members/nasdaq.json;cache/market_breadth/snapshots/nasdaq.json,Composite business still references; approval required before archive
US.ONCO,cache/market_breadth/prices/US.ONCO.json,14579,4bd744e91e5d9d23f3d7a588e183455a1a847b9214e487f1b35f44eaec55415a,cache/market_breadth/members/nasdaq.json;cache/market_breadth/snapshots/nasdaq.json,Composite business still references; approval required before archive
US.ONCY,cache/market_breadth/prices/US.ONCY.json,14517,e168bedc1a107c7808ab0f0cf844a8fac1461b31520a5ec63a710e22aa38477c,cache/market_breadth/members/nasdaq.json;cache/market_breadth/snapshots/nasdaq.json,Composite business still references; approval required before archive
US.ONDS,cache/market_breadth/prices/US.ONDS.json,14298,0405f2655b64789fc788f05a0ed87b2becae828a7038e12a29c01da8333334a3,cache/market_breadth/members/nasdaq.json;cache/market_breadth/snapshots/nasdaq.json,Composite business still references; approval required before archive
US.ONEG,cache/market_breadth/prices/US.ONEG.json,14224,83ff0c75b4bda6bbfc301b79edc36cd70a4d1b3249bbbd45db49161569b21a1c,cache/market_breadth/members/nasdaq.json;cache/market_breadth/snapshots/nasdaq.json,Composite business still references; approval required before archive
US.ONEN,cache/market_breadth/prices/US.ONEN.json,17592,5709193db25242a1de97939f7f4fd5eef7b62eba39161a5e3a1ceb782f998b71,cache/market_breadth/members/nasdaq.json;cache/market_breadth/snapshots/nasdaq.json,Composite business still references; approval required before archive
US.ONEW,cache/market_breadth/prices/US.ONEW.json,14477,0c1abfa47bef02b7b1b1879e2fa99d9375a0e6890739d25f89f65a6ce9f69a38,cache/market_breadth/members/nasdaq.json;cache/market_breadth/snapshots/nasdaq.json,Composite business still references; approval required before archive
US.ONFO,cache/market_breadth/prices/US.ONFO.json,14385,561c7c17879d3b7901abb8ce2d0de38f7dbcc1fb0ab7715d116fc2772cf3bea7,cache/market_breadth/members/nasdaq.json;cache/market_breadth/snapshots/nasdaq.json,Composite business still references; approval required before archive
US.ONMD,cache/market_breadth/prices/US.ONMD.json,14269,968c7dead0e352f45246ed2e3b4b277523597193cc7ff105ea0453424c3a844a,cache/market_breadth/members/nasdaq.json;cache/market_breadth/snapshots/nasdaq.json,Composite business still references; approval required before archive
US.OPAD,cache/market_breadth/prices/US.OPAD.json,14156,5b6fa515a99a83173ab9ee4544c8cfffbeb1559c87fe3ef0dcf78e95b35d1258,cache/market_breadth/members/nasdaq.json;cache/market_breadth/snapshots/nasdaq.json,Composite business still references; approval required before archive
US.OPAL,cache/market_breadth/prices/US.OPAL.json,14116,d771cf517d4b5548943a2f229be92152af1ebe81a2a6c60c4779f764acd9bcdb,cache/market_breadth/members/nasdaq.json;cache/market_breadth/snapshots/nasdaq.json,Composite business still references; approval required before archive
US.OPBK,cache/market_breadth/prices/US.OPBK.json,14508,79b64242fd48132f0aa6bac03cfe89aedbab99767b6196d2009f0e9e0107aec6,cache/market_breadth/members/nasdaq.json;cache/market_breadth/snapshots/nasdaq.json,Composite business still references; approval required before archive
US.OPCH,cache/market_breadth/prices/US.OPCH.json,14503,acafdf0cb692eb52c53661567c38b7d031960f5538b46f71a94a9327075abe0c,cache/market_breadth/members/nasdaq.json;cache/market_breadth/snapshots/nasdaq.json,Composite business still references; approval required before archive
US.OPEN,cache/market_breadth/prices/US.OPEN.json,14242,a7682eb62bf1760b698c7d160ed3dad5e20dbbea05460da5ae63b3350ad5f6e1,cache/market_breadth/members/nasdaq.json;cache/market_breadth/snapshots/nasdaq.json,Composite business still references; approval required before archive
US.OPI,cache/market_breadth/prices/US.OPI.json,14493,2e198b118c95a6a4d5cbca7f78b3d0ad45b41af90b5bf12377a46b20cf644262,cache/market_breadth/members/nasdaq.json;cache/market_breadth/snapshots/nasdaq.json,Composite business still references; approval required before archive
US.OPK,cache/market_breadth/prices/US.OPK.json,14111,264210261573bf2fdf2b6e48fec8ce0e93569587d11b24b338c8aca5ef056672,cache/market_breadth/members/nasdaq.json;cache/market_breadth/snapshots/nasdaq.json,Composite business still references; approval required before archive
US.OPRA,cache/market_breadth/prices/US.OPRA.json,14509,f77f17be9d9084c97baf858736e3b8528e2bd6320784d1450f45ba7cf0687d79,cache/market_breadth/members/nasdaq.json;cache/market_breadth/snapshots/nasdaq.json,Composite business still references; approval required before archive
US.OPRT,cache/market_breadth/prices/US.OPRT.json,14106,09f8353102fb39aeba23ff29bbcca86ac5189f8975f778f9fab92c145c2c931c,cache/market_breadth/members/nasdaq.json;cache/market_breadth/snapshots/nasdaq.json,Composite business still references; approval required before archive
US.OPRX,cache/market_breadth/prices/US.OPRX.json,14298,d68e176a40384a52c4d6eb75bb62320cf1149d8292f55c9c03e3ae87f1639511,cache/market_breadth/members/nasdaq.json;cache/market_breadth/snapshots/nasdaq.json,Composite business still references; approval required before archive
US.OPTH,cache/market_breadth/prices/US.OPTH.json,3293,2e42004bf99f1f0da33d3ea3c83e334547a44bb266545048fc4426f90d012e46,cache/market_breadth/members/nasdaq.json;cache/market_breadth/snapshots/nasdaq.json,Composite business still references; approval required before archive
US.OPTX,cache/market_breadth/prices/US.OPTX.json,14156,a6c085d026716796188c3a2c494cc0842bcd1bdc85aa7d790da9b55b8db8ecd7,cache/market_breadth/members/nasdaq.json;cache/market_breadth/snapshots/nasdaq.json,Composite business still references; approval required before archive
US.OPXS,cache/market_breadth/prices/US.OPXS.json,14457,59fb573c7139a6dcd9410fe9f852ef9898dccadd7cf7d9c32434713c2e18a86c,cache/market_breadth/members/nasdaq.json;cache/market_breadth/snapshots/nasdaq.json,Composite business still references; approval required before archive
US.ORBS,cache/market_breadth/prices/US.ORBS.json,14382,cd9623bd6127803943995b8fef020b5bcfe68fb9aec79ef24fcd9ebfd79c3f48,cache/market_breadth/members/nasdaq.json;cache/market_breadth/snapshots/nasdaq.json,Composite business still references; approval required before archive
US.ORGO,cache/market_breadth/prices/US.ORGO.json,14115,4ba49b715720037b2cdfeb64c9dd4d75a90304243144b3f50f08325dc9f52ab9,cache/market_breadth/members/nasdaq.json;cache/market_breadth/snapshots/nasdaq.json,Composite business still references; approval required before archive
US.ORIC,cache/market_breadth/prices/US.ORIC.json,14333,b37c87e540a8013cae7b675a8b4105b35a2f9af618ab82f495669610ec6ec83f,cache/market_breadth/members/nasdaq.json;cache/market_breadth/snapshots/nasdaq.json,Composite business still references; approval required before archive
US.ORIO,cache/market_breadth/prices/US.ORIO.json,6743,8d43411291da7f52c2a76eb18a67b7ca61eb765aba121bc4b5aa057be4eed8e1,cache/market_breadth/members/nasdaq.json;cache/market_breadth/snapshots/nasdaq.json,Composite business still references; approval required before archive
US.ORIQ,cache/market_breadth/prices/US.ORIQ.json,5366,3b599f5cf780dd21b00909ff10aa3ff8d18d492d6f847f94a550d2213413aa66,cache/market_breadth/members/nasdaq.json;cache/market_breadth/snapshots/nasdaq.json,Composite business still references; approval required before archive
US.ORKA,cache/market_breadth/prices/US.ORKA.json,14486,b125545b127b0d81f1ad343d2e0e84e99fc944b60e515a9b2e1a12acadcc6550,cache/market_breadth/members/nasdaq.json;cache/market_breadth/snapshots/nasdaq.json,Composite business still references; approval required before archive
US.ORKT,cache/market_breadth/prices/US.ORKT.json,14377,94b96114642649727a5682270a83a48e4a16a8ea3e863d139f5a291d0af852f2,cache/market_breadth/members/nasdaq.json;cache/market_breadth/snapshots/nasdaq.json,Composite business still references; approval required before archive
US.ORMP,cache/market_breadth/prices/US.ORMP.json,14107,9a6247523778418fef6dd7ab58ad108b3b83c0ee55478e655cb685efa82033f7,cache/market_breadth/members/nasdaq.json;cache/market_breadth/snapshots/nasdaq.json,Composite business still references; approval required before archive
US.ORRF,cache/market_breadth/prices/US.ORRF.json,14515,3ad46417b7d497ff8ef98fda5491709f15ed405aa17c1943f49937abf60381d2,cache/market_breadth/members/nasdaq.json;cache/market_breadth/snapshots/nasdaq.json,Composite business still references; approval required before archive
US.OSBC,cache/market_breadth/prices/US.OSBC.json,14515,2a13c5747ea01669307a8ca94ee268eb1e1a965df6fdc0c88246c9fb1ee88fcb,cache/market_breadth/members/nasdaq.json;cache/market_breadth/snapshots/nasdaq.json,Composite business still references; approval required before archive
US.OSIS,cache/market_breadth/prices/US.OSIS.json,14902,62e991086c55bebe785e50aca648a1fc486e98842fb7536491a69bbb7e224739,cache/market_breadth/members/nasdaq.json;cache/market_breadth/snapshots/nasdaq.json,Composite business still references; approval required before archive
US.OSPN,cache/market_breadth/prices/US.OSPN.json,14515,56bd80d1cd232677490550bba44c1ace5bb434d9ae06e2235de873b9f4176039,cache/market_breadth/members/nasdaq.json;cache/market_breadth/snapshots/nasdaq.json,Composite business still references; approval required before archive
US.OSPR,cache/market_breadth/prices/US.OSPR.json,7970,9f4706070be887067fac1433f4ab0916372978daf1480ff51aa5a10ea14f7380,cache/market_breadth/members/nasdaq.json;cache/market_breadth/snapshots/nasdaq.json,Composite business still references; approval required before archive
US.OSS,cache/market_breadth/prices/US.OSS.json,14226,df51b92fa1198ea3d1b461d5066658312540b857c3c615fb389d8714558842ee,cache/market_breadth/members/nasdaq.json;cache/market_breadth/snapshots/nasdaq.json,Composite business still references; approval required before archive
US.OST,cache/market_breadth/prices/US.OST.json,14580,421e6916e014a6bf4c5f43acddca87b5d5fef675fcb9c45a9c9688d360c4f339,cache/market_breadth/members/nasdaq.json;cache/market_breadth/snapshots/nasdaq.json,Composite business still references; approval required before archive
US.OSUR,cache/market_breadth/prices/US.OSUR.json,14109,c95f477b03cb540fd3c5a1cc10e99932067170e717cc6aacc3fd119901080310,cache/market_breadth/members/nasdaq.json;cache/market_breadth/snapshots/nasdaq.json,Composite business still references; approval required before archive
US.OSW,cache/market_breadth/prices/US.OSW.json,14522,cb4001464fd746080acd91a2d849e2cf5a5b94b6f8789bfdf89e6ed213c75172,cache/market_breadth/members/nasdaq.json;cache/market_breadth/snapshots/nasdaq.json,Composite business still references; approval required before archive
US.OTEX,cache/market_breadth/prices/US.OTEX.json,14794,4bdf52c42cb3e4303c847781aa5061ae5b9fdb4b2207fa1864e1b7cc8412cd39,cache/market_breadth/members/nasdaq.json;cache/market_breadth/snapshots/nasdaq.json,Composite business still references; approval required before archive
US.OTGA,cache/market_breadth/prices/US.OTGA.json,7026,3f424e364ac8d1d91f4c16412a664c110080672318b30e8cd92eeb4753216a43,cache/market_breadth/members/nasdaq.json;cache/market_breadth/snapshots/nasdaq.json,Composite business still references; approval required before archive
US.OTLK,cache/market_breadth/prices/US.OTLK.json,14360,f7b7af5a848c3a0678014a12ebbb2cbe3a5cc5dc5df023e25ff21639416cb061,cache/market_breadth/members/nasdaq.json;cache/market_breadth/snapshots/nasdaq.json,Composite business still references; approval required before archive
US.OTLY,cache/market_breadth/prices/US.OTLY.json,14433,12c9696fa85066a2ebdbac703091c4de8f15e323abc5dae0b39dfdad006c349a,cache/market_breadth/members/nasdaq.json;cache/market_breadth/snapshots/nasdaq.json,Composite business still references; approval required before archive
US.OTTR,cache/market_breadth/prices/US.OTTR.json,14779,2eca949cfcf3afd1801f5bb5ab409f96687619199a6716ff0de1e774e08f6ae9,cache/market_breadth/members/nasdaq.json;cache/market_breadth/snapshots/nasdaq.json,Composite business still references; approval required before archive
US.OUST,cache/market_breadth/prices/US.OUST.json,14465,5ad5a53879df6a96e57a67576f21ff8d413bc2dcb6831a3da3509ccc742e91c9,cache/market_breadth/members/nasdaq.json;cache/market_breadth/snapshots/nasdaq.json,Composite business still references; approval required before archive
US.OVBC,cache/market_breadth/prices/US.OVBC.json,14516,d5fc33e057f2c66fb5d63ccc0840265694d3de31f5270346370829e4446a05d2,cache/market_breadth/members/nasdaq.json;cache/market_breadth/snapshots/nasdaq.json,Composite business still references; approval required before archive
US.OVID,cache/market_breadth/prices/US.OVID.json,14290,b1dbf6fc8eb0df821ac0845bff082ea0a478d58b2bbc4dee2e3a47b6227072ff,cache/market_breadth/members/nasdaq.json;cache/market_breadth/snapshots/nasdaq.json,Composite business still references; approval required before archive
US.OVLY,cache/market_breadth/prices/US.OVLY.json,14636,c9b93eb18545d48989cdcda033abbc79c1970dff98662cf0d34f27d520549ddb,cache/market_breadth/members/nasdaq.json;cache/market_breadth/snapshots/nasdaq.json,Composite business still references; approval required before archive
US.OWLS,cache/market_breadth/prices/US.OWLS.json,8472,014d1728a7a41b4aa7f202593c253b4798e56539ecb3d1b043ba703209dda63d,cache/market_breadth/members/nasdaq.json;cache/market_breadth/snapshots/nasdaq.json,Composite business still references; approval required before archive
US.OXBR,cache/market_breadth/prices/US.OXBR.json,14242,3c1d25e2af14f674b621d449db7923c624905e450cc3bdf61d0de3c4fd407130,cache/market_breadth/members/nasdaq.json;cache/market_breadth/snapshots/nasdaq.json,Composite business still references; approval required before archive
US.OYSE,cache/market_breadth/prices/US.OYSE.json,6382,11eb5373193a516aa515adcbbf35762946123a3762102834c4d48c9a4036cd3c,cache/market_breadth/members/nasdaq.json;cache/market_breadth/snapshots/nasdaq.json,Composite business still references; approval required before archive
US.OZK,cache/market_breadth/prices/US.OZK.json,14517,da25ee261f1a72ba6bf31e44a8624d4782371ff7d83247a3d1d7e0d22212a997,cache/market_breadth/members/nasdaq.json;cache/market_breadth/snapshots/nasdaq.json,Composite business still references; approval required before archive
US.PAAC,cache/market_breadth/prices/US.PAAC.json,14270,a94af262d36db0985ff1353648e68ba5209afacfda09b705c46d98dee1d23093,cache/market_breadth/members/nasdaq.json;cache/market_breadth/snapshots/nasdaq.json,Composite business still references; approval required before archive
US.PACB,cache/market_breadth/prices/US.PACB.json,14128,099312da4531b9a6e6d45a99ade914d7fd97a67e038ce41c4bdd448ef1b8cf44,cache/market_breadth/members/nasdaq.json;cache/market_breadth/snapshots/nasdaq.json,Composite business still references; approval required before archive
US.PACH,cache/market_breadth/prices/US.PACH.json,8081,d71c3fcaf8fba9b340f8e23b04c61aa90b454d8d1fac947f80ce98dbec973a86,cache/market_breadth/members/nasdaq.json;cache/market_breadth/snapshots/nasdaq.json,Composite business still references; approval required before archive
US.PAGP,cache/market_breadth/prices/US.PAGP.json,15198,d3734e99fff2b059bce0a77cf94611eb1615600a89db22d03ab4c321db864176,cache/market_breadth/members/nasdaq.json;cache/market_breadth/snapshots/nasdaq.json,Composite business still references; approval required before archive
US.PAHC,cache/market_breadth/prices/US.PAHC.json,14513,face7d5c84778cb1272a75b7870bc11d66710d552ce37a721caff57208c716fd,cache/market_breadth/members/nasdaq.json;cache/market_breadth/snapshots/nasdaq.json,Composite business still references; approval required before archive
US.PAL,cache/market_breadth/prices/US.PAL.json,14140,f7d616155561a11d78f240530fb00c3a106632a91407631c70690d1ea3913737,cache/market_breadth/members/nasdaq.json;cache/market_breadth/snapshots/nasdaq.json,Composite business still references; approval required before archive
US.PALI,cache/market_breadth/prices/US.PALI.json,14320,4651efaacd38ba00e7b3af0874b6b61a704809dc2ee624a890f5553b6bc8d574,cache/market_breadth/members/nasdaq.json;cache/market_breadth/snapshots/nasdaq.json,Composite business still references; approval required before archive
US.PALO,cache/market_breadth/prices/US.PALO.json,2611,5717bec953f145930e5aba5288d82dac492c094247b1b50e249e0baccdb8135b,cache/market_breadth/members/nasdaq.json;cache/market_breadth/snapshots/nasdaq.json,Composite business still references; approval required before archive
US.PAMT,cache/market_breadth/prices/US.PAMT.json,17505,41e9bab2c0a74bc14c6ec3d72fcb075412ad8b5f406836bb3716a9471d5a570c,cache/market_breadth/members/nasdaq.json;cache/market_breadth/snapshots/nasdaq.json,Composite business still references; approval required before archive
US.PANL,cache/market_breadth/prices/US.PANL.json,14109,acda31b4556b86d007b244ca0792f1862dbb3adad71dc3b9147e0070a91e6e67,cache/market_breadth/members/nasdaq.json;cache/market_breadth/snapshots/nasdaq.json,Composite business still references; approval required before archive
US.PARA,cache/market_breadth/prices/US.PARA.json,14445,d158ac8b394916deed2faa2ee833b5c99f6b78024572aec55821c9d63f768415,cache/market_breadth/members/nasdaq.json;cache/market_breadth/snapshots/nasdaq.json,Composite business still references; approval required before archive
US.PARK,cache/market_breadth/prices/US.PARK.json,7511,af99352f0a8830f32201de587324a63e6f033e81311e69a69cca64936c4652c9,cache/market_breadth/members/nasdaq.json;cache/market_breadth/snapshots/nasdaq.json,Composite business still references; approval required before archive
US.PASG,cache/market_breadth/prices/US.PASG.json,14217,665e292bf6544f00675b7573c7b50ea6e3b9df4836172e9c5c3cf7e4ba33068d,cache/market_breadth/members/nasdaq.json;cache/market_breadth/snapshots/nasdaq.json,Composite business still references; approval required before archive
US.PASW,cache/market_breadth/prices/US.PASW.json,9264,0478c5899cd576c0901589864c8db6d112347679570c5ba5c82364c415cbddf5,cache/market_breadth/members/nasdaq.json;cache/market_breadth/snapshots/nasdaq.json,Composite business still references; approval required before archive
US.PATK,cache/market_breadth/prices/US.PATK.json,14663,b37c10d00bbae9f3f01bdfa9072be01be9ab8ac93f145e29f202d33644f562ba,cache/market_breadth/members/nasdaq.json;cache/market_breadth/snapshots/nasdaq.json,Composite business still references; approval required before archive
US.PAVM,cache/market_breadth/prices/US.PAVM.json,14462,c4e1fdf6aa4566d94f7e833c0a15de8cc2c3ca0c044155e086986ecb9574410e,cache/market_breadth/members/nasdaq.json;cache/market_breadth/snapshots/nasdaq.json,Composite business still references; approval required before archive
US.PAVS,cache/market_breadth/prices/US.PAVS.json,15074,2ee0d757099d6c2db09d6b8e5f7136866cdffe4afe300debb09fd74740fafce5,cache/market_breadth/members/nasdaq.json;cache/market_breadth/snapshots/nasdaq.json,Composite business still references; approval required before archive
US.PAX,cache/market_breadth/prices/US.PAX.json,14931,2f0efc6b1bbd868f2ca106dcfacbe4e198a9c3a9fff504134a17b02f111db9f5,cache/market_breadth/members/nasdaq.json;cache/market_breadth/snapshots/nasdaq.json,Composite business still references; approval required before archive
US.PAYO,cache/market_breadth/prices/US.PAYO.json,14106,6788fcf015073b6381f89cf646d26e9bef0d856ea17ccd70054921a92dc0efab,cache/market_breadth/members/nasdaq.json;cache/market_breadth/snapshots/nasdaq.json,Composite business still references; approval required before archive
US.PAYP,cache/market_breadth/prices/US.PAYP.json,5099,7c5689a86a9d0e414fc7a72de5c1cd597eb0142d7c7c61d64094c31c911f8c22,cache/market_breadth/members/nasdaq.json;cache/market_breadth/snapshots/nasdaq.json,Composite business still references; approval required before archive
US.PAYS,cache/market_breadth/prices/US.PAYS.json,14161,974789533a98f0b67485023e61a0e3e6cbec48bcabdbb968a2c837db7b5c02f3,cache/market_breadth/members/nasdaq.json;cache/market_breadth/snapshots/nasdaq.json,Composite business still references; approval required before archive
US.PBAM,cache/market_breadth/prices/US.PBAM.json,1644,66f35a75e2864a4ed7e164a27948681291c4479e6537b626ac0b3edecf436bc7,cache/market_breadth/members/nasdaq.json;cache/market_breadth/snapshots/nasdaq.json,Composite business still references; approval required before archive
US.PBFS,cache/market_breadth/prices/US.PBFS.json,14498,57c998cc007323e8c095d72e90a01762dc9688088474e961df9e7d90bc6e80f0,cache/market_breadth/members/nasdaq.json;cache/market_breadth/snapshots/nasdaq.json,Composite business still references; approval required before archive
US.PBHC,cache/market_breadth/prices/US.PBHC.json,14511,492f85cfe80e72d7347be527463fda2769d781aacc6a7a13cc7707d0ec59df6e,cache/market_breadth/members/nasdaq.json;cache/market_breadth/snapshots/nasdaq.json,Composite business still references; approval required before archive
US.PBK,cache/market_breadth/prices/US.PBK.json,3104,e2d1b005c44402d425eaa368efeda5a18c25070ffdedc3bab78ab06600806300,cache/market_breadth/members/nasdaq.json;cache/market_breadth/snapshots/nasdaq.json,Composite business still references; approval required before archive
US.PBLS,cache/market_breadth/prices/US.PBLS.json,2877,3a8238ed69e452f39319a1e8a3012372f8d02dc6e20df0bc7378ac1ff7086b7d,cache/market_breadth/members/nasdaq.json;cache/market_breadth/snapshots/nasdaq.json,Composite business still references; approval required before archive
US.PBM,cache/market_breadth/prices/US.PBM.json,16475,332865d147043908b6983ace3ddcf3b117f62c4e6d07899422d4c318485a2bb8,cache/market_breadth/members/nasdaq.json;cache/market_breadth/snapshots/nasdaq.json,Composite business still references; approval required before archive
US.PBYI,cache/market_breadth/prices/US.PBYI.json,14116,240cd0a5d4839cdbb7fe90fd76a696fcf1aa716601b15b148d6ae0fc0c655e41,cache/market_breadth/members/nasdaq.json;cache/market_breadth/snapshots/nasdaq.json,Composite business still references; approval required before archive
US.PC,cache/market_breadth/prices/US.PC.json,14476,f2fd11ecc34c7844b78c27d21ad5d48eb66af993f55f7c6754975a1f4cfb0595,cache/market_breadth/members/nasdaq.json;cache/market_breadth/snapshots/nasdaq.json,Composite business still references; approval required before archive
US.PCAP,cache/market_breadth/prices/US.PCAP.json,9812,39b5193907a60af463f502bfb7d2b8da693a4d3e763c00aca0cc4c45a2461dbd,cache/market_breadth/members/nasdaq.json;cache/market_breadth/snapshots/nasdaq.json,Composite business still references; approval required before archive
US.PCB,cache/market_breadth/prices/US.PCB.json,14524,2f7a8a3f749e24bbd13c069a3cbcab7cf3f925ed7ec12935b397150dcd8564ec,cache/market_breadth/members/nasdaq.json;cache/market_breadth/snapshots/nasdaq.json,Composite business still references; approval required before archive
US.PCLA,cache/market_breadth/prices/US.PCLA.json,14368,679b620f955422dbae3174c2ef705a91daa191ce6bab3b8c31550c959d51620f,cache/market_breadth/members/nasdaq.json;cache/market_breadth/snapshots/nasdaq.json,Composite business still references; approval required before archive
US.PCRX,cache/market_breadth/prices/US.PCRX.json,14504,40ad42cc42cf7439e89e7553f0707f73db2727984a7ab7e2dc630bdc4f37bdbe,cache/market_breadth/members/nasdaq.json;cache/market_breadth/snapshots/nasdaq.json,Composite business still references; approval required before archive
US.PCSA,cache/market_breadth/prices/US.PCSA.json,14360,60282287b8c13c803804c342cc823e2c38b15714cf7a9af5db0ac3804c3496a8,cache/market_breadth/members/nasdaq.json;cache/market_breadth/snapshots/nasdaq.json,Composite business still references; approval required before archive
US.PCT,cache/market_breadth/prices/US.PCT.json,14258,4566710b690fa13c837ce6c8694ad5c24bc13e7a60d1d2669659ac1648dac2e0,cache/market_breadth/members/nasdaq.json;cache/market_breadth/snapshots/nasdaq.json,Composite business still references; approval required before archive
US.PCTY,cache/market_breadth/prices/US.PCTY.json,14903,bd01ca516770d30ec608aa4206bf40d142653f140670f174f26ffdf7647f98b7,cache/market_breadth/members/nasdaq.json;cache/market_breadth/snapshots/nasdaq.json,Composite business still references; approval required before archive
US.PCVX,cache/market_breadth/prices/US.PCVX.json,14504,7573af4d3619f91f35910ff6568690f43d4e177a406bc8cefc5dab46af3f2361,cache/market_breadth/members/nasdaq.json;cache/market_breadth/snapshots/nasdaq.json,Composite business still references; approval required before archive
US.PCYO,cache/market_breadth/prices/US.PCYO.json,14478,c84951c3febc1d57c156ba94988e9a3cb22235d1190d16278b3e4aaeccf1f319,cache/market_breadth/members/nasdaq.json;cache/market_breadth/snapshots/nasdaq.json,Composite business still references; approval required before archive
US.PDC,cache/market_breadth/prices/US.PDC.json,6230,b66d198116df1d22ac6157f6420a71ebf47f9b853b6cb90a0998262672e8e2af,cache/market_breadth/members/nasdaq.json;cache/market_breadth/snapshots/nasdaq.json,Composite business still references; approval required before archive
US.PDEX,cache/market_breadth/prices/US.PDEX.json,14880,4ee82553b31173aff801e8071518b63bda0a22cd92f05a10d548c9715d5e20e1,cache/market_breadth/members/nasdaq.json;cache/market_breadth/snapshots/nasdaq.json,Composite business still references; approval required before archive
US.PDFS,cache/market_breadth/prices/US.PDFS.json,14505,6c6e6b378ecc87fb0545ee2c96a1988c79a4583b7b7724e5a48fc987fd88c76e,cache/market_breadth/members/nasdaq.json;cache/market_breadth/snapshots/nasdaq.json,Composite business still references; approval required before archive
US.PDLB,cache/market_breadth/prices/US.PDLB.json,14506,f0e36527ab0ea3d94068ade621d2036b42c286cb0fe756fe83d1462a74c35124,cache/market_breadth/members/nasdaq.json;cache/market_breadth/snapshots/nasdaq.json,Composite business still references; approval required before archive
US.PDSB,cache/market_breadth/prices/US.PDSB.json,14462,3132b0f7d360881c31717a2a060b5658d54b5966ce406403e8fc54132ad1b899,cache/market_breadth/members/nasdaq.json;cache/market_breadth/snapshots/nasdaq.json,Composite business still references; approval required before archive
US.PDYN,cache/market_breadth/prices/US.PDYN.json,14118,84edcb889464098a02f83e5385331c14bfdffaa64f8ca203e59b26eae799189a,cache/market_breadth/members/nasdaq.json;cache/market_breadth/snapshots/nasdaq.json,Composite business still references; approval required before archive
US.PEBK,cache/market_breadth/prices/US.PEBK.json,14514,1f41f259e7dcb38cd68d2110e088e7671d1e752d64801238a494b38e029e2e72,cache/market_breadth/members/nasdaq.json;cache/market_breadth/snapshots/nasdaq.json,Composite business still references; approval required before archive
US.PEBO,cache/market_breadth/prices/US.PEBO.json,14510,c1d12f1f799b4e4a965fb28ed7116a298218d9478ddd4480245a1535b77ab15d,cache/market_breadth/members/nasdaq.json;cache/market_breadth/snapshots/nasdaq.json,Composite business still references; approval required before archive
US.PECE,cache/market_breadth/prices/US.PECE.json,2121,1215f1d4c5fb715fff07d721732642b9e805963acbd3f38b3100509eb34c30a0,cache/market_breadth/members/nasdaq.json;cache/market_breadth/snapshots/nasdaq.json,Composite business still references; approval required before archive
US.PECO,cache/market_breadth/prices/US.PECO.json,15214,1246c25f67b62189f3a67f1ce853f59b6af6994b13d46459008b298a70be5d5d,cache/market_breadth/members/nasdaq.json;cache/market_breadth/snapshots/nasdaq.json,Composite business still references; approval required before archive
US.PEGA,cache/market_breadth/prices/US.PEGA.json,14555,e6f7a0888c46af2782d5eb1842be8da7e6632a5d4782ddab9cd3095da6a20865,cache/market_breadth/members/nasdaq.json;cache/market_breadth/snapshots/nasdaq.json,Composite business still references; approval required before archive
US.PENG,cache/market_breadth/prices/US.PENG.json,14511,961925a34c83cf54410dfabaf31f06169316e9cd2ee4b3a4119026b09e345920,cache/market_breadth/members/nasdaq.json;cache/market_breadth/snapshots/nasdaq.json,Composite business still references; approval required before archive
US.PENN,cache/market_breadth/prices/US.PENN.json,14403,299a75b72068be3e5e703883cd53c0888fd092fb7c8e3cff7a9ddab25c94c094,cache/market_breadth/members/nasdaq.json;cache/market_breadth/snapshots/nasdaq.json,Composite business still references; approval required before archive
US.PEPG,cache/market_breadth/prices/US.PEPG.json,14121,8dc8e2ed101648c2e30ce242a2036bd6622e624f467367070c4f581b7ac8998d,cache/market_breadth/members/nasdaq.json;cache/market_breadth/snapshots/nasdaq.json,Composite business still references; approval required before archive
US.PERI,cache/market_breadth/prices/US.PERI.json,14194,444c03140772e4c1a76c25a179db2ce9fcc87e4e7788010a79bbc68e748619bc,cache/market_breadth/members/nasdaq.json;cache/market_breadth/snapshots/nasdaq.json,Composite business still references; approval required before archive
US.PESI,cache/market_breadth/prices/US.PESI.json,14413,0bfedcba9ccae14ee7a12f95bec1f8fc63ad3437702be6ae121541bedf2c2f15,cache/market_breadth/members/nasdaq.json;cache/market_breadth/snapshots/nasdaq.json,Composite business still references; approval required before archive
US.PETS,cache/market_breadth/prices/US.PETS.json,14108,fb1aa1140151b47d02dcf0b3a1012fbe553deb0597dd6701838871c2bf1d2fd7,cache/market_breadth/members/nasdaq.json;cache/market_breadth/snapshots/nasdaq.json,Composite business still references; approval required before archive
US.PETZ,cache/market_breadth/prices/US.PETZ.json,14326,d2c2e37a889a7eb6c59b9a0b4f1cf9ec7d0ba1892a88fdf5a822bcb43857c4e0,cache/market_breadth/members/nasdaq.json;cache/market_breadth/snapshots/nasdaq.json,Composite business still references; approval required before archive
US.PFAI,cache/market_breadth/prices/US.PFAI.json,12127,b60e0a5afcdaf0f9928599f656a79c11e0bd66fd62b9511a3f7be671d3bcc8b5,cache/market_breadth/members/nasdaq.json;cache/market_breadth/snapshots/nasdaq.json,Composite business still references; approval required before archive
US.PFG,cache/market_breadth/prices/US.PFG.json,14603,162a075bd8a8f4937e57c8399527f4501c740e2bc5a6f0aec4dc46bd84449896,cache/market_breadth/members/nasdaq.json;cache/market_breadth/snapshots/nasdaq.json,Composite business still references; approval required before archive
US.PFIS,cache/market_breadth/prices/US.PFIS.json,14915,71bfe575c091854345f9457320cb388bfcf3c43f39d67ea85d6f6046a8ab6c63,cache/market_breadth/members/nasdaq.json;cache/market_breadth/snapshots/nasdaq.json,Composite business still references; approval required before archive
US.PFSA,cache/market_breadth/prices/US.PFSA.json,11215,661fe69645dada8724ea14b906fb3b54ca35e3bfde90c9a11da480b4b7260170,cache/market_breadth/members/nasdaq.json;cache/market_breadth/snapshots/nasdaq.json,Composite business still references; approval required before archive
US.PFX,cache/market_breadth/prices/US.PFX.json,15217,b7338082051b2cac185da9eaa16a32906d46897bd0471a54fa865a796116ddbb,cache/market_breadth/members/nasdaq.json;cache/market_breadth/snapshots/nasdaq.json,Composite business still references; approval required before archive
US.PGAC,cache/market_breadth/prices/US.PGAC.json,5559,e590ab7a2cb0cad08d67e3656c28eaa5c6b629dc1a928c67ea1832f5ca50ada2,cache/market_breadth/members/nasdaq.json;cache/market_breadth/snapshots/nasdaq.json,Composite business still references; approval required before archive
US.PGC,cache/market_breadth/prices/US.PGC.json,14497,3074173a66ec6e1ce30f698449b74cb66303b66b820188049b1f282e0bd975c8,cache/market_breadth/members/nasdaq.json;cache/market_breadth/snapshots/nasdaq.json,Composite business still references; approval required before archive
US.PGEN,cache/market_breadth/prices/US.PGEN.json,14111,12996e1705787b484e44473b23b324bcc298aeb6e1afbc5958b916e3aba5d751,cache/market_breadth/members/nasdaq.json;cache/market_breadth/snapshots/nasdaq.json,Composite business still references; approval required before archive
US.PGNY,cache/market_breadth/prices/US.PGNY.json,14503,32b55c1076cee083e2cee2056dc592ef918db81d0adba048a1ce47dc155f4d61,cache/market_breadth/members/nasdaq.json;cache/market_breadth/snapshots/nasdaq.json,Composite business still references; approval required before archive
US.PGY,cache/market_breadth/prices/US.PGY.json,14497,94f47cc5a5c36895d2d2b719294ecf46ae72e5b19f8359eb4d754864829e2049,cache/market_breadth/members/nasdaq.json;cache/market_breadth/snapshots/nasdaq.json,Composite business still references; approval required before archive
US.PHAR,cache/market_breadth/prices/US.PHAR.json,14555,0bf64efce1a5b79d789006d4d96feeab743b28318564012b7d3518130c2d5503,cache/market_breadth/members/nasdaq.json;cache/market_breadth/snapshots/nasdaq.json,Composite business still references; approval required before archive
US.PHAT,cache/market_breadth/prices/US.PHAT.json,14363,8a22d5b15cade26400ab8148ccfd78c1a74e1acd815e63d4a2104193a6fb61ac,cache/market_breadth/members/nasdaq.json;cache/market_breadth/snapshots/nasdaq.json,Composite business still references; approval required before archive
US.PHIO,cache/market_breadth/prices/US.PHIO.json,14144,1784a1d3bdcf4c5cf351e7fe0f4022bbb080b9c1ca4ba972c28c228db95b72ed,cache/market_breadth/members/nasdaq.json;cache/market_breadth/snapshots/nasdaq.json,Composite business still references; approval required before archive
US.PHOE,cache/market_breadth/prices/US.PHOE.json,12042,4c6930d4f88dc5649823cfbfd196e7f70c55cb31bbc84339af24017afc42afdb,cache/market_breadth/members/nasdaq.json;cache/market_breadth/snapshots/nasdaq.json,Composite business still references; approval required before archive
US.PHOS,cache/market_breadth/prices/US.PHOS.json,1399,8363d36a08392132da9818d40734a13940fc8c6e83f42e7a4fcf0f3b9713f3cb,cache/market_breadth/members/nasdaq.json;cache/market_breadth/snapshots/nasdaq.json,Composite business still references; approval required before archive
US.PHUN,cache/market_breadth/prices/US.PHUN.json,14123,ece0f031a14b23cd3c7bc58ca2a936390618de181934d9f1ac8f30fdbb14e1aa,cache/market_breadth/members/nasdaq.json;cache/market_breadth/snapshots/nasdaq.json,Composite business still references; approval required before archive
US.PHVS,cache/market_breadth/prices/US.PHVS.json,14490,ee75745f56a211618d3c1bfa4c2565a50043a93c06290085ca089beeeee45f42,cache/market_breadth/members/nasdaq.json;cache/market_breadth/snapshots/nasdaq.json,Composite business still references; approval required before archive
US.PI,cache/market_breadth/prices/US.PI.json,14847,3739038bb0343edf1d034726aa58be3a5834f1d321dfd4f936f55324c4d9ab51,cache/market_breadth/members/nasdaq.json;cache/market_breadth/snapshots/nasdaq.json,Composite business still references; approval required before archive
US.PICS,cache/market_breadth/prices/US.PICS.json,6108,f58bcea4172f4bf67fbd3fa4cd02970dc21bee98e9d47ad6ef9d56a33bd3729b,cache/market_breadth/members/nasdaq.json;cache/market_breadth/snapshots/nasdaq.json,Composite business still references; approval required before archive
US.PIII,cache/market_breadth/prices/US.PIII.json,14234,25923fa301874ab604be6f55a8fe6432f873bb9ad2fec07ca74802aa2206f929,cache/market_breadth/members/nasdaq.json;cache/market_breadth/snapshots/nasdaq.json,Composite business still references; approval required before archive
US.PKBK,cache/market_breadth/prices/US.PKBK.json,14521,dd6aecae0fb61ea788a4d2308a07e846433b2760ef641e230a1140876f07f4c7,cache/market_breadth/members/nasdaq.json;cache/market_breadth/snapshots/nasdaq.json,Composite business still references; approval required before archive
US.PKOH,cache/market_breadth/prices/US.PKOH.json,14702,48394a9f5e079c995f5f4afe85d8672fb7c8778d83ba4ea0a3d6dd86013a0083,cache/market_breadth/members/nasdaq.json;cache/market_breadth/snapshots/nasdaq.json,Composite business still references; approval required before archive
US.PLAB,cache/market_breadth/prices/US.PLAB.json,14514,e3161e5a333bdbea5b129ed090a58bd24215e4b9255d0e1111f28478326b9afc,cache/market_breadth/members/nasdaq.json;cache/market_breadth/snapshots/nasdaq.json,Composite business still references; approval required before archive
US.PLAY,cache/market_breadth/prices/US.PLAY.json,14490,c5aa5684b15dad9caef005b2297d05651394a87c9f04822044f704559347d1cb,cache/market_breadth/members/nasdaq.json;cache/market_breadth/snapshots/nasdaq.json,Composite business still references; approval required before archive
US.PLBC,cache/market_breadth/prices/US.PLBC.json,14516,842b69809112adcd10814c8c57c5525c32055a62e7483463dcc60761cd1ef9af,cache/market_breadth/members/nasdaq.json;cache/market_breadth/snapshots/nasdaq.json,Composite business still references; approval required before archive
US.PLBL,cache/market_breadth/prices/US.PLBL.json,9420,b938227eaca667ca7b2bc9b9c4fd5e8a5c4d01c28dc4a435afc76c4c111f75e3,cache/market_breadth/members/nasdaq.json;cache/market_breadth/snapshots/nasdaq.json,Composite business still references; approval required before archive
US.PLBY,cache/market_breadth/prices/US.PLBY.json,14129,6570998a49a7a356ec3eb3c73d7e105a7ed72acfea63b034b68991a455ac85da,cache/market_breadth/members/nasdaq.json;cache/market_breadth/snapshots/nasdaq.json,Composite business still references; approval required before archive
US.PLCE,cache/market_breadth/prices/US.PLCE.json,14120,3bf08e8aab6940a9c4a4e6b1917c7dd2903e5f2481943e927fe192b6244e39be,cache/market_breadth/members/nasdaq.json;cache/market_breadth/snapshots/nasdaq.json,Composite business still references; approval required before archive
US.PLCI,cache/market_breadth/prices/US.PLCI.json,950,786d17f8fe5532154d7e90fa438af68be55e6fe05a4f8fa89e82cb62826a3d7d,cache/market_breadth/members/nasdaq.json;cache/market_breadth/snapshots/nasdaq.json,Composite business still references; approval required before archive
US.PLMK,cache/market_breadth/prices/US.PLMK.json,12137,01c569a755b772a9af0d94f8e82d442a23c9759a54b7ccd4a96045b6ecf65fa4,cache/market_breadth/members/nasdaq.json;cache/market_breadth/snapshots/nasdaq.json,Composite business still references; approval required before archive
US.PLMR,cache/market_breadth/prices/US.PLMR.json,14904,bfb27a6b62cb80e6509d782e3fa51da3d20fa90acc6f8600aef5b136d9608e50,cache/market_breadth/members/nasdaq.json;cache/market_breadth/snapshots/nasdaq.json,Composite business still references; approval required before archive
US.PLPC,cache/market_breadth/prices/US.PLPC.json,14914,da21211582a80c184fc025a19bde5542d8c2a7699416b413f6ad5bfc21572e17,cache/market_breadth/members/nasdaq.json;cache/market_breadth/snapshots/nasdaq.json,Composite business still references; approval required before archive
US.PLRX,cache/market_breadth/prices/US.PLRX.json,14128,165b8579cf71386a82600aef48216cc1e5bc58892660baca40ee04eabc00d99f,cache/market_breadth/members/nasdaq.json;cache/market_breadth/snapshots/nasdaq.json,Composite business still references; approval required before archive
US.PLRZ,cache/market_breadth/prices/US.PLRZ.json,14460,96420ccc09ebbc768d308c496770fd7fcae09ef1f68563179648d47aed662f09,cache/market_breadth/members/nasdaq.json;cache/market_breadth/snapshots/nasdaq.json,Composite business still references; approval required before archive
US.PLSE,cache/market_breadth/prices/US.PLSE.json,14510,96d7b0a27a2525b2a6e2312e6981bc85ded17fd9cda003f863615d7aa0888ad7,cache/market_breadth/members/nasdaq.json;cache/market_breadth/snapshots/nasdaq.json,Composite business still references; approval required before archive
US.PLSM,cache/market_breadth/prices/US.PLSM.json,5999,3eb4ce5c29617c70f2866da3d72b87b0d0ec8c610b51b3cdc2bd9b3b0089a5c0,cache/market_breadth/members/nasdaq.json;cache/market_breadth/snapshots/nasdaq.json,Composite business still references; approval required before archive
US.PLTK,cache/market_breadth/prices/US.PLTK.json,14117,2c8b084226c94c3de8f657c11b983246745c67331511a8303366d3ce0b85303c,cache/market_breadth/members/nasdaq.json;cache/market_breadth/snapshots/nasdaq.json,Composite business still references; approval required before archive
US.PLUG,cache/market_breadth/prices/US.PLUG.json,14188,40cba2fa982d383d0e0e61536fce25e94bc87c4564f4848a3fadfc3224ed9292,cache/market_breadth/members/nasdaq.json;cache/market_breadth/snapshots/nasdaq.json,Composite business still references; approval required before archive
US.PLUR,cache/market_breadth/prices/US.PLUR.json,14235,48421fe7b5bc6baf2edc072cf0a8e5e8d0e11f85bdc4745c7cb8bb1a2a5ef1ba,cache/market_breadth/members/nasdaq.json;cache/market_breadth/snapshots/nasdaq.json,Composite business still references; approval required before archive
US.PLUS,cache/market_breadth/prices/US.PLUS.json,14510,7c1ffbb4e1571215e525b4e32b40e8085315dde713812649e8f690c391afb089,cache/market_breadth/members/nasdaq.json;cache/market_breadth/snapshots/nasdaq.json,Composite business still references; approval required before archive
US.PLUT,cache/market_breadth/prices/US.PLUT.json,13220,c4a4adb0106ed96413ceae99250c6a9471453d47b196aedaf1b5742ec023d012,cache/market_breadth/members/nasdaq.json;cache/market_breadth/snapshots/nasdaq.json,Composite business still references; approval required before archive
US.PLXS,cache/market_breadth/prices/US.PLXS.json,14919,51523cf1298cbb0e4b98c55a032742358d429679e902825ffdd60841509b4611,cache/market_breadth/members/nasdaq.json;cache/market_breadth/snapshots/nasdaq.json,Composite business still references; approval required before archive
US.PLYX,cache/market_breadth/prices/US.PLYX.json,5909,46bb8ef8a5251fb3d81cde8a18492009d2dc0a058caaa298f509711809e14c78,cache/market_breadth/members/nasdaq.json;cache/market_breadth/snapshots/nasdaq.json,Composite business still references; approval required before archive
US.PMA,cache/market_breadth/prices/US.PMA.json,2138,ba7e05491e0d588f9a6c2851a5a1e9cee4c3f25827c674b4e84758d6b6900633,cache/market_breadth/members/nasdaq.json;cache/market_breadth/snapshots/nasdaq.json,Composite business still references; approval required before archive
US.PMAX,cache/market_breadth/prices/US.PMAX.json,14383,1215ce2657c3db34bd1793c191ee1b5dcd0e72515c8752471466428252b499e0,cache/market_breadth/members/nasdaq.json;cache/market_breadth/snapshots/nasdaq.json,Composite business still references; approval required before archive
US.PMCB,cache/market_breadth/prices/US.PMCB.json,14507,70ab9dccb1e8862cd0ea9635028297f4cf20772b02bb0b6ff3ce1a9a5e701ad7,cache/market_breadth/members/nasdaq.json;cache/market_breadth/snapshots/nasdaq.json,Composite business still references; approval required before archive
US.PMEC,cache/market_breadth/prices/US.PMEC.json,14422,f5662ed260335c6849b5ef4b84bb050d413c989a36c8905e4aefde8b3b6df32f,cache/market_breadth/members/nasdaq.json;cache/market_breadth/snapshots/nasdaq.json,Composite business still references; approval required before archive
US.PMN,cache/market_breadth/prices/US.PMN.json,14625,f7e3970e0adf9a3523ecf580395e458b46bd2a6a99810a79f02b8defffb7843e,cache/market_breadth/members/nasdaq.json;cache/market_breadth/snapshots/nasdaq.json,Composite business still references; approval required before archive
US.PMTR,cache/market_breadth/prices/US.PMTR.json,10793,915bb5808841ba9e700c44df7448ae0bca5ca28250397f837fc473e2c1c782d8,cache/market_breadth/members/nasdaq.json;cache/market_breadth/snapshots/nasdaq.json,Composite business still references; approval required before archive
US.PMTS,cache/market_breadth/prices/US.PMTS.json,14517,b57929f3b8a03c2b0dce3caceb6fc99874f933e0a497753fd8f8af39d46e557d,cache/market_breadth/members/nasdaq.json;cache/market_breadth/snapshots/nasdaq.json,Composite business still references; approval required before archive
US.PMVP,cache/market_breadth/prices/US.PMVP.json,14151,74bd9c20535f21fa5817411121e54df2a0d97c74936d7cc0d966823137a421fb,cache/market_breadth/members/nasdaq.json;cache/market_breadth/snapshots/nasdaq.json,Composite business still references; approval required before archive
US.PN,cache/market_breadth/prices/US.PN.json,14329,55c04d3bebf26aed6b0b2d058e1e915fc486425bd3c54be86d891f3740b21a2f,cache/market_breadth/members/nasdaq.json;cache/market_breadth/snapshots/nasdaq.json,Composite business still references; approval required before archive
US.PNBK,cache/market_breadth/prices/US.PNBK.json,14147,58c7436cfa1f95eee0dfd0866d690ca660b4837378f80547ccff1151cb60a7a0,cache/market_breadth/members/nasdaq.json;cache/market_breadth/snapshots/nasdaq.json,Composite business still references; approval required before archive
US.PNRG,cache/market_breadth/prices/US.PNRG.json,14880,8289bd1f197cdf89f4fde278799469b8511122ef46947b1241f1c318b1b828b0,cache/market_breadth/members/nasdaq.json;cache/market_breadth/snapshots/nasdaq.json,Composite business still references; approval required before archive
US.PNTG,cache/market_breadth/prices/US.PNTG.json,14490,d2051242f608fe866a163821ea9088c66af460d2f3516c42d44c5c155b238907,cache/market_breadth/members/nasdaq.json;cache/market_breadth/snapshots/nasdaq.json,Composite business still references; approval required before archive
US.POCI,cache/market_breadth/prices/US.POCI.json,14153,f7152e996614e5da560e6d173b48c097cc9cd1f0698915875e63c49f15b50eca,cache/market_breadth/members/nasdaq.json;cache/market_breadth/snapshots/nasdaq.json,Composite business still references; approval required before archive
US.PODC,cache/market_breadth/prices/US.PODC.json,14125,0d42e09c3f242d2ab9b240a9d6196439b08615e7265df51fe3feaec512deeedb,cache/market_breadth/members/nasdaq.json;cache/market_breadth/snapshots/nasdaq.json,Composite business still references; approval required before archive
US.PODD,cache/market_breadth/prices/US.PODD.json,14896,90cdb5855a80cf96d3943e41d0fe71bd1875462609321c31f5e4cfcfc89d3f20,cache/market_breadth/members/nasdaq.json;cache/market_breadth/snapshots/nasdaq.json,Composite business still references; approval required before archive
US.POET,cache/market_breadth/prices/US.POET.json,14162,251c34d6568858b094903b00dfb98cc1cfc1b6d197439e96b752f846f9c99577,cache/market_breadth/members/nasdaq.json;cache/market_breadth/snapshots/nasdaq.json,Composite business still references; approval required before archive
US.POLA,cache/market_breadth/prices/US.POLA.json,14189,2cc80c312b2714dedc4a91dbaccb4dcef017b3788e9a6655eb77870d44bc7efe,cache/market_breadth/members/nasdaq.json;cache/market_breadth/snapshots/nasdaq.json,Composite business still references; approval required before archive
US.POLE,cache/market_breadth/prices/US.POLE.json,14538,deac0f879a3bade4906f502b718213cb34fee66a202deffae9ddc5b818ac6ee2,cache/market_breadth/members/nasdaq.json;cache/market_breadth/snapshots/nasdaq.json,Composite business still references; approval required before archive
US.POM,cache/market_breadth/prices/US.POM.json,8992,433e2659c899a6e4ef7b592725652d14e0a450e33aaf0fa20a6dcfdc255d063e,cache/market_breadth/members/nasdaq.json;cache/market_breadth/snapshots/nasdaq.json,Composite business still references; approval required before archive
US.PONO,cache/market_breadth/prices/US.PONO.json,10606,cd15e2beacc28891d0d4844bcc23f8de9dab6a8784635f0e8cdcc90c47fa2242,cache/market_breadth/members/nasdaq.json;cache/market_breadth/snapshots/nasdaq.json,Composite business still references; approval required before archive
US.PONY,cache/market_breadth/prices/US.PONY.json,14390,f5c79f0df0ad35bdaa2944ef6cbd36f1fc0c03a2332bd7b0f990952a3430ff55,cache/market_breadth/members/nasdaq.json;cache/market_breadth/snapshots/nasdaq.json,Composite business still references; approval required before archive
US.POOL,cache/market_breadth/prices/US.POOL.json,14917,e9eee35d92d828d058de889ddf1f258bb2eac09a5f05022fdfc63f639e8f1427,cache/market_breadth/members/nasdaq.json;cache/market_breadth/snapshots/nasdaq.json,Composite business still references; approval required before archive
US.POWI,cache/market_breadth/prices/US.POWI.json,14579,5b760eaa0571f737ee220a213cf7b00ff7ba82938aae570975502414721efb1a,cache/market_breadth/members/nasdaq.json;cache/market_breadth/snapshots/nasdaq.json,Composite business still references; approval required before archive
US.POWL,cache/market_breadth/prices/US.POWL.json,15248,f8d0758dda4cf29c6ce8f81d5f03cffe43971a976db14ea1ae92393f2e2434d5,cache/market_breadth/members/nasdaq.json;cache/market_breadth/snapshots/nasdaq.json,Composite business still references; approval required before archive
US.POWW,cache/market_breadth/prices/US.POWW.json,14110,124902be5e6e483570b2afefa6b7af0619bc4054b5d3e689f1438f14faba6411,cache/market_breadth/members/nasdaq.json;cache/market_breadth/snapshots/nasdaq.json,Composite business still references; approval required before archive
US.PPBT,cache/market_breadth/prices/US.PPBT.json,14281,5e4bc4e0ea6c3a70d543cf038d20dffbe03d1bb8be432168983cd6225f071a1e,cache/market_breadth/members/nasdaq.json;cache/market_breadth/snapshots/nasdaq.json,Composite business still references; approval required before archive
US.PPC,cache/market_breadth/prices/US.PPC.json,14523,38d7db73b1fb246ecb07592eaef3fbb01544c5f485b8d95ab505dc16dc96d4b1,cache/market_breadth/members/nasdaq.json;cache/market_breadth/snapshots/nasdaq.json,Composite business still references; approval required before archive
US.PPCB,cache/market_breadth/prices/US.PPCB.json,10191,87ad16b483c4bf7f955a8ea1bff357c1ac43b1b76cbd4206fba0a9bb3853f2a1,cache/market_breadth/members/nasdaq.json;cache/market_breadth/snapshots/nasdaq.json,Composite business still references; approval required before archive
US.PPHC,cache/market_breadth/prices/US.PPHC.json,6154,81aa5d53e6249342287fba7e92a65f18a8ffde843a774abf4e0498cd387f041d,cache/market_breadth/members/nasdaq.json;cache/market_breadth/snapshots/nasdaq.json,Composite business still references; approval required before archive
US.PPIH,cache/market_breadth/prices/US.PPIH.json,14507,0bfdd09ed68e1bb2a0e71dad170a11e2f5063876037d7712bfccd3aaa59e4ff7,cache/market_breadth/members/nasdaq.json;cache/market_breadth/snapshots/nasdaq.json,Composite business still references; approval required before archive
US.PPLI,cache/market_breadth/prices/US.PPLI.json,3021,f2711971c4692853331803501e1c8db49cfc15cecfd6532174c8be18b18b14b0,cache/market_breadth/members/nasdaq.json;cache/market_breadth/snapshots/nasdaq.json,Composite business still references; approval required before archive
US.PPSI,cache/market_breadth/prices/US.PPSI.json,14126,0ab2299dcf94688a3cce4396d2f211e880dd610f8466b6037f550b930522429b,cache/market_breadth/members/nasdaq.json;cache/market_breadth/snapshots/nasdaq.json,Composite business still references; approval required before archive
US.PPTA,cache/market_breadth/prices/US.PPTA.json,14494,b9b1d13e8ff8f7c2ddefa59776c00a36f5b719a8ba0ed286f324a3c97439f98c,cache/market_breadth/members/nasdaq.json;cache/market_breadth/snapshots/nasdaq.json,Composite business still references; approval required before archive
US.PRAA,cache/market_breadth/prices/US.PRAA.json,14514,0df7a9455fbaa1eb0a8d42f392e828e12ff8661a56b79a34ca85695baf1e9c66,cache/market_breadth/members/nasdaq.json;cache/market_breadth/snapshots/nasdaq.json,Composite business still references; approval required before archive
US.PRAX,cache/market_breadth/prices/US.PRAX.json,14736,e62045eccc1bcb971e6fbe836c22c6a249af1fb04e6ceab4d406e6ca57835c13,cache/market_breadth/members/nasdaq.json;cache/market_breadth/snapshots/nasdaq.json,Composite business still references; approval required before archive
US.PRCH,cache/market_breadth/prices/US.PRCH.json,14337,9ce490e120e959f91d8ffff2d5e05925f2bea12f9f3daebabe0a25b26ecb208f,cache/market_breadth/members/nasdaq.json;cache/market_breadth/snapshots/nasdaq.json,Composite business still references; approval required before archive
US.PRCT,cache/market_breadth/prices/US.PRCT.json,14505,1d5281d2dd12c9b8e1e0cebb625b203b43f7137e453b90ca684a489f2c94901e,cache/market_breadth/members/nasdaq.json;cache/market_breadth/snapshots/nasdaq.json,Composite business still references; approval required before archive
US.PRDO,cache/market_breadth/prices/US.PRDO.json,14519,5fb840935f45e9e0d749a48585ff3857b097a1cc8eb924897eb1610f4d393d48,cache/market_breadth/members/nasdaq.json;cache/market_breadth/snapshots/nasdaq.json,Composite business still references; approval required before archive
US.PRE,cache/market_breadth/prices/US.PRE.json,14404,2f410e0503395a6d1e3ecd03271a19fc8c8ad101e6e2783acad0e36939bbc37e,cache/market_breadth/members/nasdaq.json;cache/market_breadth/snapshots/nasdaq.json,Composite business still references; approval required before archive
US.PRFX,cache/market_breadth/prices/US.PRFX.json,14225,878d4073d0746a2a4c407e4d8eaeecfe76b8c53200e08f87968165aa0f3fdc6c,cache/market_breadth/members/nasdaq.json;cache/market_breadth/snapshots/nasdaq.json,Composite business still references; approval required before archive
US.PRGS,cache/market_breadth/prices/US.PRGS.json,14522,07e58dd8e2b0ab4fc9dd89269254d653cfcc429d0c658ce8afcb7b1c125a30d6,cache/market_breadth/members/nasdaq.json;cache/market_breadth/snapshots/nasdaq.json,Composite business still references; approval required before archive
US.PRHI,cache/market_breadth/prices/US.PRHI.json,8952,1ffec1400bf706eb0683280c206a7452126ad0adbeed0676b9786fcea9079c32,cache/market_breadth/members/nasdaq.json;cache/market_breadth/snapshots/nasdaq.json,Composite business still references; approval required before archive
US.PRLD,cache/market_breadth/prices/US.PRLD.json,14302,8db850aebb5f7e810c3c28326de1196639ed4fab6598a8a9a49014512bc2078b,cache/market_breadth/members/nasdaq.json;cache/market_breadth/snapshots/nasdaq.json,Composite business still references; approval required before archive
US.PRME,cache/market_breadth/prices/US.PRME.json,14124,f560150a6afed224d56554bc4937edd87bc386c2b397d05118b617a84a14f993,cache/market_breadth/members/nasdaq.json;cache/market_breadth/snapshots/nasdaq.json,Composite business still references; approval required before archive
US.PROF,cache/market_breadth/prices/US.PROF.json,14126,54a0b18e4f703a4643004d28a8371a5af2714ae3046a35cdfe5d9cb2506954de,cache/market_breadth/members/nasdaq.json;cache/market_breadth/snapshots/nasdaq.json,Composite business still references; approval required before archive
US.PROK,cache/market_breadth/prices/US.PROK.json,14238,f834a8790464d855401c18b8111cca2744839e757674716e8113d9b73b51d0c3,cache/market_breadth/members/nasdaq.json;cache/market_breadth/snapshots/nasdaq.json,Composite business still references; approval required before archive
US.PROP,cache/market_breadth/prices/US.PROP.json,14296,5f90375709581c26a98d0ad66b5645acf9980fb98176cffb7629c2f4580a1d5d,cache/market_breadth/members/nasdaq.json;cache/market_breadth/snapshots/nasdaq.json,Composite business still references; approval required before archive
US.PROV,cache/market_breadth/prices/US.PROV.json,14542,29c46c305fd031ec0eb1c8881a9afcab1e352c058b504b46eee5523c240d94a5,cache/market_breadth/members/nasdaq.json;cache/market_breadth/snapshots/nasdaq.json,Composite business still references; approval required before archive
US.PRPL,cache/market_breadth/prices/US.PRPL.json,14805,66eccbefcc960761a462d9f100d27f49483659f5106f34c39099cf8e4e603726,cache/market_breadth/members/nasdaq.json;cache/market_breadth/snapshots/nasdaq.json,Composite business still references; approval required before archive
US.PRPO,cache/market_breadth/prices/US.PRPO.json,14501,d57a90ac421fbc3ddf659fab12002509e9d6b6f58d6903360cba0c5cfdcab0bd,cache/market_breadth/members/nasdaq.json;cache/market_breadth/snapshots/nasdaq.json,Composite business still references; approval required before archive
US.PRQR,cache/market_breadth/prices/US.PRQR.json,14114,12f5ef308621dd672f737cd681559ec56bd36c67202751e9ff3b58d6d2e325d2,cache/market_breadth/members/nasdaq.json;cache/market_breadth/snapshots/nasdaq.json,Composite business still references; approval required before archive
US.PRSO,cache/market_breadth/prices/US.PRSO.json,14503,1431c69d151dfb5ea12a265970a531b76021c712f1722e63715af15319f7f27f,cache/market_breadth/members/nasdaq.json;cache/market_breadth/snapshots/nasdaq.json,Composite business still references; approval required before archive
US.PRTA,cache/market_breadth/prices/US.PRTA.json,14230,3abe326d8bfda1d548d4a44edcfeeb70a7b87154fefe2b5835196d740d624dc7,cache/market_breadth/members/nasdaq.json;cache/market_breadth/snapshots/nasdaq.json,Composite business still references; approval required before archive
US.PRTH,cache/market_breadth/prices/US.PRTH.json,14121,2638a5c704dbb87a96b9e0974f139921816756fced5180cdcb6d6bee0b48a03e,cache/market_breadth/members/nasdaq.json;cache/market_breadth/snapshots/nasdaq.json,Composite business still references; approval required before archive
US.PRTS,cache/market_breadth/prices/US.PRTS.json,14317,1c6ee8c20f6985de633eba73565ad552cc2d20c7a2e42a62ee7a7df232b809e3,cache/market_breadth/members/nasdaq.json;cache/market_breadth/snapshots/nasdaq.json,Composite business still references; approval required before archive
US.PRVA,cache/market_breadth/prices/US.PRVA.json,14496,89f805301b8d4b9f5edbfa0a294f0a5b365807448f2b917a7fd2342fb0225a9f,cache/market_breadth/members/nasdaq.json;cache/market_breadth/snapshots/nasdaq.json,Composite business still references; approval required before archive
US.PRZO,cache/market_breadth/prices/US.PRZO.json,14446,b33176fe7d3201eb3a4983be6a5d8801152f43da8e35f4a6323091724e563d9b,cache/market_breadth/members/nasdaq.json;cache/market_breadth/snapshots/nasdaq.json,Composite business still references; approval required before archive
US.PSHG,cache/market_breadth/prices/US.PSHG.json,14168,a097f3267dc30999ad40a69c89a6acc18b75642702688a44f99319cfc03c7380,cache/market_breadth/members/nasdaq.json;cache/market_breadth/snapshots/nasdaq.json,Composite business still references; approval required before archive
US.PSIG,cache/market_breadth/prices/US.PSIG.json,14346,bbf99cd4b8c09f8f7a7b34712b5f75aa28ad111f74f92b7a3635d36dc4961ef7,cache/market_breadth/members/nasdaq.json;cache/market_breadth/snapshots/nasdaq.json,Composite business still references; approval required before archive
US.PSIX,cache/market_breadth/prices/US.PSIX.json,14529,ebcedefd3a1f3448a01c4ba2bd73985758b1143327b4bd85892da762e0711ff8,cache/market_breadth/members/nasdaq.json;cache/market_breadth/snapshots/nasdaq.json,Composite business still references; approval required before archive
US.PSKY,cache/market_breadth/prices/US.PSKY.json,10398,64214b0bdf6e5b2828ec5be2e12032fca724c9dbbf47eb80ebac50fd2ad3b451,cache/market_breadth/members/nasdaq.json;cache/market_breadth/snapshots/nasdaq.json,Composite business still references; approval required before archive
US.PSMT,cache/market_breadth/prices/US.PSMT.json,14861,35e4267442f9d74274ce4a3e503273e9d051cea11f26215b086646b55a3ed5b5,cache/market_breadth/members/nasdaq.json;cache/market_breadth/snapshots/nasdaq.json,Composite business still references; approval required before archive
US.PSNL,cache/market_breadth/prices/US.PSNL.json,14208,9ba77c3a21e3b00585f3ebd3e1f436e044d902ae34e9046ad45ef95ea8658478,cache/market_breadth/members/nasdaq.json;cache/market_breadth/snapshots/nasdaq.json,Composite business still references; approval required before archive
US.PSNY,cache/market_breadth/prices/US.PSNY.json,14436,3e187e52e29a7238c60463d1b5065174c0901351020e5b46c66d9030e02c8a2d,cache/market_breadth/members/nasdaq.json;cache/market_breadth/snapshots/nasdaq.json,Composite business still references; approval required before archive
US.PSNYW,cache/market_breadth/prices/US.PSNYW.json,14292,6d6af27747e7d90eaeb89248cf3cd58e650f3a39b47edd282294aeef557aec1b,cache/market_breadth/members/nasdaq.json;cache/market_breadth/snapshots/nasdaq.json,Composite business still references; approval required before archive
US.PSQL,cache/market_breadth/prices/US.PSQL.json,883,5e57719370b1c585c6eb4da7f9aa4022fbcaf7ce86d89b1925bc2e11342de251,cache/market_breadth/members/nasdaq.json;cache/market_breadth/snapshots/nasdaq.json,Composite business still references; approval required before archive
US.PTAC,cache/market_breadth/prices/US.PTAC.json,9789,f65165f120407d76c0fbb004ac88a21a9d0fc57fc24f0e466082492354641324,cache/market_breadth/members/nasdaq.json;cache/market_breadth/snapshots/nasdaq.json,Composite business still references; approval required before archive
US.PTC,cache/market_breadth/prices/US.PTC.json,14913,cb4d8c21f438ba00db777aa0af10ffdf0530e3cdd272074e1039c42e5be31ad8,cache/market_breadth/members/nasdaq.json;cache/market_breadth/snapshots/nasdaq.json,Composite business still references; approval required before archive
US.PTCT,cache/market_breadth/prices/US.PTCT.json,14506,ee75b4bc25696bbaefa9f3672eac8d69a5e1882cd1112996b544c22e7a406fa5,cache/market_breadth/members/nasdaq.json;cache/market_breadth/snapshots/nasdaq.json,Composite business still references; approval required before archive
US.PTEN,cache/market_breadth/prices/US.PTEN.json,14226,340c69d8f4097b7ab14f2aced6537f71678b9e46d63bc0866f5f63cc520b57eb,cache/market_breadth/members/nasdaq.json;cache/market_breadth/snapshots/nasdaq.json,Composite business still references; approval required before archive
US.PTGX,cache/market_breadth/prices/US.PTGX.json,14619,f1d1c2c9bc456039fb856d130ae8a50f00905a2e485f45d5ff4135e13050cfa0,cache/market_breadth/members/nasdaq.json;cache/market_breadth/snapshots/nasdaq.json,Composite business still references; approval required before archive
US.PTLE,cache/market_breadth/prices/US.PTLE.json,14420,4f1407cb00f1ea377872d2c73b5f5dc97a8840bdbd546ce6f4ea7a9a482e4b66,cache/market_breadth/members/nasdaq.json;cache/market_breadth/snapshots/nasdaq.json,Composite business still references; approval required before archive
US.PTLO,cache/market_breadth/prices/US.PTLO.json,14223,05c1b49f5722af0e411130a378c6a15c5ede453179a295e3e712a433021e35ef,cache/market_breadth/members/nasdaq.json;cache/market_breadth/snapshots/nasdaq.json,Composite business still references; approval required before archive
US.PTN,cache/market_breadth/prices/US.PTN.json,14435,af5e3b3121dadaf21e76635feb0967a926ef6e838c5ee2e68189e4ef8a8a5ce0,cache/market_breadth/members/nasdaq.json;cache/market_breadth/snapshots/nasdaq.json,Composite business still references; approval required before archive
US.PTON,cache/market_breadth/prices/US.PTON.json,14108,af826ca2b155c4b94df535a399cd04eea1d4c5e57edf929680fd3aaf656e0f30,cache/market_breadth/members/nasdaq.json;cache/market_breadth/snapshots/nasdaq.json,Composite business still references; approval required before archive
US.PTOR,cache/market_breadth/prices/US.PTOR.json,4466,54656ca438339a221c993fec6780a77b9a9989261b30630d3b69e5f5ff6dfb6b,cache/market_breadth/members/nasdaq.json;cache/market_breadth/snapshots/nasdaq.json,Composite business still references; approval required before archive
US.PTRN,cache/market_breadth/prices/US.PTRN.json,9372,9b5b5ef8898f5e82c75bc45451212d159dd8555770fd29284ebe4aaeca97efec,cache/market_breadth/members/nasdaq.json;cache/market_breadth/snapshots/nasdaq.json,Composite business still references; approval required before archive
US.PUBM,cache/market_breadth/prices/US.PUBM.json,14291,043aa5507959e2271621d120ff71a2eb0fa3ec5f62f683fdd7b079d6658d59da,cache/market_breadth/members/nasdaq.json;cache/market_breadth/snapshots/nasdaq.json,Composite business still references; approval required before archive
US.PULM,cache/market_breadth/prices/US.PULM.json,14170,34b4ec6321c27a16cff91f6dbcb2b2db3dd49c4cddd7a5bced9c63c96fb4194e,cache/market_breadth/members/nasdaq.json;cache/market_breadth/snapshots/nasdaq.json,Composite business still references; approval required before archive
US.PURR,cache/market_breadth/prices/US.PURR.json,7338,e853053c70c99917e9bf6de81de973e6399920d385d60e85e5337eace2f9931d,cache/market_breadth/members/nasdaq.json;cache/market_breadth/snapshots/nasdaq.json,Composite business still references; approval required before archive
US.PUSA,cache/market_breadth/prices/US.PUSA.json,3358,fbf9db63c2f983dda89ba0178a5221b56522bc439ceca3425fde692b916e928f,cache/market_breadth/members/nasdaq.json;cache/market_breadth/snapshots/nasdaq.json,Composite business still references; approval required before archive
US.PVLA,cache/market_breadth/prices/US.PVLA.json,14672,181a536eceea8923d3b0628fe2d898a02fe429ec4671933cdbeed3973991132e,cache/market_breadth/members/nasdaq.json;cache/market_breadth/snapshots/nasdaq.json,Composite business still references; approval required before archive
US.PWCM,cache/market_breadth/prices/US.PWCM.json,1830,c37b519befc11fa7b03333dc1d9433ee4eb4b14e23b1193aa7a04fada3f57a95,cache/market_breadth/members/nasdaq.json;cache/market_breadth/snapshots/nasdaq.json,Composite business still references; approval required before archive
US.PWP,cache/market_breadth/prices/US.PWP.json,14514,ea959d2a105653957d0274b38468007f2205ed5721a92d2cc74d3bad21c6665b,cache/market_breadth/members/nasdaq.json;cache/market_breadth/snapshots/nasdaq.json,Composite business still references; approval required before archive
US.PWRL,cache/market_breadth/prices/US.PWRL.json,3228,280005ddcec584957eddd9296c01353c871dfdd70edea8d68c955e25aad50eaf,cache/market_breadth/members/nasdaq.json;cache/market_breadth/snapshots/nasdaq.json,Composite business still references; approval required before archive
US.PXLW,cache/market_breadth/prices/US.PXLW.json,14278,d87018a5ff836690537e11f56c2d5f58a1fd49ae61113ca457a4fabf7ee24e5f,cache/market_breadth/members/nasdaq.json;cache/market_breadth/snapshots/nasdaq.json,Composite business still references; approval required before archive
US.PXS,cache/market_breadth/prices/US.PXS.json,14171,b0f0287c8fb0df6f48838c1e20cbdea418d7cd8cca37030d949fc0253c67937a,cache/market_breadth/members/nasdaq.json;cache/market_breadth/snapshots/nasdaq.json,Composite business still references; approval required before archive
US.PYPD,cache/market_breadth/prices/US.PYPD.json,14137,8cfdfd0ed39b0f625154d83c1d25929022f61d47c153bc004682c8b51cc8ba63,cache/market_breadth/members/nasdaq.json;cache/market_breadth/snapshots/nasdaq.json,Composite business still references; approval required before archive
US.PYXS,cache/market_breadth/prices/US.PYXS.json,14130,c2a1f70ed34e7ee58b4f58475be1200a049a940314c37e9621d7811f5e392d94,cache/market_breadth/members/nasdaq.json;cache/market_breadth/snapshots/nasdaq.json,Composite business still references; approval required before archive
US.PZZA,cache/market_breadth/prices/US.PZZA.json,14517,b39655229c45f6f3972381bdc1935f58581c7d3c183e91be1e4ea0eecb7270f7,cache/market_breadth/members/nasdaq.json;cache/market_breadth/snapshots/nasdaq.json,Composite business still references; approval required before archive
US.QADR,cache/market_breadth/prices/US.QADR.json,1687,610de4eda1b96ded933d67fbdf6e4e86f19c92b8fd99d8f55aa4f6c26f8e63c9,cache/market_breadth/members/nasdaq.json;cache/market_breadth/snapshots/nasdaq.json,Composite business still references; approval required before archive
US.QBTS,cache/market_breadth/prices/US.QBTS.json,14459,9ca1021532fb5e3de86f2f25b6f2e567c40f4ae350ec62abecebe448c5ad36f0,cache/market_breadth/members/nasdaq.json;cache/market_breadth/snapshots/nasdaq.json,Composite business still references; approval required before archive
US.QCLS,cache/market_breadth/prices/US.QCLS.json,8993,0970b0736b6011b2e4f01483593442418f878180b77ec89709b811e882c066a3,cache/market_breadth/members/nasdaq.json;cache/market_breadth/snapshots/nasdaq.json,Composite business still references; approval required before archive
US.QCRH,cache/market_breadth/prices/US.QCRH.json,14553,50ee216c37d7b091dd8985b2e5aef705de7a8b978bb7e76e11a67b8e62414498,cache/market_breadth/members/nasdaq.json;cache/market_breadth/snapshots/nasdaq.json,Composite business still references; approval required before archive
US.QDEL,cache/market_breadth/prices/US.QDEL.json,14515,89eead4b06bef0f7ea1d8c9779c801f62d65cc35141dd09c0e1a6ba9a3fcfe74,cache/market_breadth/members/nasdaq.json;cache/market_breadth/snapshots/nasdaq.json,Composite business still references; approval required before archive
US.QETA,cache/market_breadth/prices/US.QETA.json,12152,387c6acdf84ce45ccd5e18ba2e2e2e76b1fe2913a4b6bea66806b732347b06bb,cache/market_breadth/members/nasdaq.json;cache/market_breadth/snapshots/nasdaq.json,Composite business still references; approval required before archive
US.QFIN,cache/market_breadth/prices/US.QFIN.json,14489,ddd1d6855e9285b2212c9e4904437e5b528e1c7e8c3361245b59692d7b9029b9,cache/market_breadth/members/nasdaq.json;cache/market_breadth/snapshots/nasdaq.json,Composite business still references; approval required before archive
US.QH,cache/market_breadth/prices/US.QH.json,14462,cddf5d6c76bfc43cd6a2599e794a3e7585349acb4c3d0612d7f513aa42758364,cache/market_breadth/members/nasdaq.json;cache/market_breadth/snapshots/nasdaq.json,Composite business still references; approval required before archive
US.QLYS,cache/market_breadth/prices/US.QLYS.json,14850,d59cdf35d0e89615af29ce89d1e54860b832a847097244195d40c2464a8859f7,cache/market_breadth/members/nasdaq.json;cache/market_breadth/snapshots/nasdaq.json,Composite business still references; approval required before archive
US.QMCO,cache/market_breadth/prices/US.QMCO.json,14290,ad82629666920e162417dcc23d602f962396802d920f0421792e3a5d356eb16e,cache/market_breadth/members/nasdaq.json;cache/market_breadth/snapshots/nasdaq.json,Composite business still references; approval required before archive
US.QMLS,cache/market_breadth/prices/US.QMLS.json,1963,a36b9d994e8503ba56d66fe98df2cbb3b44a4449c235197bb5ee5c1ad20bfb48,cache/market_breadth/members/nasdaq.json;cache/market_breadth/snapshots/nasdaq.json,Composite business still references; approval required before archive
US.QNBC,cache/market_breadth/prices/US.QNBC.json,1112,0037bf7ead6a6f0d2ba52d7681a304e8686a7c2f91320c59cbab1f4e6c69690e,cache/market_breadth/members/nasdaq.json;cache/market_breadth/snapshots/nasdaq.json,Composite business still references; approval required before archive
US.QNCX,cache/market_breadth/prices/US.QNCX.json,14490,0225ab4d89a93c0cfa3ba5c4fa5aee19a50231aefe7fa9a4150c9c8e73fd2ccc,cache/market_breadth/members/nasdaq.json;cache/market_breadth/snapshots/nasdaq.json,Composite business still references; approval required before archive
US.QNME,cache/market_breadth/prices/US.QNME.json,1575,8fa3b993ddb743825a3b83a4a269d272e7cf2b7ffa968f44e64d03ce308e852d,cache/market_breadth/members/nasdaq.json;cache/market_breadth/snapshots/nasdaq.json,Composite business still references; approval required before archive
US.QNRX,cache/market_breadth/prices/US.QNRX.json,14277,3d315fde78207dbc8e71ef5cd2c2040208bc7ce286b3e9803e5fe3e5b2c5f43a,cache/market_breadth/members/nasdaq.json;cache/market_breadth/snapshots/nasdaq.json,Composite business still references; approval required before archive
US.QNST,cache/market_breadth/prices/US.QNST.json,14506,bc10aebc6be56fa1fd0a98ead2d0a431a13038cf36f69df150d474a3a443fc59,cache/market_breadth/members/nasdaq.json;cache/market_breadth/snapshots/nasdaq.json,Composite business still references; approval required before archive
US.QNT,cache/market_breadth/prices/US.QNT.json,3012,970acbe9006427fd72f2ccac9668d82b0fd40be51d63002c13cf0c06661ea962,cache/market_breadth/members/nasdaq.json;cache/market_breadth/snapshots/nasdaq.json,Composite business still references; approval required before archive
US.QNTM,cache/market_breadth/prices/US.QNTM.json,14236,c67f01a045c7de1dd16e383a9eb0024f84b135759da6b96b975dc6a3207559e4,cache/market_breadth/members/nasdaq.json;cache/market_breadth/snapshots/nasdaq.json,Composite business still references; approval required before archive
US.QRHC,cache/market_breadth/prices/US.QRHC.json,14131,5119048434703f54ccd263ee985c70df5a42572797f5acfb17293c5cb310fc11,cache/market_breadth/members/nasdaq.json;cache/market_breadth/snapshots/nasdaq.json,Composite business still references; approval required before archive
US.QRVO,cache/market_breadth/prices/US.QRVO.json,14538,bc8b7c2a8f0bd3414e448bd021b5567932d9367d2ab87efd30da55a3125b238f,cache/market_breadth/members/nasdaq.json;cache/market_breadth/snapshots/nasdaq.json,Composite business still references; approval required before archive
US.QS,cache/market_breadth/prices/US.QS.json,14218,07b82f30b79911726850734c49d25625fd43c73577d4b5af64c9dd379e466e4f,cache/market_breadth/members/nasdaq.json;cache/market_breadth/snapshots/nasdaq.json,Composite business still references; approval required before archive
US.QSEA,cache/market_breadth/prices/US.QSEA.json,10067,1d2e5a0ee757df4e163ccb3ea5df2c1debbf81cf491c21075ddb082f2f62caec,cache/market_breadth/members/nasdaq.json;cache/market_breadth/snapshots/nasdaq.json,Composite business still references; approval required before archive
US.QSI,cache/market_breadth/prices/US.QSI.json,14350,f6a454ec9730a5ca0c711cbdeecb113be1f23cf7532929b586c38cbb3f15c220,cache/market_breadth/members/nasdaq.json;cache/market_breadth/snapshots/nasdaq.json,Composite business still references; approval required before archive
US.QTEX,cache/market_breadth/prices/US.QTEX.json,3352,5b8e2f7350454d31d97a86a2ab62a723936c873c879b6a82a0cafcbd8728f1f8,cache/market_breadth/members/nasdaq.json;cache/market_breadth/snapshots/nasdaq.json,Composite business still references; approval required before archive
US.QTI,cache/market_breadth/prices/US.QTI.json,14124,3b6eab8aa2d9d8d93644c9a4dfc33a6f3e741dce8b79a06f26af85a19edf95e0,cache/market_breadth/members/nasdaq.json;cache/market_breadth/snapshots/nasdaq.json,Composite business still references; approval required before archive
US.QTRX,cache/market_breadth/prices/US.QTRX.json,14108,12585040a65ab2e8fa5db5434b45520d03ecd8429d81bacdc4f6f166f1c55eab,cache/market_breadth/members/nasdaq.json;cache/market_breadth/snapshots/nasdaq.json,Composite business still references; approval required before archive
US.QTTB,cache/market_breadth/prices/US.QTTB.json,14194,6e431eef36a6f8429b2a32872f16e8460cc77f062d68c5f878019920081d19d0,cache/market_breadth/members/nasdaq.json;cache/market_breadth/snapshots/nasdaq.json,Composite business still references; approval required before archive
US.QUBT,cache/market_breadth/prices/US.QUBT.json,14320,d63a5828cde3f73d72d5ec3ab41b20e9d76f87df6913adb587af60591e2c3403,cache/market_breadth/members/nasdaq.json;cache/market_breadth/snapshots/nasdaq.json,Composite business still references; approval required before archive
US.QUCY,cache/market_breadth/prices/US.QUCY.json,5039,47f0b1b11f5ec6904a073d72ce6dfe4be332e71192b89a15ffc63feacf93afec,cache/market_breadth/members/nasdaq.json;cache/market_breadth/snapshots/nasdaq.json,Composite business still references; approval required before archive
US.QUIK,cache/market_breadth/prices/US.QUIK.json,14223,11aa0d40082f15a0283e83453147ff8ef0a1f81984600d291464feb29d389a16,cache/market_breadth/members/nasdaq.json;cache/market_breadth/snapshots/nasdaq.json,Composite business still references; approval required before archive
US.QUMS,cache/market_breadth/prices/US.QUMS.json,6091,58930c35515717d3f9e9e09b4519b6669910b756ae4f5a07990780dc38f8b104,cache/market_breadth/members/nasdaq.json;cache/market_breadth/snapshots/nasdaq.json,Composite business still references; approval required before archive
US.QURE,cache/market_breadth/prices/US.QURE.json,14494,8a02473690ecbb0d4c20135101ec458176ae72119a483adffb76300094679e5d,cache/market_breadth/members/nasdaq.json;cache/market_breadth/snapshots/nasdaq.json,Composite business still references; approval required before archive
US.QVCG,cache/market_breadth/prices/US.QVCG.json,1405,7cc21ab290063577966868cdf033cc4ebf1588ff324a252404c85d9660490c0a,cache/market_breadth/members/nasdaq.json;cache/market_breadth/snapshots/nasdaq.json,Composite business still references; approval required before archive
US.QXL,cache/market_breadth/prices/US.QXL.json,3774,0cbed493beedaef417af6003153f293eaf148693dade5c946800fcdd8e5c28de,cache/market_breadth/members/nasdaq.json;cache/market_breadth/snapshots/nasdaq.json,Composite business still references; approval required before archive
US.RACC,cache/market_breadth/prices/US.RACC.json,3192,ef1a7d2dd911ac1b3787acc0cbda0154ab954001b4113a0213d4441743011e89,cache/market_breadth/members/nasdaq.json;cache/market_breadth/snapshots/nasdaq.json,Composite business still references; approval required before archive
US.RACD,cache/market_breadth/prices/US.RACD.json,1867,39c1aa37d08872f9b07fede2690ad3e69db326b62cc9da998988e43aad0741f7,cache/market_breadth/members/nasdaq.json;cache/market_breadth/snapshots/nasdaq.json,Composite business still references; approval required before archive
US.RADX,cache/market_breadth/prices/US.RADX.json,14157,dc42c904410e85c5d5705e19ca2cdf33a6125a134c408cc4fc940310ee093785,cache/market_breadth/members/nasdaq.json;cache/market_breadth/snapshots/nasdaq.json,Composite business still references; approval required before archive
US.RAIL,cache/market_breadth/prices/US.RAIL.json,14176,00952b7624a085903ef39c2194bd22d4ecc829061fb8f914364544f75b249c77,cache/market_breadth/members/nasdaq.json;cache/market_breadth/snapshots/nasdaq.json,Composite business still references; approval required before archive
US.RAIN,cache/market_breadth/prices/US.RAIN.json,14236,db49f4e2e75f962f4fd9179579c3f9dd03cc7a76e460a8b4a54a4316d0d7aded,cache/market_breadth/members/nasdaq.json;cache/market_breadth/snapshots/nasdaq.json,Composite business still references; approval required before archive
US.RANG,cache/market_breadth/prices/US.RANG.json,9337,d3c8319434a14100dbee44d8f408f07a169e5a1fb34d150e567ebb3e23a4da4c,cache/market_breadth/members/nasdaq.json;cache/market_breadth/snapshots/nasdaq.json,Composite business still references; approval required before archive
US.RANI,cache/market_breadth/prices/US.RANI.json,14496,c965686d030c41f13ce14bde76c08ee957cd683490a2d12e46b718308429c28e,cache/market_breadth/members/nasdaq.json;cache/market_breadth/snapshots/nasdaq.json,Composite business still references; approval required before archive
US.RAPP,cache/market_breadth/prices/US.RAPP.json,14480,a093792b651bec224663519943c9c11686589332e4893246e55ca19b1af13410,cache/market_breadth/members/nasdaq.json;cache/market_breadth/snapshots/nasdaq.json,Composite business still references; approval required before archive
US.RARE,cache/market_breadth/prices/US.RARE.json,14502,1461c0d89498299e16a6546dfa6e0afcce5e906282e5ea0ba20923dbcefe35b9,cache/market_breadth/members/nasdaq.json;cache/market_breadth/snapshots/nasdaq.json,Composite business still references; approval required before archive
US.RAVE,cache/market_breadth/prices/US.RAVE.json,14138,692c585d640220c2267d2a39d96ea0d2be75cb7d0e9cc8e8fade6c70b7eeeff3,cache/market_breadth/members/nasdaq.json;cache/market_breadth/snapshots/nasdaq.json,Composite business still references; approval required before archive
US.RAYA,cache/market_breadth/prices/US.RAYA.json,14490,d392fd86ba595de1755a68f60a025c76bd4a627c9ef7aa97364ee2f5e63a2204,cache/market_breadth/members/nasdaq.json;cache/market_breadth/snapshots/nasdaq.json,Composite business still references; approval required before archive
US.RBB,cache/market_breadth/prices/US.RBB.json,14503,66cbe6578212ad7284c5ed38d6560128284e1a8452d5bdb320961e9045c6bc8c,cache/market_breadth/members/nasdaq.json;cache/market_breadth/snapshots/nasdaq.json,Composite business still references; approval required before archive
US.RBBN,cache/market_breadth/prices/US.RBBN.json,14119,5626117c97bb9563be648b79d2bcb36f5935d0e3fce11ddaf11a0034d0c72fb8,cache/market_breadth/members/nasdaq.json;cache/market_breadth/snapshots/nasdaq.json,Composite business still references; approval required before archive
US.RBCAA,cache/market_breadth/prices/US.RBCAA.json,14812,fb8770287d5e1c2385fcb8d2bcaa4c1fbbbbd17077b188f4a8b0b9149004e496,cache/market_breadth/members/nasdaq.json;cache/market_breadth/snapshots/nasdaq.json,Composite business still references; approval required before archive
US.RBKB,cache/market_breadth/prices/US.RBKB.json,14469,21d291bddde31e98f39209957d62e2adc96bc8c6ba5d76ab819df6830ea9a7ab,cache/market_breadth/members/nasdaq.json;cache/market_breadth/snapshots/nasdaq.json,Composite business still references; approval required before archive
US.RBNE,cache/market_breadth/prices/US.RBNE.json,13288,59abc67e20a7877bea7c4ec350eb2119f859060fa07ba32bf2cfbb696c11f801,cache/market_breadth/members/nasdaq.json;cache/market_breadth/snapshots/nasdaq.json,Composite business still references; approval required before archive
US.RCAT,cache/market_breadth/prices/US.RCAT.json,14298,182cd85b6ef31f3a9c67b8b4ebb0103e1ec8a4ea28ebe7135d0aa03f5b50c6e3,cache/market_breadth/members/nasdaq.json;cache/market_breadth/snapshots/nasdaq.json,Composite business still references; approval required before archive
US.RCBC,cache/market_breadth/prices/US.RCBC.json,1476,e9f5a3fbe0e812604bf7781c332bab2e02128585aafb293e5df183ddde7a2a9f,cache/market_breadth/members/nasdaq.json;cache/market_breadth/snapshots/nasdaq.json,Composite business still references; approval required before archive
US.RCEL,cache/market_breadth/prices/US.RCEL.json,14131,fa6e9d9092743dd69b9f3a4bc59b6570e0aabe3864151375a853f00871a449a7,cache/market_breadth/members/nasdaq.json;cache/market_breadth/snapshots/nasdaq.json,Composite business still references; approval required before archive
US.RCKT,cache/market_breadth/prices/US.RCKT.json,14112,659f88b9772ac6158626a7390dcb2c822a39517f034f7de7bc99ed33662ad336,cache/market_breadth/members/nasdaq.json;cache/market_breadth/snapshots/nasdaq.json,Composite business still references; approval required before archive
US.RCKY,cache/market_breadth/prices/US.RCKY.json,14650,e3dc6cb4294062c322a9cdeda3b1e6e3311da76a46c8c9bd125d6a23a6eae864,cache/market_breadth/members/nasdaq.json;cache/market_breadth/snapshots/nasdaq.json,Composite business still references; approval required before archive
US.RCMT,cache/market_breadth/prices/US.RCMT.json,14512,1bf9e60e6703f009b5fed155b7b0c4d0c97fea4dd1044bfa9bd12f15b4e04828,cache/market_breadth/members/nasdaq.json;cache/market_breadth/snapshots/nasdaq.json,Composite business still references; approval required before archive
US.RCON,cache/market_breadth/prices/US.RCON.json,14538,842dfa0394d471bb8cb96c5f7f4084b79380607dea322ca213249d91b3e88aef,cache/market_breadth/members/nasdaq.json;cache/market_breadth/snapshots/nasdaq.json,Composite business still references; approval required before archive
US.RCT,cache/market_breadth/prices/US.RCT.json,13721,5c06bc850dcc4aaed1f9d7bdfb3192866427c11166e9396907d33333f0de0a1c,cache/market_breadth/members/nasdaq.json;cache/market_breadth/snapshots/nasdaq.json,Composite business still references; approval required before archive
US.RDAC,cache/market_breadth/prices/US.RDAC.json,11958,b07e79f06ef84c7d7c921c2a26f1b0b8086ca2f688d39e370ed1e93dee434bfa,cache/market_breadth/members/nasdaq.json;cache/market_breadth/snapshots/nasdaq.json,Composite business still references; approval required before archive
US.RDAG,cache/market_breadth/prices/US.RDAG.json,10054,955a8bf7cb7cbbbc3bf94a0a63ba496ca3b4950e98893218c0708647852935d6,cache/market_breadth/members/nasdaq.json;cache/market_breadth/snapshots/nasdaq.json,Composite business still references; approval required before archive
US.RDCM,cache/market_breadth/prices/US.RDCM.json,14452,9b11ae63674438d65a606f18cf6da7f077236b07ff63c0d51933ec7b4cb2a272,cache/market_breadth/members/nasdaq.json;cache/market_breadth/snapshots/nasdaq.json,Composite business still references; approval required before archive
US.RDGT,cache/market_breadth/prices/US.RDGT.json,14186,7adb61a0337e38adc8070425dfe35f9b50fd4c4d861a333e2b3c597a93d5ef83,cache/market_breadth/members/nasdaq.json;cache/market_breadth/snapshots/nasdaq.json,Composite business still references; approval required before archive
US.RDHL,cache/market_breadth/prices/US.RDHL.json,14294,1c56e9fc741ea702b81489f8dd7560d4f463b36c7674d41836cdb0220610467d,cache/market_breadth/members/nasdaq.json;cache/market_breadth/snapshots/nasdaq.json,Composite business still references; approval required before archive
US.RDI,cache/market_breadth/prices/US.RDI.json,14147,f308c839e59e5c133f24d5e501da049603c87389620ca0251bd92c80d81bb74e,cache/market_breadth/members/nasdaq.json;cache/market_breadth/snapshots/nasdaq.json,Composite business still references; approval required before archive
US.RDIB,cache/market_breadth/prices/US.RDIB.json,14289,b9001899cda1fa75dc8fdb8352a99cf98141270efd5e7b3ebeefe124c60c1114,cache/market_breadth/members/nasdaq.json;cache/market_breadth/snapshots/nasdaq.json,Composite business still references; approval required before archive
US.RDNT,cache/market_breadth/prices/US.RDNT.json,14509,b7d3d2747efead4d9f130e911ecc1af2a29f09de804d89fdca6500dae171de30,cache/market_breadth/members/nasdaq.json;cache/market_breadth/snapshots/nasdaq.json,Composite business still references; approval required before archive
US.RDNW,cache/market_breadth/prices/US.RDNW.json,10021,10bfe251807dacbcaa7763a910e8a1860388bad37543cfce06d992ffc1e8a3a3,cache/market_breadth/members/nasdaq.json;cache/market_breadth/snapshots/nasdaq.json,Composite business still references; approval required before archive
US.RDVT,cache/market_breadth/prices/US.RDVT.json,14505,e6f9b91d605c03df90620c1c8ca20d1b180dbab14872369edc02d6c967c6d984,cache/market_breadth/members/nasdaq.json;cache/market_breadth/snapshots/nasdaq.json,Composite business still references; approval required before archive
US.RDWR,cache/market_breadth/prices/US.RDWR.json,14507,b7d72e8c304ca8c720e2bdef1a27da94241394b89c38cf02e39c265236334a4b,cache/market_breadth/members/nasdaq.json;cache/market_breadth/snapshots/nasdaq.json,Composite business still references; approval required before archive
US.RDZN,cache/market_breadth/prices/US.RDZN.json,14232,1f3f3d468b90ec6bf774ef33d0b75f6fdc82cb67881d712b961d35de1ab6ba18,cache/market_breadth/members/nasdaq.json;cache/market_breadth/snapshots/nasdaq.json,Composite business still references; approval required before archive
US.REAL,cache/market_breadth/prices/US.REAL.json,14313,69ead7a73484d2eca3686f52722e13bf19b1d436facec0746124aac05a07b4f0,cache/market_breadth/members/nasdaq.json;cache/market_breadth/snapshots/nasdaq.json,Composite business still references; approval required before archive
US.REAX,cache/market_breadth/prices/US.REAX.json,14172,80c428d2741b932b10ef1c2e1238aacb17005a9b9a5c87999cb718590bebc91b,cache/market_breadth/members/nasdaq.json;cache/market_breadth/snapshots/nasdaq.json,Composite business still references; approval required before archive
US.REBN,cache/market_breadth/prices/US.REBN.json,14149,a6e060b317f094d783f6d784d2313db4aee71ff2037509685c5fe8031de1bdd2,cache/market_breadth/members/nasdaq.json;cache/market_breadth/snapshots/nasdaq.json,Composite business still references; approval required before archive
US.RECT,cache/market_breadth/prices/US.RECT.json,14148,019cc452f80ff955665f48314c29ceff341afad14788a150ec6ebe796e549a39,cache/market_breadth/members/nasdaq.json;cache/market_breadth/snapshots/nasdaq.json,Composite business still references; approval required before archive
US.REFI,cache/market_breadth/prices/US.REFI.json,14501,42c7f6860ccadbb0eda19f2d3b8b53b2f3e1fd3709c4a629d75616e094a0c6fa,cache/market_breadth/members/nasdaq.json;cache/market_breadth/snapshots/nasdaq.json,Composite business still references; approval required before archive
US.REFR,cache/market_breadth/prices/US.REFR.json,14319,4a4d5c97ba4fa7f99b30dd1e87e63c27beab099396b7104a19f65f7449c934be,cache/market_breadth/members/nasdaq.json;cache/market_breadth/snapshots/nasdaq.json,Composite business still references; approval required before archive
US.REG,cache/market_breadth/prices/US.REG.json,15011,c2a37542dc7953a38f1a5687885e1130fa72692a22ffe687992f6867f3227deb,cache/market_breadth/members/nasdaq.json;cache/market_breadth/snapshots/nasdaq.json,Composite business still references; approval required before archive
US.REKR,cache/market_breadth/prices/US.REKR.json,14449,3b3dc2af9fd90a44d564e452e3e93c28ee8016de2890a1dd9cabdc7e661fc01e,cache/market_breadth/members/nasdaq.json;cache/market_breadth/snapshots/nasdaq.json,Composite business still references; approval required before archive
US.RELL,cache/market_breadth/prices/US.RELL.json,14397,78503d25141983540d63f781b1274f2e3465eb10983eab52f699f86aa0f75996,cache/market_breadth/members/nasdaq.json;cache/market_breadth/snapshots/nasdaq.json,Composite business still references; approval required before archive
US.RELY,cache/market_breadth/prices/US.RELY.json,14514,86813fa9581f51d782be940561b595c313a63b8ac4b1f64818c432c47f695388,cache/market_breadth/members/nasdaq.json;cache/market_breadth/snapshots/nasdaq.json,Composite business still references; approval required before archive
US.RENT,cache/market_breadth/prices/US.RENT.json,14109,f785eb376ea4d35a6a2640ea13dd4a0f15a25c6164a39c1a2e150f174f77a720,cache/market_breadth/members/nasdaq.json;cache/market_breadth/snapshots/nasdaq.json,Composite business still references; approval required before archive
US.RENX,cache/market_breadth/prices/US.RENX.json,14809,3f36dc7e9533c92fde2376400ad379994e6d9531a370221248813b43cf5bfdef,cache/market_breadth/members/nasdaq.json;cache/market_breadth/snapshots/nasdaq.json,Composite business still references; approval required before archive
US.REPL,cache/market_breadth/prices/US.REPL.json,14229,8981873ca645aeb466f2336aae8a2358c68a2184f8836ad4b1a9e8a44b22a2ec,cache/market_breadth/members/nasdaq.json;cache/market_breadth/snapshots/nasdaq.json,Composite business still references; approval required before archive
US.RETO,cache/market_breadth/prices/US.RETO.json,14332,b830cd08d3ce731bc12bfccd5d24f302942c11f04b514ada4a4add66d392bf5d,cache/market_breadth/members/nasdaq.json;cache/market_breadth/snapshots/nasdaq.json,Composite business still references; approval required before archive
US.REVB,cache/market_breadth/prices/US.REVB.json,14354,79bba45aad13ae4796ecd23984bc9488d7420ddad8036625d727d56423065ed7,cache/market_breadth/members/nasdaq.json;cache/market_breadth/snapshots/nasdaq.json,Composite business still references; approval required before archive
US.REYN,cache/market_breadth/prices/US.REYN.json,14509,8354e78e07020c19ecd9e5922f4dbbf5d1ebbd438ef5883dc0190f928403b055,cache/market_breadth/members/nasdaq.json;cache/market_breadth/snapshots/nasdaq.json,Composite business still references; approval required before archive
US.RFAI,cache/market_breadth/prices/US.RFAI.json,13691,4abdea9548432c56d1fe252182a13357cda6629f4cd0e974ab20cda435f1ad75,cache/market_breadth/members/nasdaq.json;cache/market_breadth/snapshots/nasdaq.json,Composite business still references; approval required before archive
US.RFAM,cache/market_breadth/prices/US.RFAM.json,3439,17f07c658ccbbe49a06c2348402cca9475a4bbd890cc4273bb40398f94e98cc9,cache/market_breadth/members/nasdaq.json;cache/market_breadth/snapshots/nasdaq.json,Composite business still references; approval required before archive
US.RFIL,cache/market_breadth/prices/US.RFIL.json,14276,b61b4ba5595abb3ef4f8e90d0c0026f186ea56b5051fd52c0a64c03bb3fa56be,cache/market_breadth/members/nasdaq.json;cache/market_breadth/snapshots/nasdaq.json,Composite business still references; approval required before archive
US.RGC,cache/market_breadth/prices/US.RGC.json,14533,9ebab971a3f0dcb7973628ccd2dca20c22f85c5c33a1b0c092f04b372f33766b,cache/market_breadth/members/nasdaq.json;cache/market_breadth/snapshots/nasdaq.json,Composite business still references; approval required before archive
US.RGCO,cache/market_breadth/prices/US.RGCO.json,15015,f9db960281f5d25247c701e8ac630e1601825c63f2c0296de474e7aad463e123,cache/market_breadth/members/nasdaq.json;cache/market_breadth/snapshots/nasdaq.json,Composite business still references; approval required before archive
US.RGEN,cache/market_breadth/prices/US.RGEN.json,14894,d567151d03875f95fc1da7c96b8a811723f312b2e79ee26e688745e54f603409,cache/market_breadth/members/nasdaq.json;cache/market_breadth/snapshots/nasdaq.json,Composite business still references; approval required before archive
US.RGLD,cache/market_breadth/prices/US.RGLD.json,15221,1faab2b7255eec2e004ee07fcc9b6ef079e0c85b8d104c5b6fac39121c429422,cache/market_breadth/members/nasdaq.json;cache/market_breadth/snapshots/nasdaq.json,Composite business still references; approval required before archive
US.RGNX,cache/market_breadth/prices/US.RGNX.json,14243,f03a7b598bbdf7ceb09fdb0362e90693fb04e9405e87266a0b625c992afdb317,cache/market_breadth/members/nasdaq.json;cache/market_breadth/snapshots/nasdaq.json,Composite business still references; approval required before archive
US.RGP,cache/market_breadth/prices/US.RGP.json,14118,dd45b065df5765757fb588d0c1433162747be659176425744ecfeaa7c98378c5,cache/market_breadth/members/nasdaq.json;cache/market_breadth/snapshots/nasdaq.json,Composite business still references; approval required before archive
US.RGS,cache/market_breadth/prices/US.RGS.json,14525,e6be779dd1de6808c3c199943df2171ccc1a4efa87120a6468efe5a035c801b9,cache/market_breadth/members/nasdaq.json;cache/market_breadth/snapshots/nasdaq.json,Composite business still references; approval required before archive
US.RGTI,cache/market_breadth/prices/US.RGTI.json,14478,278eb3afe97b4e39c6108a431447a30adac2f297ec503b9fd46a3cd1c6f017a7,cache/market_breadth/members/nasdaq.json;cache/market_breadth/snapshots/nasdaq.json,Composite business still references; approval required before archive
US.RIBB,cache/market_breadth/prices/US.RIBB.json,7574,236fd2a92c24a1d506aa1c97fdedb7e74ebc3cff5e5c917e492ff93132e81ce0,cache/market_breadth/members/nasdaq.json;cache/market_breadth/snapshots/nasdaq.json,Composite business still references; approval required before archive
US.RICK,cache/market_breadth/prices/US.RICK.json,14528,671f390f836ade6dc959302bf554cc97e83533cf97c567b4268271d0642745cd,cache/market_breadth/members/nasdaq.json;cache/market_breadth/snapshots/nasdaq.json,Composite business still references; approval required before archive
US.RIGL,cache/market_breadth/prices/US.RIGL.json,14511,bf4e275bdc0956f92a03f66f130e0e252c6e0598f72ee3b68196fdcb2b730cd7,cache/market_breadth/members/nasdaq.json;cache/market_breadth/snapshots/nasdaq.json,Composite business still references; approval required before archive
US.RILY,cache/market_breadth/prices/US.RILY.json,14135,e3745bccb92fa519fecdd73be4076bae90c1472508344af5b232e012ebb62c2a,cache/market_breadth/members/nasdaq.json;cache/market_breadth/snapshots/nasdaq.json,Composite business still references; approval required before archive
US.RIME,cache/market_breadth/prices/US.RIME.json,14326,5df4fd5dbb73fa52295d78223c5edd77587051643abc4dd549bcc9560b25cb23,cache/market_breadth/members/nasdaq.json;cache/market_breadth/snapshots/nasdaq.json,Composite business still references; approval required before archive
US.RIOT,cache/market_breadth/prices/US.RIOT.json,14438,b905646c763c514ce8522f12bac6fcf588be961efdf05e2792686d58a22629ab,cache/market_breadth/members/nasdaq.json;cache/market_breadth/snapshots/nasdaq.json,Composite business still references; approval required before archive
US.RIVN,cache/market_breadth/prices/US.RIVN.json,14500,c45759d02e81dd03d9478a293caf10664f393103baea8109d4de6892c1f62e82,cache/market_breadth/members/nasdaq.json;cache/market_breadth/snapshots/nasdaq.json,Composite business still references; approval required before archive
US.RJET,cache/market_breadth/prices/US.RJET.json,17305,c14af29f1ec5edae5277ba4c6e9fa86628ab4dfa885b0969dbbe5b5902406e6f,cache/market_breadth/members/nasdaq.json;cache/market_breadth/snapshots/nasdaq.json,Composite business still references; approval required before archive
US.RKDA,cache/market_breadth/prices/US.RKDA.json,14313,b069d3815495ca5ce68ae85c2af6c51e84f01ea17c2d838bb1cf298efabd000d,cache/market_breadth/members/nasdaq.json;cache/market_breadth/snapshots/nasdaq.json,Composite business still references; approval required before archive
US.RKTO,cache/market_breadth/prices/US.RKTO.json,3224,47a75a9f661f54255f4f372a055e5c649c4f07c9ad36ec77192e78f36e11098b,cache/market_breadth/members/nasdaq.json;cache/market_breadth/snapshots/nasdaq.json,Composite business still references; approval required before archive
US.RLAY,cache/market_breadth/prices/US.RLAY.json,14241,a13b4368eedd5584b1f136edd6000598867dca1dc41635be32d5e0a47591728a,cache/market_breadth/members/nasdaq.json;cache/market_breadth/snapshots/nasdaq.json,Composite business still references; approval required before archive
US.RLMD,cache/market_breadth/prices/US.RLMD.json,14319,c7ca4636986d0a73b7aa75c94065b3ac7d6a8a2e5523137faecfc0a8f8ba8c20,cache/market_breadth/members/nasdaq.json;cache/market_breadth/snapshots/nasdaq.json,Composite business still references; approval required before archive
US.RLYB,cache/market_breadth/prices/US.RLYB.json,14561,c4a51828903a4e8a7665dec86894153e423716b3a32cf524b1695cb885adbaae,cache/market_breadth/members/nasdaq.json;cache/market_breadth/snapshots/nasdaq.json,Composite business still references; approval required before archive
US.RMBI,cache/market_breadth/prices/US.RMBI.json,14515,5197aa820516d67cadb4b00a59320d2c0bbfbbd31a08b869da7d18e1f343bfde,cache/market_breadth/members/nasdaq.json;cache/market_breadth/snapshots/nasdaq.json,Composite business still references; approval required before archive
US.RMBS,cache/market_breadth/prices/US.RMBS.json,14656,5a4cc2ec1b2df94eea037ea05ae224297dc277ba20d44c17b857dce7b71f67a4,cache/market_breadth/members/nasdaq.json;cache/market_breadth/snapshots/nasdaq.json,Composite business still references; approval required before archive
US.RMCF,cache/market_breadth/prices/US.RMCF.json,14214,08ec7206f9a00b256510b10bd2f753cb82e2a8da49d6c868ee039ed5f89fd427,cache/market_breadth/members/nasdaq.json;cache/market_breadth/snapshots/nasdaq.json,Composite business still references; approval required before archive
US.RMCO,cache/market_breadth/prices/US.RMCO.json,14503,325e4abbdf2982e76bbe5253c85798972c6a815f011b60374c437856ddcde600,cache/market_breadth/members/nasdaq.json;cache/market_breadth/snapshots/nasdaq.json,Composite business still references; approval required before archive
US.RMIX,cache/market_breadth/prices/US.RMIX.json,4419,c7b2d96c1f77b36415afc43b59e218a7cb9c13561481527d67fb7fa8b9ebbefb,cache/market_breadth/members/nasdaq.json;cache/market_breadth/snapshots/nasdaq.json,Composite business still references; approval required before archive
US.RML,cache/market_breadth/prices/US.RML.json,638,2bddd71a725211098bd1ecaa85d68a85622cc39903fc34d0cf41256d47224d75,cache/market_breadth/members/nasdaq.json;cache/market_breadth/snapshots/nasdaq.json,Composite business still references; approval required before archive
US.RMNI,cache/market_breadth/prices/US.RMNI.json,14117,dc8a804083ad2add2cd03e14ccad01c9318f3672abcbb9002836535db8912b48,cache/market_breadth/members/nasdaq.json;cache/market_breadth/snapshots/nasdaq.json,Composite business still references; approval required before archive
US.RMR,cache/market_breadth/prices/US.RMR.json,14512,c56bde6ada35a125735e978a3d9a4fbae896c0e7a00a78ad27346e7e2f4728b9,cache/market_breadth/members/nasdaq.json;cache/market_breadth/snapshots/nasdaq.json,Composite business still references; approval required before archive
US.RMSG,cache/market_breadth/prices/US.RMSG.json,14377,b8b63cc0195854d6460b1dcdd9b8d6eb08e3df7bb2c62ffe63d7848001488ac3,cache/market_breadth/members/nasdaq.json;cache/market_breadth/snapshots/nasdaq.json,Composite business still references; approval required before archive
US.RMTI,cache/market_breadth/prices/US.RMTI.json,14463,fcfacd1c9a683a0a63ce46b06a6ddfbbf284840bdad13daf161bf434c672c026,cache/market_breadth/members/nasdaq.json;cache/market_breadth/snapshots/nasdaq.json,Composite business still references; approval required before archive
US.RNA,cache/market_breadth/prices/US.RNA.json,14488,c34065c8b36554909bdb20390a90d543d6d5dfcae87df3253ef7c60100fa5ad3,cache/market_breadth/members/nasdaq.json;cache/market_breadth/snapshots/nasdaq.json,Composite business still references; approval required before archive
US.RNAC,cache/market_breadth/prices/US.RNAC.json,14253,9d6ca87156df66350f9c542441ed03bb69e3c84819ea1964d5a113b1f890f653,cache/market_breadth/members/nasdaq.json;cache/market_breadth/snapshots/nasdaq.json,Composite business still references; approval required before archive
US.RNAQ,cache/market_breadth/prices/US.RNAQ.json,506,24375a6ca0d15445b55a75bac340508cbb218ed28a3c5e45937a52aedee7a6cb,cache/market_breadth/members/nasdaq.json;cache/market_breadth/snapshots/nasdaq.json,Composite business still references; approval required before archive
US.RNAZ,cache/market_breadth/prices/US.RNAZ.json,14318,c86b6c171fde682a6a0430f9a518e68df4a1671f0ce314d20a1da4dd7f71aa80,cache/market_breadth/members/nasdaq.json;cache/market_breadth/snapshots/nasdaq.json,Composite business still references; approval required before archive
US.RNGT,cache/market_breadth/prices/US.RNGT.json,5549,d0c3025789e93f2f66bea6874129c27f7dde8969d53da026ac5497bf54bf27e3,cache/market_breadth/members/nasdaq.json;cache/market_breadth/snapshots/nasdaq.json,Composite business still references; approval required before archive
US.RNTX,cache/market_breadth/prices/US.RNTX.json,14239,e862d134d2616b8940842b56ad937f5680c5ffede6fa89022fb1cc222b58b61f,cache/market_breadth/members/nasdaq.json;cache/market_breadth/snapshots/nasdaq.json,Composite business still references; approval required before archive
US.RNW,cache/market_breadth/prices/US.RNW.json,14102,48e1155bb903a0a50376f01d950a52361aa2a9259091312b154e009cdde2a2ee,cache/market_breadth/members/nasdaq.json;cache/market_breadth/snapshots/nasdaq.json,Composite business still references; approval required before archive
US.RNXT,cache/market_breadth/prices/US.RNXT.json,14400,7a5ce6128a02affaa14a3f1e8f4bf874ff5421bf9743d06f5e6dbe85347b4430,cache/market_breadth/members/nasdaq.json;cache/market_breadth/snapshots/nasdaq.json,Composite business still references; approval required before archive
US.ROAD,cache/market_breadth/prices/US.ROAD.json,14835,06c9e76f50639ea71f1b32ffa689e236d04c6a162d3dcda2641e38b728755063,cache/market_breadth/members/nasdaq.json;cache/market_breadth/snapshots/nasdaq.json,Composite business still references; approval required before archive
US.ROC,cache/market_breadth/prices/US.ROC.json,5458,0187505f5b6f03d7a0b78ab406c1e03f49fe6ec8ccc13f1b5af3e24442c8b4f1,cache/market_breadth/members/nasdaq.json;cache/market_breadth/snapshots/nasdaq.json,Composite business still references; approval required before archive
US.ROCK,cache/market_breadth/prices/US.ROCK.json,14510,419a75d35940cc6477b74b228599a09dd9cf62a219b774a78768b06f22b86284,cache/market_breadth/members/nasdaq.json;cache/market_breadth/snapshots/nasdaq.json,Composite business still references; approval required before archive
US.ROIV,cache/market_breadth/prices/US.ROIV.json,14496,6c6d057386d05bd28a6831d69243518ef5ef9e6db67c30d0ad9ab9f5abdee39c,cache/market_breadth/members/nasdaq.json;cache/market_breadth/snapshots/nasdaq.json,Composite business still references; approval required before archive
US.ROKU,cache/market_breadth/prices/US.ROKU.json,14689,0917f11b76f266abce178c16f7ed46969623400c6e4feaaebb09235bb8827c7b,cache/market_breadth/members/nasdaq.json;cache/market_breadth/snapshots/nasdaq.json,Composite business still references; approval required before archive
US.ROMA,cache/market_breadth/prices/US.ROMA.json,14233,621f0bad16097fc0d196f5e82be0756cb844dd07139de7f15237217d915d7cf8,cache/market_breadth/members/nasdaq.json;cache/market_breadth/snapshots/nasdaq.json,Composite business still references; approval required before archive
US.ROOT,cache/market_breadth/prices/US.ROOT.json,14625,0134e9ef45ac614b3168c13420019cac948857e15e21e8475ebbb27764fb5e92,cache/market_breadth/members/nasdaq.json;cache/market_breadth/snapshots/nasdaq.json,Composite business still references; approval required before archive
US.RPAY,cache/market_breadth/prices/US.RPAY.json,14102,530871e1ced6435cb797b04e2caf2ae3694137145389dbb438a441b1ddefa85e,cache/market_breadth/members/nasdaq.json;cache/market_breadth/snapshots/nasdaq.json,Composite business still references; approval required before archive
US.RPD,cache/market_breadth/prices/US.RPD.json,14403,42f82e64c61e2ef5d2dc01f913ed7e6bd956b8442a927d3985cedc4bebeb0227,cache/market_breadth/members/nasdaq.json;cache/market_breadth/snapshots/nasdaq.json,Composite business still references; approval required before archive
US.RPGL,cache/market_breadth/prices/US.RPGL.json,9010,91dcd68024896222666e67ee266e5b0058496c3b15d426eceab4bb07dfeca29d,cache/market_breadth/members/nasdaq.json;cache/market_breadth/snapshots/nasdaq.json,Composite business still references; approval required before archive
US.RPID,cache/market_breadth/prices/US.RPID.json,14117,f563c6706cc4d15a161b07bb93f8e366e9277de1a4199f2d6a2f5d1a44d4ae6b,cache/market_breadth/members/nasdaq.json;cache/market_breadth/snapshots/nasdaq.json,Composite business still references; approval required before archive
US.RPRX,cache/market_breadth/prices/US.RPRX.json,14583,636bca646da33a2a0189590e991f3d5b3ae94354936af95d5e5ac46992a08c4a,cache/market_breadth/members/nasdaq.json;cache/market_breadth/snapshots/nasdaq.json,Composite business still references; approval required before archive
US.RR,cache/market_breadth/prices/US.RR.json,14122,ab65676b878d36b3ef9eb101e96ea67cef620887d1b222b449de52205a119826,cache/market_breadth/members/nasdaq.json;cache/market_breadth/snapshots/nasdaq.json,Composite business still references; approval required before archive
US.RRBI,cache/market_breadth/prices/US.RRBI.json,14548,63a07b3daae0d0e71af4ebd8124d0291d897e9d4ff2323fb4f02bf8403d453c5,cache/market_breadth/members/nasdaq.json;cache/market_breadth/snapshots/nasdaq.json,Composite business still references; approval required before archive
US.RREV,cache/market_breadth/prices/US.RREV.json,1994,8cb9fccb9b461fd7f3b84c9ff3be2b2ea45464b7ebe0c5927b2477ce46368320,cache/market_breadth/members/nasdaq.json;cache/market_breadth/snapshots/nasdaq.json,Composite business still references; approval required before archive
US.RRGB,cache/market_breadth/prices/US.RRGB.json,14116,913bdab75c34b88bfd9ab5373bdefa174b0b37aea3d0f77911413898b0a7fafb,cache/market_breadth/members/nasdaq.json;cache/market_breadth/snapshots/nasdaq.json,Composite business still references; approval required before archive
US.RRR,cache/market_breadth/prices/US.RRR.json,14510,467cd1689135f68ae7288b2bdd323309de4b4432e95df3306e8750b060324118,cache/market_breadth/members/nasdaq.json;cache/market_breadth/snapshots/nasdaq.json,Composite business still references; approval required before archive
US.RSSS,cache/market_breadth/prices/US.RSSS.json,14093,9fdd1c0f35a15adfc851eb2c10bcfb2f0e83f9e8f9cdb3cca2980cf3fadc7897,cache/market_breadth/members/nasdaq.json;cache/market_breadth/snapshots/nasdaq.json,Composite business still references; approval required before archive
US.RSVR,cache/market_breadth/prices/US.RSVR.json,14163,4b9c466915adbef30eff7cf74cea644dc436ebd06b3c6d93c28d06233cb3d294,cache/market_breadth/members/nasdaq.json;cache/market_breadth/snapshots/nasdaq.json,Composite business still references; approval required before archive
US.RTAC,cache/market_breadth/prices/US.RTAC.json,11917,531343b67989f5d21c51f95ea46fd7fdee8c00304025daefd13deea4663b4c2e,cache/market_breadth/members/nasdaq.json;cache/market_breadth/snapshots/nasdaq.json,Composite business still references; approval required before archive
US.RTB,cache/market_breadth/prices/US.RTB.json,3523,34eb49c97f29497ffcf49ab40867922eebb1bb3d07799d4a196c49a6531f9785,cache/market_breadth/members/nasdaq.json;cache/market_breadth/snapshots/nasdaq.json,Composite business still references; approval required before archive
US.RUBI,cache/market_breadth/prices/US.RUBI.json,15241,cf4cd357fd6294c0176a16ddbe2e07942ad4c453207a1f2668956faf0a4d04a2,cache/market_breadth/members/nasdaq.json;cache/market_breadth/snapshots/nasdaq.json,Composite business still references; approval required before archive
US.RUM,cache/market_breadth/prices/US.RUM.json,14120,565258e8b0a4cf425f0baea242471deced284d4da5e2ca3c1989a77ccf7e432f,cache/market_breadth/members/nasdaq.json;cache/market_breadth/snapshots/nasdaq.json,Composite business still references; approval required before archive
US.RUN,cache/market_breadth/prices/US.RUN.json,14381,2282b40e71f03496c9b7228718ae4834745cf23d2e4724dfad2c1a1d8669b36c,cache/market_breadth/members/nasdaq.json;cache/market_breadth/snapshots/nasdaq.json,Composite business still references; approval required before archive
US.RUSHA,cache/market_breadth/prices/US.RUSHA.json,15045,b463a2e1f6ba37c0d94a0d243c76dab7e3f01e9c642b168a8c395c60ca94f59c,cache/market_breadth/members/nasdaq.json;cache/market_breadth/snapshots/nasdaq.json,Composite business still references; approval required before archive
US.RUSHB,cache/market_breadth/prices/US.RUSHB.json,15032,9327b4a8522bb0d892f7515b56ed60acad93479cb24dc1e077e7e670c77a090d,cache/market_breadth/members/nasdaq.json;cache/market_breadth/snapshots/nasdaq.json,Composite business still references; approval required before archive
US.RVMD,cache/market_breadth/prices/US.RVMD.json,14661,06fc742f8fe93426c2a4869e9f7d7835d228404d5758b1f27d460fd6bd8b93e3,cache/market_breadth/members/nasdaq.json;cache/market_breadth/snapshots/nasdaq.json,Composite business still references; approval required before archive
US.RVSB,cache/market_breadth/prices/US.RVSB.json,14104,3cd8e99d6af63e6ca0c286060f32f4cb37e3810816f28128420573c93d3b0d2c,cache/market_breadth/members/nasdaq.json;cache/market_breadth/snapshots/nasdaq.json,Composite business still references; approval required before archive
US.RVSN,cache/market_breadth/prices/US.RVSN.json,14501,9fce13993a57e8fa54e2cba7a02d3dca4b6d92590f371403d791692cdac997f2,cache/market_breadth/members/nasdaq.json;cache/market_breadth/snapshots/nasdaq.json,Composite business still references; approval required before archive
US.RWAY,cache/market_breadth/prices/US.RWAY.json,14103,84851dfa80ab905e80a157c95e2485190a51d59e2faea9efacb56b5fc67af164,cache/market_breadth/members/nasdaq.json;cache/market_breadth/snapshots/nasdaq.json,Composite business still references; approval required before archive
US.RXRX,cache/market_breadth/prices/US.RXRX.json,14121,f908c8405ea5b60253228f379c9422dd79267697d2bceaa0d0d7fae1f314c75e,cache/market_breadth/members/nasdaq.json;cache/market_breadth/snapshots/nasdaq.json,Composite business still references; approval required before archive
US.RXST,cache/market_breadth/prices/US.RXST.json,14241,b25d8bca00d9fdecb9b0e12faff4f575c9582d88166ecba848bc62329127d92f,cache/market_breadth/members/nasdaq.json;cache/market_breadth/snapshots/nasdaq.json,Composite business still references; approval required before archive
US.RXT,cache/market_breadth/prices/US.RXT.json,14196,114a3023e0e8a201c6155b12ebaad1cf130d8f44655e30e4a38f3bb69f85edfb,cache/market_breadth/members/nasdaq.json;cache/market_breadth/snapshots/nasdaq.json,Composite business still references; approval required before archive
US.RYAAY,cache/market_breadth/prices/US.RYAAY.json,14888,e391051f2bd81be86a2e3fdcf85809f1a1675a19ea668e323e37bf59f84148fa,cache/market_breadth/members/nasdaq.json;cache/market_breadth/snapshots/nasdaq.json,Composite business still references; approval required before archive
US.RYET,cache/market_breadth/prices/US.RYET.json,13231,7446ca7bac3e0f0456b6c158e41b9ec2857e7e8cd3755a400e10933d81b567b9,cache/market_breadth/members/nasdaq.json;cache/market_breadth/snapshots/nasdaq.json,Composite business still references; approval required before archive
US.RYM,cache/market_breadth/prices/US.RYM.json,9859,b6a92906626c47e05a965f93cc13a4eeca7e167d625257abbe8475f3e158809b,cache/market_breadth/members/nasdaq.json;cache/market_breadth/snapshots/nasdaq.json,Composite business still references; approval required before archive
US.RYOJ,cache/market_breadth/prices/US.RYOJ.json,9900,88ec1188a96ad8749e1afd99f70e00929e7627ad35419f797337ca7f97da0976,cache/market_breadth/members/nasdaq.json;cache/market_breadth/snapshots/nasdaq.json,Composite business still references; approval required before archive
US.RYTM,cache/market_breadth/prices/US.RYTM.json,14664,aed97ecc2f675a7e66c6aa9e3897c4ae4c1171ad7bfcd6a8494ea79ea0cf815f,cache/market_breadth/members/nasdaq.json;cache/market_breadth/snapshots/nasdaq.json,Composite business still references; approval required before archive
US.RZLT,cache/market_breadth/prices/US.RZLT.json,14103,e5ed20174495b128f672a672d75fe143b7a00526d93d5a09732627ff62e3c9b8,cache/market_breadth/members/nasdaq.json;cache/market_breadth/snapshots/nasdaq.json,Composite business still references; approval required before archive
US.RZLV,cache/market_breadth/prices/US.RZLV.json,14109,515a66daca4acf28f145d0a6fdc93b5dc1f05ffc456d783a668b4b24fec9aa92,cache/market_breadth/members/nasdaq.json;cache/market_breadth/snapshots/nasdaq.json,Composite business still references; approval required before archive
US.SAAQ,cache/market_breadth/prices/US.SAAQ.json,4454,dfab1dcaa24a95ae5da651cad9931d4c7f0d23ce2919516b1cc924dcb4eaf8eb,cache/market_breadth/members/nasdaq.json;cache/market_breadth/snapshots/nasdaq.json,Composite business still references; approval required before archive
US.SABR,cache/market_breadth/prices/US.SABR.json,14137,8691ce334159c443c2c560f2c8198fd172e86707bda1e7eecd5ea217f827fab9,cache/market_breadth/members/nasdaq.json;cache/market_breadth/snapshots/nasdaq.json,Composite business still references; approval required before archive
US.SABS,cache/market_breadth/prices/US.SABS.json,14116,4c8ab53e86eba5dde3c636346eb430b861f395a1ef00b873bc0cd8852fb71563,cache/market_breadth/members/nasdaq.json;cache/market_breadth/snapshots/nasdaq.json,Composite business still references; approval required before archive
US.SAFT,cache/market_breadth/prices/US.SAFT.json,14561,a04f78db833dbf686c8fc4240bd9feb484c20e318596f068bda28b3f694c7609,cache/market_breadth/members/nasdaq.json;cache/market_breadth/snapshots/nasdaq.json,Composite business still references; approval required before archive
US.SAFX,cache/market_breadth/prices/US.SAFX.json,12020,066eb1e061b3fd8c801d36197acc9fa74171b16547c3ded436baee5b07f96368,cache/market_breadth/members/nasdaq.json;cache/market_breadth/snapshots/nasdaq.json,Composite business still references; approval required before archive
US.SAGT,cache/market_breadth/prices/US.SAGT.json,14001,913bb798aba255d34329b871b49250124494a2cd103f4df894a4b6a301e6a136,cache/market_breadth/members/nasdaq.json;cache/market_breadth/snapshots/nasdaq.json,Composite business still references; approval required before archive
US.SAIA,cache/market_breadth/prices/US.SAIA.json,14909,e5ed353df9056cc5d1f64b45e0f28cf74d1885f8646edb4c1c75b80ebbc19a6e,cache/market_breadth/members/nasdaq.json;cache/market_breadth/snapshots/nasdaq.json,Composite business still references; approval required before archive
US.SAIC,cache/market_breadth/prices/US.SAIC.json,14757,fb1bb2ebd34976e92851bd39a5a496becd0bbc0929fef4f5dec45fedb58f4c10,cache/market_breadth/members/nasdaq.json;cache/market_breadth/snapshots/nasdaq.json,Composite business still references; approval required before archive
US.SAIH,cache/market_breadth/prices/US.SAIH.json,14361,cc0a92e64766abe3dae7f31da9b77a74e1e421bb5a0ff17a50d2583a776f37b1,cache/market_breadth/members/nasdaq.json;cache/market_breadth/snapshots/nasdaq.json,Composite business still references; approval required before archive
US.SAIL,cache/market_breadth/prices/US.SAIL.json,14517,51880066a09ddded5eb1bfbbdcc0a8394f680708ffac9f834c04b9f42e586a20,cache/market_breadth/members/nasdaq.json;cache/market_breadth/snapshots/nasdaq.json,Composite business still references; approval required before archive
US.SAMG,cache/market_breadth/prices/US.SAMG.json,14498,1b39eadbad8908e05bad192112f475bb7898307507e8807c3069186d25d4eeb5,cache/market_breadth/members/nasdaq.json;cache/market_breadth/snapshots/nasdaq.json,Composite business still references; approval required before archive
US.SANA,cache/market_breadth/prices/US.SANA.json,14110,a9a3b7fe7b36eae246fdffcfce9830cbcf0b527c71aef906b890af8567efb083,cache/market_breadth/members/nasdaq.json;cache/market_breadth/snapshots/nasdaq.json,Composite business still references; approval required before archive
US.SANG,cache/market_breadth/prices/US.SANG.json,14220,30e5344bc002468049a3eefd98b01489b9de173e380887e60fe05c5db9e26c53,cache/market_breadth/members/nasdaq.json;cache/market_breadth/snapshots/nasdaq.json,Composite business still references; approval required before archive
US.SANM,cache/market_breadth/prices/US.SANM.json,14994,bfef8316999b35ca803a5a08012f5923f2b4d52cc8bff89230267c1f0560f156,cache/market_breadth/members/nasdaq.json;cache/market_breadth/snapshots/nasdaq.json,Composite business still references; approval required before archive
US.SATL,cache/market_breadth/prices/US.SATL.json,14132,368dc67f3efbfe60bb3790cc90305fd217823fee49e00331b15cb2a0a6560de5,cache/market_breadth/members/nasdaq.json;cache/market_breadth/snapshots/nasdaq.json,Composite business still references; approval required before archive
US.SBAC,cache/market_breadth/prices/US.SBAC.json,14907,45dbc28799574d2850b8f5993a7f34b5861335e1c7a8a014887ee471e9147988,cache/market_breadth/members/nasdaq.json;cache/market_breadth/snapshots/nasdaq.json,Composite business still references; approval required before archive
US.SBC,cache/market_breadth/prices/US.SBC.json,14109,9501680b88009bfbcfc8fd7379aa2adb95b7d7515c794512e5c030b72330ba6a,cache/market_breadth/members/nasdaq.json;cache/market_breadth/snapshots/nasdaq.json,Composite business still references; approval required before archive
US.SBCF,cache/market_breadth/prices/US.SBCF.json,14506,76481458e670bf884be9c6fd6f1a02382fc259ce1b415761518f0114054c0a98,cache/market_breadth/members/nasdaq.json;cache/market_breadth/snapshots/nasdaq.json,Composite business still references; approval required before archive
US.SBET,cache/market_breadth/prices/US.SBET.json,14334,6e2ebda0198499ce27ef186967dc8c58a4ec58e1f96533b4b6503811b99ef290,cache/market_breadth/members/nasdaq.json;cache/market_breadth/snapshots/nasdaq.json,Composite business still references; approval required before archive
US.SBFG,cache/market_breadth/prices/US.SBFG.json,14578,f33e129daa872a268b7c83dc11d4f4f9a80c70c54be93f7f4c5169a5a6d940c2,cache/market_breadth/members/nasdaq.json;cache/market_breadth/snapshots/nasdaq.json,Composite business still references; approval required before archive
US.SBFM,cache/market_breadth/prices/US.SBFM.json,14200,a72c4e11be9a208a225d41c8f7ccb6092d310e2714fd7bd537846bf3619fe128,cache/market_breadth/members/nasdaq.json;cache/market_breadth/snapshots/nasdaq.json,Composite business still references; approval required before archive
US.SBGI,cache/market_breadth/prices/US.SBGI.json,14520,4b96bf0bc80af7ff6b65a2309fcb400e1701da7907e75259244a2976cc30b308,cache/market_breadth/members/nasdaq.json;cache/market_breadth/snapshots/nasdaq.json,Composite business still references; approval required before archive
US.SBLK,cache/market_breadth/prices/US.SBLK.json,14510,861fd9c28d1c161be4ee58c9496420b51caf90690c2f98704e5a2ed82fbc4c1a,cache/market_breadth/members/nasdaq.json;cache/market_breadth/snapshots/nasdaq.json,Composite business still references; approval required before archive
US.SBRA,cache/market_breadth/prices/US.SBRA.json,14522,dace804cdcd8e3b6f1a757f6b12f42e6e86e66c585bc18e9281259c234381479,cache/market_breadth/members/nasdaq.json;cache/market_breadth/snapshots/nasdaq.json,Composite business still references; approval required before archive
US.SCAG,cache/market_breadth/prices/US.SCAG.json,11223,6ccc6b08bd7dc8f05902bac53d8c960530caa70973bbcf7d9e42ab93c85a077c,cache/market_breadth/members/nasdaq.json;cache/market_breadth/snapshots/nasdaq.json,Composite business still references; approval required before archive
US.SCHL,cache/market_breadth/prices/US.SCHL.json,14500,bdba8a6ab67a2b50803ead286942daa4166e22b579eafb83256889921e2d4504,cache/market_breadth/members/nasdaq.json;cache/market_breadth/snapshots/nasdaq.json,Composite business still references; approval required before archive
US.SCII,cache/market_breadth/prices/US.SCII.json,3851,0d82d89b4a5ab2d41145b85113d624083eb94111d0ef81277af2fbd3ba427e29,cache/market_breadth/members/nasdaq.json;cache/market_breadth/snapshots/nasdaq.json,Composite business still references; approval required before archive
US.SCKT,cache/market_breadth/prices/US.SCKT.json,14462,6d6ee3fe1cae46d592aded8a65c2b349c7868df5f844ef68c018cd1f87014028,cache/market_breadth/members/nasdaq.json;cache/market_breadth/snapshots/nasdaq.json,Composite business still references; approval required before archive
US.SCLX,cache/market_breadth/prices/US.SCLX.json,14295,12cdbde1dcf0af3d3df706099ec56208003dc442cbe5db61bae5d272c4761d29,cache/market_breadth/members/nasdaq.json;cache/market_breadth/snapshots/nasdaq.json,Composite business still references; approval required before archive
US.SCNI,cache/market_breadth/prices/US.SCNI.json,14250,14a28a62417c17c283daed5b3714454f3ae191ff817d6e9076a7cd5b2c9685fe,cache/market_breadth/members/nasdaq.json;cache/market_breadth/snapshots/nasdaq.json,Composite business still references; approval required before archive
US.SCNX,cache/market_breadth/prices/US.SCNX.json,14617,9511e04bc34f448b8445932c083209d154707ba836fc3b7bb1cdd55dff87b177,cache/market_breadth/members/nasdaq.json;cache/market_breadth/snapshots/nasdaq.json,Composite business still references; approval required before archive
US.SCOR,cache/market_breadth/prices/US.SCOR.json,14123,8d43928e5a047f6e29bfa4d3131f1374b78f2c81f0137d837c969d1adf91cd26,cache/market_breadth/members/nasdaq.json;cache/market_breadth/snapshots/nasdaq.json,Composite business still references; approval required before archive
US.SCPQ,cache/market_breadth/prices/US.SCPQ.json,1766,876707bfb9b3b41e7fc1ed765d1d10663f222b43f9ad139d8dba794816a4c18e,cache/market_breadth/members/nasdaq.json;cache/market_breadth/snapshots/nasdaq.json,Composite business still references; approval required before archive
US.SCSC,cache/market_breadth/prices/US.SCSC.json,14763,76da3cf826d50a1c283069020ce959c16b25a51f1237d8f9e849273291c1359e,cache/market_breadth/members/nasdaq.json;cache/market_breadth/snapshots/nasdaq.json,Composite business still references; approval required before archive
US.SCTX,cache/market_breadth/prices/US.SCTX.json,1797,a566844854b53e45eff74aaca10d34de140981791dced092d301d58b5a8393ba,cache/market_breadth/members/nasdaq.json;cache/market_breadth/snapshots/nasdaq.json,Composite business still references; approval required before archive
US.SCWO,cache/market_breadth/prices/US.SCWO.json,14226,da7235223d500fc50b92c79b3a528a411368d29f1ab38d319910f659d8fcf27e,cache/market_breadth/members/nasdaq.json;cache/market_breadth/snapshots/nasdaq.json,Composite business still references; approval required before archive
US.SCYX,cache/market_breadth/prices/US.SCYX.json,14475,d0e9c2dc8cabaecbdf8929b756214d84b8828ae2f785660680c960b925235cec,cache/market_breadth/members/nasdaq.json;cache/market_breadth/snapshots/nasdaq.json,Composite business still references; approval required before archive
US.SCZM,cache/market_breadth/prices/US.SCZM.json,6221,e817c5984b3b842a2f49065066cc2d98af704072cc36861bba37293895dbcb7d,cache/market_breadth/members/nasdaq.json;cache/market_breadth/snapshots/nasdaq.json,Composite business still references; approval required before archive
US.SDA,cache/market_breadth/prices/US.SDA.json,17222,b79ef3f483bc7bfd4ea9032e9095ce66dbd122eb1e3779cd3bc069bf5de4f429,cache/market_breadth/members/nasdaq.json;cache/market_breadth/snapshots/nasdaq.json,Composite business still references; approval required before archive
US.SDGR,cache/market_breadth/prices/US.SDGR.json,14504,bc76ffca2561b618bff4afcedc68fa8c437b20a0a48edd218876a30f551a7824,cache/market_breadth/members/nasdaq.json;cache/market_breadth/snapshots/nasdaq.json,Composite business still references; approval required before archive
US.SDHI,cache/market_breadth/prices/US.SDHI.json,6959,4599505738f6b847f8c1b1d6c97148e55d75bbc28db66b24965d9c52571a817d,cache/market_breadth/members/nasdaq.json;cache/market_breadth/snapshots/nasdaq.json,Composite business still references; approval required before archive
US.SDOT,cache/market_breadth/prices/US.SDOT.json,14438,214cd3590272f287f6d71b425ff9c19bb05b8d932527c6822fc7e23675bea3b1,cache/market_breadth/members/nasdaq.json;cache/market_breadth/snapshots/nasdaq.json,Composite business still references; approval required before archive
US.SDST,cache/market_breadth/prices/US.SDST.json,14261,8a4c59c92b0b82e42f5fc8f0109f91d42649c52888c16a0d8eee3687a54e4207,cache/market_breadth/members/nasdaq.json;cache/market_breadth/snapshots/nasdaq.json,Composite business still references; approval required before archive
US.SEAT,cache/market_breadth/prices/US.SEAT.json,14190,7928a9ae014f99012bba24c609f741e48beea0e15dcb002fc1a0cbc36c84fd45,cache/market_breadth/members/nasdaq.json;cache/market_breadth/snapshots/nasdaq.json,Composite business still references; approval required before archive
US.SEDG,cache/market_breadth/prices/US.SEDG.json,14513,44d933449077b7f6d11e4df84bbc5de61c8b0210db9c1b5d2d52286e1234d36a,cache/market_breadth/members/nasdaq.json;cache/market_breadth/snapshots/nasdaq.json,Composite business still references; approval required before archive
US.SEED,cache/market_breadth/prices/US.SEED.json,14279,760bc5b8cc606068142752dce5239c27a8117433830e22d163a6671729ba7b94,cache/market_breadth/members/nasdaq.json;cache/market_breadth/snapshots/nasdaq.json,Composite business still references; approval required before archive
US.SEER,cache/market_breadth/prices/US.SEER.json,14111,fd9ccb90a799c83a1da77a92766570662fd155a51b3bb03a77c13a1ca3eae5d0,cache/market_breadth/members/nasdaq.json;cache/market_breadth/snapshots/nasdaq.json,Composite business still references; approval required before archive
US.SEGG,cache/market_breadth/prices/US.SEGG.json,11185,25857e6af024cde6aad110b2d6e223359f10189b7949ab0fb6dce0538e299432,cache/market_breadth/members/nasdaq.json;cache/market_breadth/snapshots/nasdaq.json,Composite business still references; approval required before archive
US.SEIC,cache/market_breadth/prices/US.SEIC.json,14562,b6d53244234df07f3b9ff4f7baccda6eceecb9c6bba093108a9b1690e61afdf6,cache/market_breadth/members/nasdaq.json;cache/market_breadth/snapshots/nasdaq.json,Composite business still references; approval required before archive
US.SELF,cache/market_breadth/prices/US.SELF.json,14599,1553eb12b0227cce4889edb376716fb3f5cc0c49dcfc6370c08eccf76d07de08,cache/market_breadth/members/nasdaq.json;cache/market_breadth/snapshots/nasdaq.json,Composite business still references; approval required before archive
US.SENEA,cache/market_breadth/prices/US.SENEA.json,14824,e9a14c345cf731fc9d632fd3e25ee9bb5dd13745725476ae2c54f3689a6d3a07,cache/market_breadth/members/nasdaq.json;cache/market_breadth/snapshots/nasdaq.json,Composite business still references; approval required before archive
US.SENEB,cache/market_breadth/prices/US.SENEB.json,14515,ee3df021a74abb0ea885c99c4de789649ef6791943c9099b2e663df9d1d5c104,cache/market_breadth/members/nasdaq.json;cache/market_breadth/snapshots/nasdaq.json,Composite business still references; approval required before archive
US.SENS,cache/market_breadth/prices/US.SENS.json,14299,0f71646520a98c6cc0411534ba184ab1a47d1b3bcef1ef5f26a61087d164ff9e,cache/market_breadth/members/nasdaq.json;cache/market_breadth/snapshots/nasdaq.json,Composite business still references; approval required before archive
US.SEPN,cache/market_breadth/prices/US.SEPN.json,14437,05409fbd03c3696dd08e5998f4bf3c1b7cb9c1d091990afbb6e8c05cd9bbc120,cache/market_breadth/members/nasdaq.json;cache/market_breadth/snapshots/nasdaq.json,Composite business still references; approval required before archive
US.SERA,cache/market_breadth/prices/US.SERA.json,14090,14f5b8ed67b577afd7f93c6c93c9731356691351d7c4322b36cce35c94b9abbb,cache/market_breadth/members/nasdaq.json;cache/market_breadth/snapshots/nasdaq.json,Composite business still references; approval required before archive
US.SERV,cache/market_breadth/prices/US.SERV.json,14281,2247fa0aecd7bd5acefd1fa28cb79a9590ee9a9ea277d9ff387819b2702c4906,cache/market_breadth/members/nasdaq.json;cache/market_breadth/snapshots/nasdaq.json,Composite business still references; approval required before archive
US.SEV,cache/market_breadth/prices/US.SEV.json,8471,9766d6fdb242f489361865aad31dc7f311f51caf7870687f2da228e123feeab0,cache/market_breadth/members/nasdaq.json;cache/market_breadth/snapshots/nasdaq.json,Composite business still references; approval required before archive
US.SEVN,cache/market_breadth/prices/US.SEVN.json,14178,6ae5f4a10a89c2936aea3b28045b3f751f5d4cdde6eea06505f74a2dfee60155,cache/market_breadth/members/nasdaq.json;cache/market_breadth/snapshots/nasdaq.json,Composite business still references; approval required before archive
US.SEZL,cache/market_breadth/prices/US.SEZL.json,14681,1d386c43d8e2fcb33afd0496360674ef4a2210d8627909eec918befd24d48b95,cache/market_breadth/members/nasdaq.json;cache/market_breadth/snapshots/nasdaq.json,Composite business still references; approval required before archive
US.SFBC,cache/market_breadth/prices/US.SFBC.json,14526,d80ed26417feaeb88021fa456d630cdee841ad9a56b45b3a42175c933a39df42,cache/market_breadth/members/nasdaq.json;cache/market_breadth/snapshots/nasdaq.json,Composite business still references; approval required before archive
US.SFD,cache/market_breadth/prices/US.SFD.json,14830,500a6d0c185a4f749a83bec3153cf3112ce29950126cda45d687591285822640,cache/market_breadth/members/nasdaq.json;cache/market_breadth/snapshots/nasdaq.json,Composite business still references; approval required before archive
US.SFHG,cache/market_breadth/prices/US.SFHG.json,14417,606fe5f922a00a2b22eb0fb75dcbf9c50f05c22a266dbbb6572db782bceeed31,cache/market_breadth/members/nasdaq.json;cache/market_breadth/snapshots/nasdaq.json,Composite business still references; approval required before archive
US.SFIX,cache/market_breadth/prices/US.SFIX.json,14129,5509ec06ff27c7f9aeb3c04f9949fcfec2261b049e9979fcd3778e81765574de,cache/market_breadth/members/nasdaq.json;cache/market_breadth/snapshots/nasdaq.json,Composite business still references; approval required before archive
US.SFM,cache/market_breadth/prices/US.SFM.json,14688,2e12e5853d68b6119b547133b6552d88c3bfc8612a025c53d103503e4532ad42,cache/market_breadth/members/nasdaq.json;cache/market_breadth/snapshots/nasdaq.json,Composite business still references; approval required before archive
US.SFNC,cache/market_breadth/prices/US.SFNC.json,14918,7983c1c215b6ade484cb1d7946996cf2cb84004f7cccbc218a429ff5f92d6cbb,cache/market_breadth/members/nasdaq.json;cache/market_breadth/snapshots/nasdaq.json,Composite business still references; approval required before archive
US.SFST,cache/market_breadth/prices/US.SFST.json,14500,2ac549c8674a80c93654058864520bd57bfbc389ea25de75815053f9617de7d4,cache/market_breadth/members/nasdaq.json;cache/market_breadth/snapshots/nasdaq.json,Composite business still references; approval required before archive
US.SFWL,cache/market_breadth/prices/US.SFWL.json,15066,eb25cba22c65877c007ea72c72a8418e47727f77e3484a42a17b1a4a56152014,cache/market_breadth/members/nasdaq.json;cache/market_breadth/snapshots/nasdaq.json,Composite business still references; approval required before archive
US.SGA,cache/market_breadth/prices/US.SGA.json,14420,113fd3bda52473c747851f1ab1a76eed9ebf560b034cfc3c3525d70a4f5e0ccf,cache/market_breadth/members/nasdaq.json;cache/market_breadth/snapshots/nasdaq.json,Composite business still references; approval required before archive
US.SGC,cache/market_breadth/prices/US.SGC.json,14344,897d1cd83db8f5176af48cb0e31a511a308563f6f477c28093ce8f204602a5c4,cache/market_breadth/members/nasdaq.json;cache/market_breadth/snapshots/nasdaq.json,Composite business still references; approval required before archive
US.SGHT,cache/market_breadth/prices/US.SGHT.json,14115,1d7e870f9ba0a386082e07b3788b261f5b6864e6f437a5609402300ea8edff7f,cache/market_breadth/members/nasdaq.json;cache/market_breadth/snapshots/nasdaq.json,Composite business still references; approval required before archive
US.SGLD,cache/market_breadth/prices/US.SGLD.json,809,3c517445c60e36f286b4aeb591789e98ecab226b8ccf579c769929403e4055a4,cache/market_breadth/members/nasdaq.json;cache/market_breadth/snapshots/nasdaq.json,Composite business still references; approval required before archive
US.SGLY,cache/market_breadth/prices/US.SGLY.json,15063,b5792b7dc1ef2f44da1fb1ad2c804598e316236674589d3bd31595c63ca34685,cache/market_breadth/members/nasdaq.json;cache/market_breadth/snapshots/nasdaq.json,Composite business still references; approval required before archive
US.SGML,cache/market_breadth/prices/US.SGML.json,14335,c2d1103edd919a7927864f61ed0380895a3332662b8f197c27428354d0cd8ac8,cache/market_breadth/members/nasdaq.json;cache/market_breadth/snapshots/nasdaq.json,Composite business still references; approval required before archive
US.SGMT,cache/market_breadth/prices/US.SGMT.json,14160,e4243d32e85e783ba5b48fae632f513fbe4487f617620b3f027537c0f27fd907,cache/market_breadth/members/nasdaq.json;cache/market_breadth/snapshots/nasdaq.json,Composite business still references; approval required before archive
US.SGP,cache/market_breadth/prices/US.SGP.json,14527,5b229276d29c2d379e7d79d3bbcebbc425da4e78fa0a598709bbecd5e01fd9ce,cache/market_breadth/members/nasdaq.json;cache/market_breadth/snapshots/nasdaq.json,Composite business still references; approval required before archive
US.SGRX,cache/market_breadth/prices/US.SGRX.json,707,45a5dfbb5aef2cc90f67c7b544ee9aefde5b984eeef85a0fa83bb85893d17d83,cache/market_breadth/members/nasdaq.json;cache/market_breadth/snapshots/nasdaq.json,Composite business still references; approval required before archive
US.SGRY,cache/market_breadth/prices/US.SGRY.json,14493,00f5c5e04c4000407a48b4639586a7945b71a6d67846595aaac071aa445ff1a7,cache/market_breadth/members/nasdaq.json;cache/market_breadth/snapshots/nasdaq.json,Composite business still references; approval required before archive
US.SHAZ,cache/market_breadth/prices/US.SHAZ.json,5675,4a181b8f9d854f30788ce37b0ec277c86e5cf726ed678f61708000f143590987,cache/market_breadth/members/nasdaq.json;cache/market_breadth/snapshots/nasdaq.json,Composite business still references; approval required before archive
US.SHBI,cache/market_breadth/prices/US.SHBI.json,14519,5fc198dca2c5da769b597b102e6a071ea1ea14d91c4bc0019e2394f636e065f1,cache/market_breadth/members/nasdaq.json;cache/market_breadth/snapshots/nasdaq.json,Composite business still references; approval required before archive
US.SHC,cache/market_breadth/prices/US.SHC.json,14496,57538988666219afaa203933cf1bb116815a9404ee99da8b381bbb88a126c2cc,cache/market_breadth/members/nasdaq.json;cache/market_breadth/snapshots/nasdaq.json,Composite business still references; approval required before archive
US.SHEN,cache/market_breadth/prices/US.SHEN.json,14519,f54037c842d39a4234ea36fcb784561ac0e5c63a8b1fa70d3309022515ae703e,cache/market_breadth/members/nasdaq.json;cache/market_breadth/snapshots/nasdaq.json,Composite business still references; approval required before archive
US.SHFS,cache/market_breadth/prices/US.SHFS.json,14614,9a20bd4fbbb63d3d97cbfcc9c48a19859aac00ca6c8f82da8f7b9f668d4719da,cache/market_breadth/members/nasdaq.json;cache/market_breadth/snapshots/nasdaq.json,Composite business still references; approval required before archive
US.SHIM,cache/market_breadth/prices/US.SHIM.json,14135,6ea6204726270b65581d1064a8672bbed4921e6a923ceec32c906bd6290902b1,cache/market_breadth/members/nasdaq.json;cache/market_breadth/snapshots/nasdaq.json,Composite business still references; approval required before archive
US.SHIP,cache/market_breadth/prices/US.SHIP.json,14330,175333d7e0bf3dd57c4d998e112987dc5457748c0920c80493dd51078d71ca7d,cache/market_breadth/members/nasdaq.json;cache/market_breadth/snapshots/nasdaq.json,Composite business still references; approval required before archive
US.SHLS,cache/market_breadth/prices/US.SHLS.json,14178,89f8963fc9b1cf2b2c3a891e9d6e52121761b22c966c497a09bae83a7b0dd93c,cache/market_breadth/members/nasdaq.json;cache/market_breadth/snapshots/nasdaq.json,Composite business still references; approval required before archive
US.SHMD,cache/market_breadth/prices/US.SHMD.json,14158,f2d8009575051f126568ef3a08fc60627535cbad496cbe98299993357f657c6a,cache/market_breadth/members/nasdaq.json;cache/market_breadth/snapshots/nasdaq.json,Composite business still references; approval required before archive
US.SHOE,cache/market_breadth/prices/US.SHOE.json,2803,ccfffc2c1c9c648d556e2f9ec25c0d58ff0ec460443c8166fd74332766256dcd,cache/market_breadth/members/nasdaq.json;cache/market_breadth/snapshots/nasdaq.json,Composite business still references; approval required before archive
US.SHOO,cache/market_breadth/prices/US.SHOO.json,14514,5965d61fb0e2ad3cf6ad07788c2c31ed5eddee6cb5f93e21683ddab3dcc0e9ac,cache/market_breadth/members/nasdaq.json;cache/market_breadth/snapshots/nasdaq.json,Composite business still references; approval required before archive
US.SHOT,cache/market_breadth/prices/US.SHOT.json,14805,3a160247054047ae87d012eaa5d4c614497ec9ea82c9d2c8c7d9cf6ee001985f,cache/market_breadth/members/nasdaq.json;cache/market_breadth/snapshots/nasdaq.json,Composite business still references; approval required before archive
US.SHPH,cache/market_breadth/prices/US.SHPH.json,14272,9c40f6c4dbffa3aa34cffe27aabadf4a306d16603b9ea7d0906c91331ebbe2e1,cache/market_breadth/members/nasdaq.json;cache/market_breadth/snapshots/nasdaq.json,Composite business still references; approval required before archive
US.SIBN,cache/market_breadth/prices/US.SIBN.json,14501,23210499032d56e420bb75fc7492ff023e75cc6d534d58f89335f2e38089d3c3,cache/market_breadth/members/nasdaq.json;cache/market_breadth/snapshots/nasdaq.json,Composite business still references; approval required before archive
US.SIDU,cache/market_breadth/prices/US.SIDU.json,14164,c68ecf3548ec1408094eb7fd0ac91ad31b6ec21384b2d62100fdcf8852544b0d,cache/market_breadth/members/nasdaq.json;cache/market_breadth/snapshots/nasdaq.json,Composite business still references; approval required before archive
US.SIEB,cache/market_breadth/prices/US.SIEB.json,14106,ee5d5eabb256921316faa180823f99dbc5cac7665b2b41c1a80d65324708e0ee,cache/market_breadth/members/nasdaq.json;cache/market_breadth/snapshots/nasdaq.json,Composite business still references; approval required before archive
US.SIFY,cache/market_breadth/prices/US.SIFY.json,14390,c5e648d8ad2447bfeab4f07eedcafe181b162752adfed036e5efeebfef812ade,cache/market_breadth/members/nasdaq.json;cache/market_breadth/snapshots/nasdaq.json,Composite business still references; approval required before archive
US.SIGA,cache/market_breadth/prices/US.SIGA.json,14104,31cb965dcfd52ef5ace458a190e15ef9907fab55ac6d2f3d23da16aa8eb22915,cache/market_breadth/members/nasdaq.json;cache/market_breadth/snapshots/nasdaq.json,Composite business still references; approval required before archive
US.SIGI,cache/market_breadth/prices/US.SIGI.json,14521,0c607d737dd692c47d80d06a5301f870eb26f3ea1ace206446c7670e5dbb06df,cache/market_breadth/members/nasdaq.json;cache/market_breadth/snapshots/nasdaq.json,Composite business still references; approval required before archive
US.SILC,cache/market_breadth/prices/US.SILC.json,14515,85b1ff7682245877aeaf1517b13ed5c2ecb0e156e53e41726b5acb65fbb236fa,cache/market_breadth/members/nasdaq.json;cache/market_breadth/snapshots/nasdaq.json,Composite business still references; approval required before archive
US.SILO,cache/market_breadth/prices/US.SILO.json,14520,31b041324d3959a5d327cfeb16c611c14084ed0f18e8f979ca1bd3b888d19fae,cache/market_breadth/members/nasdaq.json;cache/market_breadth/snapshots/nasdaq.json,Composite business still references; approval required before archive
US.SIMA,cache/market_breadth/prices/US.SIMA.json,13942,d45f2a3abbbe7cc71b7e06bb5772f143a33a8dbeeb32fd11c874371052080e25,cache/market_breadth/members/nasdaq.json;cache/market_breadth/snapshots/nasdaq.json,Composite business still references; approval required before archive
US.SIMO,cache/market_breadth/prices/US.SIMO.json,14678,db1510cafe34cc5a7004f48add89f93eb5cce63e4ae016f93b999a62a121b0f9,cache/market_breadth/members/nasdaq.json;cache/market_breadth/snapshots/nasdaq.json,Composite business still references; approval required before archive
US.SINT,cache/market_breadth/prices/US.SINT.json,14129,860ec77c6cb768997927397f59cf2d1ab8c5b9fa96f40e9447cf27144faf9191,cache/market_breadth/members/nasdaq.json;cache/market_breadth/snapshots/nasdaq.json,Composite business still references; approval required before archive
US.SION,cache/market_breadth/prices/US.SION.json,14461,3e6c71660c987a17fe67993ef663b08ec59bc548112e7c5c29f396f07e66d67e,cache/market_breadth/members/nasdaq.json;cache/market_breadth/snapshots/nasdaq.json,Composite business still references; approval required before archive
US.SIRI,cache/market_breadth/prices/US.SIRI.json,14527,e6ab1edcc4be17b94121cedc02e58170344a2dffd0d820333016c0e83d48c139,cache/market_breadth/members/nasdaq.json;cache/market_breadth/snapshots/nasdaq.json,Composite business still references; approval required before archive
US.SITM,cache/market_breadth/prices/US.SITM.json,14892,2b8dd84f1a3b024a2acf52ab4c1002127de9be917e077cd86097e0c695597769,cache/market_breadth/members/nasdaq.json;cache/market_breadth/snapshots/nasdaq.json,Composite business still references; approval required before archive
US.SJ,cache/market_breadth/prices/US.SJ.json,14437,fcf6a4ed30ad33227ee4483b349b4c2134c7ecdfe6711ca4834b31885bfc79ae,cache/market_breadth/members/nasdaq.json;cache/market_breadth/snapshots/nasdaq.json,Composite business still references; approval required before archive
US.SKHY,cache/market_breadth/prices/US.SKHY.json,2177,1052f1ce3b1265559bb0a1899c2a08795c7f95f6625805ce01cd5fc881e8df68,cache/market_breadth/members/nasdaq.json;cache/market_breadth/snapshots/nasdaq.json,Composite business still references; approval required before archive
US.SKIN,cache/market_breadth/prices/US.SKIN.json,14329,978f7401400d393d6fedbd22c42af6a4f0256554f201c63178a28dd2802911a5,cache/market_breadth/members/nasdaq.json;cache/market_breadth/snapshots/nasdaq.json,Composite business still references; approval required before archive
US.SKK,cache/market_breadth/prices/US.SKK.json,14270,14db949d7deb51e6e9dfaccd78830ce349b05f4f96ee2a69555c73d088e43872,cache/market_breadth/members/nasdaq.json;cache/market_breadth/snapshots/nasdaq.json,Composite business still references; approval required before archive
US.SKWD,cache/market_breadth/prices/US.SKWD.json,14503,325f860aa210c98ed99436f490514bf4846eafb91e374742e6a2b64a8643ff48,cache/market_breadth/members/nasdaq.json;cache/market_breadth/snapshots/nasdaq.json,Composite business still references; approval required before archive
US.SKYA,cache/market_breadth/prices/US.SKYA.json,14083,183d18a6753bfbbd074053cae6d2c5fd5e6cfc33f7985baf4dae789f7aae706c,cache/market_breadth/members/nasdaq.json;cache/market_breadth/snapshots/nasdaq.json,Composite business still references; approval required before archive
US.SKYE,cache/market_breadth/prices/US.SKYE.json,14498,be1987af01f3a89d01ca7263a3b97bcc0a70ff6c0dbc9ed149260b9059b3157f,cache/market_breadth/members/nasdaq.json;cache/market_breadth/snapshots/nasdaq.json,Composite business still references; approval required before archive
US.SKYQ,cache/market_breadth/prices/US.SKYQ.json,14446,123cb02bc5d963ab422f64f0a2b35f7587b817bafe4470bca9e20ae8baae29be,cache/market_breadth/members/nasdaq.json;cache/market_breadth/snapshots/nasdaq.json,Composite business still references; approval required before archive
US.SKYW,cache/market_breadth/prices/US.SKYW.json,14706,615994d85238e03c7b8ac975dc8455cbb3355721b5448355f77aee4a1f7c48d1,cache/market_breadth/members/nasdaq.json;cache/market_breadth/snapshots/nasdaq.json,Composite business still references; approval required before archive
US.SKYX,cache/market_breadth/prices/US.SKYX.json,14140,0bfe4a887ae0bee3557a0be1a2790346b7b3678582ada4e7442823d5304a2274,cache/market_breadth/members/nasdaq.json;cache/market_breadth/snapshots/nasdaq.json,Composite business still references; approval required before archive
US.SLAB,cache/market_breadth/prices/US.SLAB.json,14882,6ea24e9694cd6fb7c3dfbf60f00a0f3dcf79bcb9ad51472a904a8969ba2634d0,cache/market_breadth/members/nasdaq.json;cache/market_breadth/snapshots/nasdaq.json,Composite business still references; approval required before archive
US.SLBT,cache/market_breadth/prices/US.SLBT.json,17371,cd7a1fa5c8745bc8722ccb7753b3d8f94909ae6794cba0142e72ae39306efd64,cache/market_breadth/members/nasdaq.json;cache/market_breadth/snapshots/nasdaq.json,Composite business still references; approval required before archive
US.SLDB,cache/market_breadth/prices/US.SLDB.json,14117,15aab4cb21d6cb7157ee70ddefff86693a220ae1bc738688419387a23304741f,cache/market_breadth/members/nasdaq.json;cache/market_breadth/snapshots/nasdaq.json,Composite business still references; approval required before archive
US.SLDE,cache/market_breadth/prices/US.SLDE.json,11665,bcad7f2a20dd181e16301001616baefa12735ba006fc102c4eb62027e3ac7159,cache/market_breadth/members/nasdaq.json;cache/market_breadth/snapshots/nasdaq.json,Composite business still references; approval required before archive
US.SLDP,cache/market_breadth/prices/US.SLDP.json,14122,bf7504e5067758a370ec4c0acb3e29d050f0e4ef1420e7859ad90352e3d19778,cache/market_breadth/members/nasdaq.json;cache/market_breadth/snapshots/nasdaq.json,Composite business still references; approval required before archive
US.SLE,cache/market_breadth/prices/US.SLE.json,17383,eb431628419074e9cb2feeaff71355dadec2344fdca8a5880d868908f6ae6e64,cache/market_breadth/members/nasdaq.json;cache/market_breadth/snapshots/nasdaq.json,Composite business still references; approval required before archive
US.SLGB,cache/market_breadth/prices/US.SLGB.json,8690,b78ce946b3db1f29b3f8c11cacd732fd83e39ee011a5c53f67adcc0e9aa7bb56,cache/market_breadth/members/nasdaq.json;cache/market_breadth/snapshots/nasdaq.json,Composite business still references; approval required before archive
US.SLGL,cache/market_breadth/prices/US.SLGL.json,14407,fc03f04bb983c165e32228dfa52c7c1c28337707e3cb195f1992ca8159fbcdc1,cache/market_breadth/members/nasdaq.json;cache/market_breadth/snapshots/nasdaq.json,Composite business still references; approval required before archive
US.SLM,cache/market_breadth/prices/US.SLM.json,14510,e31a5e3a101d5b998d4bff327a12d145ce160d999aa9b8c90ee33230887d293d,cache/market_breadth/members/nasdaq.json;cache/market_breadth/snapshots/nasdaq.json,Composite business still references; approval required before archive
US.SLMT,cache/market_breadth/prices/US.SLMT.json,8836,d195c386f64cda6bb8ef9c27d6b0ddb25b3b2de90a3818fe9a624fbde24734b0,cache/market_breadth/members/nasdaq.json;cache/market_breadth/snapshots/nasdaq.json,Composite business still references; approval required before archive
US.SLN,cache/market_breadth/prices/US.SLN.json,14149,fcb369ec24e77294f86932d15d287ad3c659d629c42fe48f70ccc1c4c2f88aea,cache/market_breadth/members/nasdaq.json;cache/market_breadth/snapshots/nasdaq.json,Composite business still references; approval required before archive
US.SLNG,cache/market_breadth/prices/US.SLNG.json,14195,5a70c9c6714f2ea5966b7e90c91576a6937f7b9062d06550cfaa511b8d630f70,cache/market_breadth/members/nasdaq.json;cache/market_breadth/snapshots/nasdaq.json,Composite business still references; approval required before archive
US.SLNH,cache/market_breadth/prices/US.SLNH.json,14363,45dbb4f3b5dace5c47b9777f49c5f0558229477cd87f8b095ea3c711808687b5,cache/market_breadth/members/nasdaq.json;cache/market_breadth/snapshots/nasdaq.json,Composite business still references; approval required before archive
US.SLP,cache/market_breadth/prices/US.SLP.json,14517,087e0d35399bde85f44272155a8b1c4aad477fb109fff8bb11834718ac4d1bde,cache/market_breadth/members/nasdaq.json;cache/market_breadth/snapshots/nasdaq.json,Composite business still references; approval required before archive
US.SLS,cache/market_breadth/prices/US.SLS.json,14188,8148b8930fc338eb18ad8c6d993f4cad693cc9ef0247522b9b285bca0e4f4ed8,cache/market_breadth/members/nasdaq.json;cache/market_breadth/snapshots/nasdaq.json,Composite business still references; approval required before archive
US.SLSN,cache/market_breadth/prices/US.SLSN.json,13184,59a723435ffc7944e0f6f548806609dbcc53fa244371d47ea3db0e23bd4595b0,cache/market_breadth/members/nasdaq.json;cache/market_breadth/snapshots/nasdaq.json,Composite business still references; approval required before archive
US.SLXN,cache/market_breadth/prices/US.SLXN.json,14423,ad513a1da91a3e22d2c23eebf8b9325da858d0fded3b51719132205b5652c8d2,cache/market_breadth/members/nasdaq.json;cache/market_breadth/snapshots/nasdaq.json,Composite business still references; approval required before archive
US.SMBC,cache/market_breadth/prices/US.SMBC.json,14517,332db7270968f973d20c5233f86290d27dcd7547e28ad52873bad513b627a4ae,cache/market_breadth/members/nasdaq.json;cache/market_breadth/snapshots/nasdaq.json,Composite business still references; approval required before archive
US.SMCI,cache/market_breadth/prices/US.SMCI.json,14499,f0a81550d6d348d5c906c9027d908be7232ea4387f062e837fc5bd614644d8e5,cache/market_breadth/members/nasdaq.json;cache/market_breadth/snapshots/nasdaq.json,Composite business still references; approval required before archive
US.SMID,cache/market_breadth/prices/US.SMID.json,14504,ca8452f56f833b385c2414226bdd031a920e13eb78c0d27da07680c8c58e5f8f,cache/market_breadth/members/nasdaq.json;cache/market_breadth/snapshots/nasdaq.json,Composite business still references; approval required before archive
US.SMMT,cache/market_breadth/prices/US.SMMT.json,14528,502cdd47aad9a5d8ee05cc3c72f47f0925f66a5f050a0d824ced5eb179c9deff,cache/market_breadth/members/nasdaq.json;cache/market_breadth/snapshots/nasdaq.json,Composite business still references; approval required before archive
US.SMPL,cache/market_breadth/prices/US.SMPL.json,14508,3ab95bfc12c6e9229118d6c6bb64b4c4412f897f7df6e632e9660df40f755179,cache/market_breadth/members/nasdaq.json;cache/market_breadth/snapshots/nasdaq.json,Composite business still references; approval required before archive
US.SMSI,cache/market_breadth/prices/US.SMSI.json,14452,5b8362e53ed9c3de1338f8662d8b0e517c6a035264e3944944dfcd4a236b7fd4,cache/market_breadth/members/nasdaq.json;cache/market_breadth/snapshots/nasdaq.json,Composite business still references; approval required before archive
US.SMTC,cache/market_breadth/prices/US.SMTC.json,14618,30efdc53077b611257d4802c4670b963f3ac33c6d4ca2d5fdfedccc318b3b261,cache/market_breadth/members/nasdaq.json;cache/market_breadth/snapshots/nasdaq.json,Composite business still references; approval required before archive
US.SMTI,cache/market_breadth/prices/US.SMTI.json,14500,4c2149681acda24ef3b5378790abf2c7c11359517106080a3985ec55331cd8e8,cache/market_breadth/members/nasdaq.json;cache/market_breadth/snapshots/nasdaq.json,Composite business still references; approval required before archive
US.SMTK,cache/market_breadth/prices/US.SMTK.json,14412,ab4349ef40d133ccfc508f0aa78e4e97c9cf1a0d0d4fc180f6b3f4c8d6ae838f,cache/market_breadth/members/nasdaq.json;cache/market_breadth/snapshots/nasdaq.json,Composite business still references; approval required before archive
US.SMX,cache/market_breadth/prices/US.SMX.json,15966,72ce060e4d4b2c6bb4b635bf49d8c4bf46b76fdf07fb42bfbfca003ddebf9eb2,cache/market_breadth/members/nasdaq.json;cache/market_breadth/snapshots/nasdaq.json,Composite business still references; approval required before archive
US.SMXT,cache/market_breadth/prices/US.SMXT.json,14628,8d5fac0d52a9ffb5911db719e3a6022d586ad1f1e571a1a65bca13aec6fd094e,cache/market_breadth/members/nasdaq.json;cache/market_breadth/snapshots/nasdaq.json,Composite business still references; approval required before archive
US.SNAL,cache/market_breadth/prices/US.SNAL.json,14292,7410cf5654b46fefe11c8059ef2775485398bc91f3718c103425312277245020,cache/market_breadth/members/nasdaq.json;cache/market_breadth/snapshots/nasdaq.json,Composite business still references; approval required before archive
US.SND,cache/market_breadth/prices/US.SND.json,14110,b95a90f0d5b546293ca801c8462870421643a458ba1a6143e058af30a44b43ea,cache/market_breadth/members/nasdaq.json;cache/market_breadth/snapshots/nasdaq.json,Composite business still references; approval required before archive
US.SNDL,cache/market_breadth/prices/US.SNDL.json,14119,2337155a5274c83d29b26b3473980ccf4ddc522f89aab8d5c118e56c04949cd0,cache/market_breadth/members/nasdaq.json;cache/market_breadth/snapshots/nasdaq.json,Composite business still references; approval required before archive
US.SNDX,cache/market_breadth/prices/US.SNDX.json,14473,2932145c7a94b3c2b70448ffd8ce7f4a4de56ba550318610578d5977c6bba84b,cache/market_breadth/members/nasdaq.json;cache/market_breadth/snapshots/nasdaq.json,Composite business still references; approval required before archive
US.SNES,cache/market_breadth/prices/US.SNES.json,14145,56e02c8eafcbb621cc153e91d3c45a8d9769804741e59b753c0dd974da2b97c8,cache/market_breadth/members/nasdaq.json;cache/market_breadth/snapshots/nasdaq.json,Composite business still references; approval required before archive
US.SNEX,cache/market_breadth/prices/US.SNEX.json,15117,32a2c4ff23d31acddcc56bc527e1c60db7f0e29cf3feba259077240cf0b07c17,cache/market_breadth/members/nasdaq.json;cache/market_breadth/snapshots/nasdaq.json,Composite business still references; approval required before archive
US.SNFCA,cache/market_breadth/prices/US.SNFCA.json,14155,f4277317fa1c06e5293340091205a67d4d3b28b7e88b2003c19a18de846ae203,cache/market_breadth/members/nasdaq.json;cache/market_breadth/snapshots/nasdaq.json,Composite business still references; approval required before archive
US.SNGX,cache/market_breadth/prices/US.SNGX.json,14292,8aa2522cb858ca6f5eb83db007fa41c43f06b50a07e065c0f8df7593f14557eb,cache/market_breadth/members/nasdaq.json;cache/market_breadth/snapshots/nasdaq.json,Composite business still references; approval required before archive
US.SNOA,cache/market_breadth/prices/US.SNOA.json,14137,1d535a0082cec6bdd20ef79f696e4aa9296cac23e29b0bbb52f446dbd24f4bd8,cache/market_breadth/members/nasdaq.json;cache/market_breadth/snapshots/nasdaq.json,Composite business still references; approval required before archive
US.SNT,cache/market_breadth/prices/US.SNT.json,14161,2fe41128a3e7c085f98430aef2806d95fbb5df3c990b3d664e45b826af9a526b,cache/market_breadth/members/nasdaq.json;cache/market_breadth/snapshots/nasdaq.json,Composite business still references; approval required before archive
US.SNTG,cache/market_breadth/prices/US.SNTG.json,14208,dd93cc4b6793c47d642212b80af51859b3101fc6f0befc320206c268af4eef5d,cache/market_breadth/members/nasdaq.json;cache/market_breadth/snapshots/nasdaq.json,Composite business still references; approval required before archive
US.SNTI,cache/market_breadth/prices/US.SNTI.json,14333,c14c47fe8d807c41ce9d72626eb8cf0d4edebbab4a802f9f92bf4fddca97328f,cache/market_breadth/members/nasdaq.json;cache/market_breadth/snapshots/nasdaq.json,Composite business still references; approval required before archive
US.SNWV,cache/market_breadth/prices/US.SNWV.json,14152,e60b82deb7ee2b5e0a1bea33c3541b2ace95458f3a0a5908239c117a2deb3fde,cache/market_breadth/members/nasdaq.json;cache/market_breadth/snapshots/nasdaq.json,Composite business still references; approval required before archive
US.SNY,cache/market_breadth/prices/US.SNY.json,14886,764a3c15868c7593c715ecaa8b604e67a740fa46d67eede866b6c3db3a1d4a05,cache/market_breadth/members/nasdaq.json;cache/market_breadth/snapshots/nasdaq.json,Composite business still references; approval required before archive
US.SOCA,cache/market_breadth/prices/US.SOCA.json,5196,9db4a713c1a483c56df18965c84a2d71ca5135c3cd7feb7fa63a611ac66ea44d,cache/market_breadth/members/nasdaq.json;cache/market_breadth/snapshots/nasdaq.json,Composite business still references; approval required before archive
US.SOFI,cache/market_breadth/prices/US.SOFI.json,14499,deb3687962f211cb62713145183f7629c241312061381e04d162d53ae64f8cf6,cache/market_breadth/members/nasdaq.json;cache/market_breadth/snapshots/nasdaq.json,Composite business still references; approval required before archive
US.SOGP,cache/market_breadth/prices/US.SOGP.json,14419,673972879c50013b0300a07832984998e822eb1238e7de5b6e8fa30d652a8f80,cache/market_breadth/members/nasdaq.json;cache/market_breadth/snapshots/nasdaq.json,Composite business still references; approval required before archive
US.SOHU,cache/market_breadth/prices/US.SOHU.json,14512,ae7066972b74d2eab3b6fafe79fccbc796e203ef24bc503ddd4640d0b9d9621d,cache/market_breadth/members/nasdaq.json;cache/market_breadth/snapshots/nasdaq.json,Composite business still references; approval required before archive
US.SOLS,cache/market_breadth/prices/US.SOLS.json,8410,81b851e88c553761b5c29eca199b54858ffe17c69b622822b90eb1d0da755d30,cache/market_breadth/members/nasdaq.json;cache/market_breadth/snapshots/nasdaq.json,Composite business still references; approval required before archive
US.SONM,cache/market_breadth/prices/US.SONM.json,14464,97c826f766cdb3b207d9ea9c52c0009305b65bedc2366f757fcf0d4b335cebfe,cache/market_breadth/members/nasdaq.json;cache/market_breadth/snapshots/nasdaq.json,Composite business still references; approval required before archive
US.SONO,cache/market_breadth/prices/US.SONO.json,14482,51a66355bf9c18700b0dd7d6f94b385120b60cdf182010cc6c7ea3f5fccdc431,cache/market_breadth/members/nasdaq.json;cache/market_breadth/snapshots/nasdaq.json,Composite business still references; approval required before archive
US.SOPH,cache/market_breadth/prices/US.SOPH.json,14101,030ecd0349ea5e66d3dc4abb275048343d653ba0819cbe467c7a11994d7cfc6c,cache/market_breadth/members/nasdaq.json;cache/market_breadth/snapshots/nasdaq.json,Composite business still references; approval required before archive
US.SORA,cache/market_breadth/prices/US.SORA.json,11918,f383be3b6f8a466bee861fbb29e5c5ac9741b4e310deb82b657c5820389ca81f,cache/market_breadth/members/nasdaq.json;cache/market_breadth/snapshots/nasdaq.json,Composite business still references; approval required before archive
US.SORN,cache/market_breadth/prices/US.SORN.json,2077,8545ec88b4cf0a8af4191f9c514f8f8767ec51ef0a3fd6622925b0b792cf3738,cache/market_breadth/members/nasdaq.json;cache/market_breadth/snapshots/nasdaq.json,Composite business still references; approval required before archive
US.SOTK,cache/market_breadth/prices/US.SOTK.json,14159,023241c3b005fac96f71626a31b0b1de5993d490d2617d9e4b3f29756c13fe15,cache/market_breadth/members/nasdaq.json;cache/market_breadth/snapshots/nasdaq.json,Composite business still references; approval required before archive
US.SOUN,cache/market_breadth/prices/US.SOUN.json,14266,dc39f751c2556e59b91bf0a6bbbb2188f1555f08d180de498aa7b7b75d44b38c,cache/market_breadth/members/nasdaq.json;cache/market_breadth/snapshots/nasdaq.json,Composite business still references; approval required before archive
US.SOWG,cache/market_breadth/prices/US.SOWG.json,14554,d07c682e02cec2e151e86a4050c45c65e87860d68ea957aaeba0362914a9bf95,cache/market_breadth/members/nasdaq.json;cache/market_breadth/snapshots/nasdaq.json,Composite business still references; approval required before archive
US.SPAI,cache/market_breadth/prices/US.SPAI.json,14112,472b5dc400e3f1d7125e6bc75326db24be24fe290bf081600e62af70e3619adb,cache/market_breadth/members/nasdaq.json;cache/market_breadth/snapshots/nasdaq.json,Composite business still references; approval required before archive
US.SPCB,cache/market_breadth/prices/US.SPCB.json,14298,5de1bc0689689ae420b8a9bd953793c62080bea1b518b2ae75941f0329e8e679,cache/market_breadth/members/nasdaq.json;cache/market_breadth/snapshots/nasdaq.json,Composite business still references; approval required before archive
US.SPEG,cache/market_breadth/prices/US.SPEG.json,6468,3befe63559e4e3d9db83dccd78a167a84f6ac27c13d48058573c1b99358e8b2c,cache/market_breadth/members/nasdaq.json;cache/market_breadth/snapshots/nasdaq.json,Composite business still references; approval required before archive
US.SPFI,cache/market_breadth/prices/US.SPFI.json,14514,247086677856200bdce3db5e3ef9086ab18b81848b03561a3b4a29b9138807f7,cache/market_breadth/members/nasdaq.json;cache/market_breadth/snapshots/nasdaq.json,Composite business still references; approval required before archive
US.SPHL,cache/market_breadth/prices/US.SPHL.json,14403,72c343012944f94aa7f9e8f74a1a239d98c563cab3564768ba74594e0b0e825d,cache/market_breadth/members/nasdaq.json;cache/market_breadth/snapshots/nasdaq.json,Composite business still references; approval required before archive
US.SPKL,cache/market_breadth/prices/US.SPKL.json,14593,1a6c94e1e3aa18d45ddec80203d0479d25b18bac06559e9f4bef74b08a24db93,cache/market_breadth/members/nasdaq.json;cache/market_breadth/snapshots/nasdaq.json,Composite business still references; approval required before archive
US.SPOK,cache/market_breadth/prices/US.SPOK.json,14687,f014507793d1c613e2b50cc4dcbe7aa2ea0cb3ba97a811ff31e534d3f8421ff3,cache/market_breadth/members/nasdaq.json;cache/market_breadth/snapshots/nasdaq.json,Composite business still references; approval required before archive
US.SPPL,cache/market_breadth/prices/US.SPPL.json,14217,651343c2c48246f32752651406fc08e34f6f37fd44fae7f0cf6cd8cddc174661,cache/market_breadth/members/nasdaq.json;cache/market_breadth/snapshots/nasdaq.json,Composite business still references; approval required before archive
US.SPRB,cache/market_breadth/prices/US.SPRB.json,14625,38aa126a94c8fc053c89a660eb298297d294ae9e27d6ddafc888ebd190177872,cache/market_breadth/members/nasdaq.json;cache/market_breadth/snapshots/nasdaq.json,Composite business still references; approval required before archive
US.SPRC,cache/market_breadth/prices/US.SPRC.json,14542,debff15c1ffd9058d668c6b3bf02633762ee59dc45f90aeafb00c71eb20cba98,cache/market_breadth/members/nasdaq.json;cache/market_breadth/snapshots/nasdaq.json,Composite business still references; approval required before archive
US.SPRO,cache/market_breadth/prices/US.SPRO.json,14189,d3c4cbb9396e74705ce6e071ad34a5cbbd9f4f544ef888db104b16fcc6d92ed6,cache/market_breadth/members/nasdaq.json;cache/market_breadth/snapshots/nasdaq.json,Composite business still references; approval required before archive
US.SPRY,cache/market_breadth/prices/US.SPRY.json,14300,9b7c7af2b06c34a99e5eb3a7db046d96243d062a288b1e5346a74216a9e27d0c,cache/market_breadth/members/nasdaq.json;cache/market_breadth/snapshots/nasdaq.json,Composite business still references; approval required before archive
US.SPSC,cache/market_breadth/prices/US.SPSC.json,14684,e05de30935c21f02735380952f77a197d947341561f428f4db0a95b1088dc1a1,cache/market_breadth/members/nasdaq.json;cache/market_breadth/snapshots/nasdaq.json,Composite business still references; approval required before archive
US.SPT,cache/market_breadth/prices/US.SPT.json,14347,a030bdfcf48d3716f792cb17df8f403c8b7ac020e48e7757ffd5fe06b6efc502,cache/market_breadth/members/nasdaq.json;cache/market_breadth/snapshots/nasdaq.json,Composite business still references; approval required before archive
US.SPTX,cache/market_breadth/prices/US.SPTX.json,3838,6facf91e7c0d1758bea4888c3d25de0043d3d6008a0fa7deb2f47dafe8da1840,cache/market_breadth/members/nasdaq.json;cache/market_breadth/snapshots/nasdaq.json,Composite business still references; approval required before archive
US.SPWH,cache/market_breadth/prices/US.SPWH.json,14128,53325dfb7c11c14437c394997eaaa628f80061a221a5d85e3726217f5e6e752d,cache/market_breadth/members/nasdaq.json;cache/market_breadth/snapshots/nasdaq.json,Composite business still references; approval required before archive
US.SPWR,cache/market_breadth/prices/US.SPWR.json,14290,ba16b7bc155d0f3c6b02e251556988828838fed7b9fed6438c70d7b918f3ec65,cache/market_breadth/members/nasdaq.json;cache/market_breadth/snapshots/nasdaq.json,Composite business still references; approval required before archive
US.SQFT,cache/market_breadth/prices/US.SQFT.json,14167,773a4fffcad198248fd5fd3c4b79a80feb21e933108c58fb7ecb05bd1c7c6127,cache/market_breadth/members/nasdaq.json;cache/market_breadth/snapshots/nasdaq.json,Composite business still references; approval required before archive
US.SRAD,cache/market_breadth/prices/US.SRAD.json,14509,c0805119388dd217fbb4837ba6a8499c31900b15e54f92be44ecc96d0b43dd27,cache/market_breadth/members/nasdaq.json;cache/market_breadth/snapshots/nasdaq.json,Composite business still references; approval required before archive
US.SRBK,cache/market_breadth/prices/US.SRBK.json,14505,9e7e3a6e26ea17864c1866d3ddafc2cf5bfa24e87d79492ef14d98d795158d7d,cache/market_breadth/members/nasdaq.json;cache/market_breadth/snapshots/nasdaq.json,Composite business still references; approval required before archive
US.SRCE,cache/market_breadth/prices/US.SRCE.json,14512,62804f6080f7db4ebf9dbb60790950caaf4e269fcd7ecab2c45d4b1447476d0d,cache/market_breadth/members/nasdaq.json;cache/market_breadth/snapshots/nasdaq.json,Composite business still references; approval required before archive
US.SRPT,cache/market_breadth/prices/US.SRPT.json,14529,0e592c2ac11fe750b3282fba7141028647955aa60ce5b6e62c7765aff4f4cd3a,cache/market_breadth/members/nasdaq.json;cache/market_breadth/snapshots/nasdaq.json,Composite business still references; approval required before archive
US.SRRK,cache/market_breadth/prices/US.SRRK.json,14511,3c9bb344476176d572f5a9a1d430d055c0328b66deca84fad7cf31cfa81ad680,cache/market_breadth/members/nasdaq.json;cache/market_breadth/snapshots/nasdaq.json,Composite business still references; approval required before archive
US.SRTA,cache/market_breadth/prices/US.SRTA.json,9604,b1f8279bf502d0180eb0765e0813881ae35b5ba4d59471694960232d13695569,cache/market_breadth/members/nasdaq.json;cache/market_breadth/snapshots/nasdaq.json,Composite business still references; approval required before archive
US.SRTS,cache/market_breadth/prices/US.SRTS.json,14110,aa9cba0a9420d9b0cafda6ee82714904c3923fb26d17a6820e0c60bb301d70cb,cache/market_breadth/members/nasdaq.json;cache/market_breadth/snapshots/nasdaq.json,Composite business still references; approval required before archive
US.SRZN,cache/market_breadth/prices/US.SRZN.json,14470,744cdc540db0bc300efa5cf9b9fcfb04261b797f1b15978f950d1e950685efea,cache/market_breadth/members/nasdaq.json;cache/market_breadth/snapshots/nasdaq.json,Composite business still references; approval required before archive
US.SSAC,cache/market_breadth/prices/US.SSAC.json,5065,473ebf03495b9c6eae2e43c911116c24cc2ea84bc8efca1d6aa3807d96b52c9b,cache/market_breadth/members/nasdaq.json;cache/market_breadth/snapshots/nasdaq.json,Composite business still references; approval required before archive
US.SSBI,cache/market_breadth/prices/US.SSBI.json,14464,9ea9d1f5a6ea8fa58c8348fca1b47fdd82654703531e3b38ca5405353d6ee623,cache/market_breadth/members/nasdaq.json;cache/market_breadth/snapshots/nasdaq.json,Composite business still references; approval required before archive
US.SSEA,cache/market_breadth/prices/US.SSEA.json,5145,8cf29e94bb9dfe15b604e1e76adbbc9993e01118a4e7b1f6453623df3144a66e,cache/market_breadth/members/nasdaq.json;cache/market_breadth/snapshots/nasdaq.json,Composite business still references; approval required before archive
US.SSII,cache/market_breadth/prices/US.SSII.json,12647,9ec696fcad91a7ccc128a42c1ee21787dae1c174808256be25b02b6a2d2984b0,cache/market_breadth/members/nasdaq.json;cache/market_breadth/snapshots/nasdaq.json,Composite business still references; approval required before archive
US.SSM,cache/market_breadth/prices/US.SSM.json,9129,c2ec51bf9fc7c599dfb34e1b6e5bcd2b7ee106be593b14ce1bbe0411d5834210,cache/market_breadth/members/nasdaq.json;cache/market_breadth/snapshots/nasdaq.json,Composite business still references; approval required before archive
US.SSNC,cache/market_breadth/prices/US.SSNC.json,14508,b5f4216c243cbd6ccfb5bb0148d0802d33311d9697ab3d53968527f4a322cd7c,cache/market_breadth/members/nasdaq.json;cache/market_breadth/snapshots/nasdaq.json,Composite business still references; approval required before archive
US.SSP,cache/market_breadth/prices/US.SSP.json,14124,d9c637b566a99006e30e0cc90ed14cc5f6cdbf7525af981e4b6d09d659fb0a9f,cache/market_breadth/members/nasdaq.json;cache/market_breadth/snapshots/nasdaq.json,Composite business still references; approval required before archive
US.SSRM,cache/market_breadth/prices/US.SSRM.json,14501,b7ba9ab08af407d94cee1b3417415c7f4f2c69272178a3a8d0ad21ffc9a005ab,cache/market_breadth/members/nasdaq.json;cache/market_breadth/snapshots/nasdaq.json,Composite business still references; approval required before archive
US.SSTI,cache/market_breadth/prices/US.SSTI.json,14284,ce80837d161060d8302bcc3b3033afcd516e738fa818dfd5041b9de2de5c123b,cache/market_breadth/members/nasdaq.json;cache/market_breadth/snapshots/nasdaq.json,Composite business still references; approval required before archive
US.SSYS,cache/market_breadth/prices/US.SSYS.json,14278,c3136f376b3ada52d2dbe5bfb02603af37b1853b276f264710c936a3a77cff67,cache/market_breadth/members/nasdaq.json;cache/market_breadth/snapshots/nasdaq.json,Composite business still references; approval required before archive
US.STAA,cache/market_breadth/prices/US.STAA.json,14515,c4449e2e93bb4deec986a82aa7830733e99e9931da5b4068b2b85f3c98088907,cache/market_breadth/members/nasdaq.json;cache/market_breadth/snapshots/nasdaq.json,Composite business still references; approval required before archive
US.STAK,cache/market_breadth/prices/US.STAK.json,14329,fe8b37b5d650b0ae3fa44fc84ab1be29764f2c8be88dfbd0e1458aa0973b0832,cache/market_breadth/members/nasdaq.json;cache/market_breadth/snapshots/nasdaq.json,Composite business still references; approval required before archive
US.STBA,cache/market_breadth/prices/US.STBA.json,14511,21f417be555d00fd14689185f0bd70ca3877a2c28c095e1124469def8f07705e,cache/market_breadth/members/nasdaq.json;cache/market_breadth/snapshots/nasdaq.json,Composite business still references; approval required before archive
US.STEP,cache/market_breadth/prices/US.STEP.json,14517,46ecdcf101e4c8f6903759518398724943c49cbd4943f1b68ce7f98ac32a71f3,cache/market_breadth/members/nasdaq.json;cache/market_breadth/snapshots/nasdaq.json,Composite business still references; approval required before archive
US.STEX,cache/market_breadth/prices/US.STEX.json,9460,9e123e29a63697b1ac44622225487dc20ff84cf47bfe13216eac912c34f70e8d,cache/market_breadth/members/nasdaq.json;cache/market_breadth/snapshots/nasdaq.json,Composite business still references; approval required before archive
US.STFS,cache/market_breadth/prices/US.STFS.json,14267,a01ec42f8deb3ee2141e18aa19471fbc42709c7d97a0bfdcc69fff84636cb590,cache/market_breadth/members/nasdaq.json;cache/market_breadth/snapshots/nasdaq.json,Composite business still references; approval required before archive
US.STGW,cache/market_breadth/prices/US.STGW.json,14121,47ee1514bcc784aeb7db7d34c4e6d5df1c5b33a8837464b1826ec54c3c7dc59d,cache/market_breadth/members/nasdaq.json;cache/market_breadth/snapshots/nasdaq.json,Composite business still references; approval required before archive
US.STHO,cache/market_breadth/prices/US.STHO.json,14123,3d2566a30ed1f1d9664710e685d45c09bf41471b93e543697e5587fc121c52a4,cache/market_breadth/members/nasdaq.json;cache/market_breadth/snapshots/nasdaq.json,Composite business still references; approval required before archive
US.STI,cache/market_breadth/prices/US.STI.json,14194,fe61e4c18f739ce1d948a7aed7048b4821f6db2904ec3ad01af78723d5dcbbd7,cache/market_breadth/members/nasdaq.json;cache/market_breadth/snapshots/nasdaq.json,Composite business still references; approval required before archive
US.STIM,cache/market_breadth/prices/US.STIM.json,14125,7e0e92b8ce76c1fe3a96b3b03c347941b122bb6e9af5e2799c659f699177e40f,cache/market_breadth/members/nasdaq.json;cache/market_breadth/snapshots/nasdaq.json,Composite business still references; approval required before archive
US.STKE,cache/market_breadth/prices/US.STKE.json,9405,ae09cef9870788178e0fbd00a4840ec58c3767738ac3ac575be50667411e4a28,cache/market_breadth/members/nasdaq.json;cache/market_breadth/snapshots/nasdaq.json,Composite business still references; approval required before archive
US.STKH,cache/market_breadth/prices/US.STKH.json,14378,a6c85b7fd6fee58ddbe995592a1de5e30291d70d7998d675b8728e17b9c6c06c,cache/market_breadth/members/nasdaq.json;cache/market_breadth/snapshots/nasdaq.json,Composite business still references; approval required before archive
US.STKS,cache/market_breadth/prices/US.STKS.json,14114,318664857fab1bea04564e03e40e0b29a1a42aca958bb466aea04bd7672da8ed,cache/market_breadth/members/nasdaq.json;cache/market_breadth/snapshots/nasdaq.json,Composite business still references; approval required before archive
US.STLD,cache/market_breadth/prices/US.STLD.json,14920,604350dc910241354d999415df7f722141e98f4508abf1318b9834587205e724,cache/market_breadth/members/nasdaq.json;cache/market_breadth/snapshots/nasdaq.json,Composite business still references; approval required before archive
US.STLN,cache/market_breadth/prices/US.STLN.json,1511,779c5b9330b74968d5829c68d6521328e0ebec6deecbbb79bcbf74cb24e74455,cache/market_breadth/members/nasdaq.json;cache/market_breadth/snapshots/nasdaq.json,Composite business still references; approval required before archive
US.STNE,cache/market_breadth/prices/US.STNE.json,14471,16fea22b71cf973bbd526a5a57a2b2de3facdf385fae7fd2f019a2e9bb6228ec,cache/market_breadth/members/nasdaq.json;cache/market_breadth/snapshots/nasdaq.json,Composite business still references; approval required before archive
US.STOK,cache/market_breadth/prices/US.STOK.json,14426,69304635a08a1b226822427e68c5e1b3e72a787915234ca8fdddaeeaa92f3f2f,cache/market_breadth/members/nasdaq.json;cache/market_breadth/snapshots/nasdaq.json,Composite business still references; approval required before archive
US.STRA,cache/market_breadth/prices/US.STRA.json,14513,52f41358ec4033a48593b3d77ca2895e421e0c6b5a3112fa42062848e444f27d,cache/market_breadth/members/nasdaq.json;cache/market_breadth/snapshots/nasdaq.json,Composite business still references; approval required before archive
US.STRL,cache/market_breadth/prices/US.STRL.json,14910,e52742b92fd7cc93b3150c55cebbce0778dc33dced478fd740ae2787f0523d3b,cache/market_breadth/members/nasdaq.json;cache/market_breadth/snapshots/nasdaq.json,Composite business still references; approval required before archive
US.STRO,cache/market_breadth/prices/US.STRO.json,14430,82497df49651dac681d65c51081bb35cf7b4a87649cef428ac84fed8099ae5e4,cache/market_breadth/members/nasdaq.json;cache/market_breadth/snapshots/nasdaq.json,Composite business still references; approval required before archive
US.STRR,cache/market_breadth/prices/US.STRR.json,14375,cfaea943cfd2eeaf5ac8cb3baaaba2f91492c71a4d03602ee46fed4fa31dcf8f,cache/market_breadth/members/nasdaq.json;cache/market_breadth/snapshots/nasdaq.json,Composite business still references; approval required before archive
US.STRT,cache/market_breadth/prices/US.STRT.json,14508,3e518e19792ce438fcf1a0bca7a8b3da2dda4b72937d27b3ea8b7b28b640978c,cache/market_breadth/members/nasdaq.json;cache/market_breadth/snapshots/nasdaq.json,Composite business still references; approval required before archive
US.STRZ,cache/market_breadth/prices/US.STRZ.json,12691,21c6e1af55b4f6c0ae79bd730c12ccec6380f1d6e19830d4c9cfbf5c655010a0,cache/market_breadth/members/nasdaq.json;cache/market_breadth/snapshots/nasdaq.json,Composite business still references; approval required before archive
US.STTK,cache/market_breadth/prices/US.STTK.json,14245,d00549f84fbdc26c801953e5f8ab2cbec8d5610529c2204703e95ce54d32e675,cache/market_breadth/members/nasdaq.json;cache/market_breadth/snapshots/nasdaq.json,Composite business still references; approval required before archive
US.SUGP,cache/market_breadth/prices/US.SUGP.json,14449,efd3797f2212c59e4f3f45a176f923608ab7bcd76dd851ad2f278fadb7eecef4,cache/market_breadth/members/nasdaq.json;cache/market_breadth/snapshots/nasdaq.json,Composite business still references; approval required before archive
US.SUIG,cache/market_breadth/prices/US.SUIG.json,9752,9a976be2fd9615283395644f78d5edfdef3d7375c755d813e99e4723b5e3c707,cache/market_breadth/members/nasdaq.json;cache/market_breadth/snapshots/nasdaq.json,Composite business still references; approval required before archive
US.SUJA,cache/market_breadth/prices/US.SUJA.json,3650,ac5688789e9888cd10e989eaca193b7ec7a3f2bbddb7ded3a9d1d7ddc4fbd137,cache/market_breadth/members/nasdaq.json;cache/market_breadth/snapshots/nasdaq.json,Composite business still references; approval required before archive
US.SUMA,cache/market_breadth/prices/US.SUMA.json,2426,814ca7ce6d8095a157ec62f17d7ccaa9152d626f180d2fe45573bffbdfbc70f5,cache/market_breadth/members/nasdaq.json;cache/market_breadth/snapshots/nasdaq.json,Composite business still references; approval required before archive
US.SUNE,cache/market_breadth/prices/US.SUNE.json,16947,4c6cc5ecd0c538e888dfb43335ee04f58c7a9eb5dec0249fb9cf3e764e778310,cache/market_breadth/members/nasdaq.json;cache/market_breadth/snapshots/nasdaq.json,Composite business still references; approval required before archive
US.SUNS,cache/market_breadth/prices/US.SUNS.json,14267,7c3f8c4106746d5a7bc895356533e572229b475da0a51fb51b008932f9dcb3d5,cache/market_breadth/members/nasdaq.json;cache/market_breadth/snapshots/nasdaq.json,Composite business still references; approval required before archive
US.SUPN,cache/market_breadth/prices/US.SUPN.json,14508,8c1acb261509de79f0c1567307cc22051155d6b303d605ce8b6d86dcf2d0eb97,cache/market_breadth/members/nasdaq.json;cache/market_breadth/snapshots/nasdaq.json,Composite business still references; approval required before archive
US.SUPX,cache/market_breadth/prices/US.SUPX.json,14338,e70f83011cd8ad860521b63523526ce3598ca8df670fd11c3296b20474e9d164,cache/market_breadth/members/nasdaq.json;cache/market_breadth/snapshots/nasdaq.json,Composite business still references; approval required before archive
US.SURG,cache/market_breadth/prices/US.SURG.json,14365,07d7b26bf9238b2d18c1d4d3ffab48069f0614678cf07b4c4b9d742f31d28726,cache/market_breadth/members/nasdaq.json;cache/market_breadth/snapshots/nasdaq.json,Composite business still references; approval required before archive
US.SVA,cache/market_breadth/prices/US.SVA.json,193,8070be054d3cb68935fc0586103984618a35e99342d42c5b551fcbcd981cce17,cache/market_breadth/members/nasdaq.json;cache/market_breadth/snapshots/nasdaq.json,Composite business still references; approval required before archive
US.SVAQ,cache/market_breadth/prices/US.SVAQ.json,4419,f8786ca10a2e16d5fa68710bbd758fc7ba8a69949e7e612cdb9c60c3312a03e4,cache/market_breadth/members/nasdaq.json;cache/market_breadth/snapshots/nasdaq.json,Composite business still references; approval required before archive
US.SVC,cache/market_breadth/prices/US.SVC.json,14191,7b948e77ad452fee7e6776a24f67e99692dcd327d9247eca5c438cfc5752c814,cache/market_breadth/members/nasdaq.json;cache/market_breadth/snapshots/nasdaq.json,Composite business still references; approval required before archive
US.SVCC,cache/market_breadth/prices/US.SVCC.json,16723,42f26263cc7b3f5a2c0ebb70e31ed64d09a1b5a6f62cf87ba2c823540ee1e2e4,cache/market_breadth/members/nasdaq.json;cache/market_breadth/snapshots/nasdaq.json,Composite business still references; approval required before archive
US.SVCO,cache/market_breadth/prices/US.SVCO.json,17260,2a83001187955652f1a2ebfd174add9d3c34b6716a132ecfbc66364dca5a0c8d,cache/market_breadth/members/nasdaq.json;cache/market_breadth/snapshots/nasdaq.json,Composite business still references; approval required before archive
US.SVIA,cache/market_breadth/prices/US.SVIA.json,14262,49ef1aa9d247b09af55d4064543912b1e1395ead6d451019897899a98dc84afe,cache/market_breadth/members/nasdaq.json;cache/market_breadth/snapshots/nasdaq.json,Composite business still references; approval required before archive
US.SVIV,cache/market_breadth/prices/US.SVIV.json,6520,79f0dbc220e4982e80145131bd126eb2713130c2621d5e01c9c4cbb7fafc915d,cache/market_breadth/members/nasdaq.json;cache/market_breadth/snapshots/nasdaq.json,Composite business still references; approval required before archive
US.SVRA,cache/market_breadth/prices/US.SVRA.json,17223,a603ceac2079aa8b482112b619046504aa14abbe357802714f433dc4a6903f67,cache/market_breadth/members/nasdaq.json;cache/market_breadth/snapshots/nasdaq.json,Composite business still references; approval required before archive
US.SVRE,cache/market_breadth/prices/US.SVRE.json,17410,7683b38a9acebb1b421a39c66f07f872f616ca194a111f81ab0ca29c4bdf370d,cache/market_breadth/members/nasdaq.json;cache/market_breadth/snapshots/nasdaq.json,Composite business still references; approval required before archive
US.SVRN,cache/market_breadth/prices/US.SVRN.json,16227,9e54c6a66ac6fdc4c9832b7cea41591e3e3da415af8332555990a2aa3d2ff9cf,cache/market_breadth/members/nasdaq.json;cache/market_breadth/snapshots/nasdaq.json,Composite business still references; approval required before archive
US.SWAG,cache/market_breadth/prices/US.SWAG.json,17141,37c89546ea97c9a17208ed037fef57b6395c689172ee68cb84874e21ebfd2aa8,cache/market_breadth/members/nasdaq.json;cache/market_breadth/snapshots/nasdaq.json,Composite business still references; approval required before archive
US.SWBI,cache/market_breadth/prices/US.SWBI.json,17509,230131773d8fdf5d5912344b96b5fdf048866e0694700a9b050db112a6090889,cache/market_breadth/members/nasdaq.json;cache/market_breadth/snapshots/nasdaq.json,Composite business still references; approval required before archive
US.SWIM,cache/market_breadth/prices/US.SWIM.json,17178,e702dda73f0a48b1b3a8ab1c4f14f50d3e6f5004a60eb8297446ea2fd01de753,cache/market_breadth/members/nasdaq.json;cache/market_breadth/snapshots/nasdaq.json,Composite business still references; approval required before archive
US.SWKS,cache/market_breadth/prices/US.SWKS.json,17679,24af30ecf946d76b75037e2a0998e91c757ee23fc165b8432c130d55879c2165,cache/market_breadth/members/nasdaq.json;cache/market_breadth/snapshots/nasdaq.json,Composite business still references; approval required before archive
US.SWMR,cache/market_breadth/prices/US.SWMR.json,6029,701866436cf67edf17bab0a6c5edb80404115563202b471b6572d5eb78e4ec9e,cache/market_breadth/members/nasdaq.json;cache/market_breadth/snapshots/nasdaq.json,Composite business still references; approval required before archive
US.SWRD,cache/market_breadth/prices/US.SWRD.json,709,a140d2a2a4a0b05adc6bc115b123dd77ce37c810a358453d471a6d531e30f364,cache/market_breadth/members/nasdaq.json;cache/market_breadth/snapshots/nasdaq.json,Composite business still references; approval required before archive
US.SWVL,cache/market_breadth/prices/US.SWVL.json,17209,ca319a38aeded018232f1caa17216ce683d4e6f1098f238e2d3cec717790c931,cache/market_breadth/members/nasdaq.json;cache/market_breadth/snapshots/nasdaq.json,Composite business still references; approval required before archive
US.SXTC,cache/market_breadth/prices/US.SXTC.json,16123,5f843e38a830579241c40c249aa5e1735269b7ea883bcdc92d8d4bddc1cb70d7,cache/market_breadth/members/nasdaq.json;cache/market_breadth/snapshots/nasdaq.json,Composite business still references; approval required before archive
US.SXTP,cache/market_breadth/prices/US.SXTP.json,17197,f1ef24b7253ade93f917d5e1de644c6283e8c19a7b81c793e22d1e0667321c3f,cache/market_breadth/members/nasdaq.json;cache/market_breadth/snapshots/nasdaq.json,Composite business still references; approval required before archive
US.SY,cache/market_breadth/prices/US.SY.json,17240,b51374fe6fbd1d8f678bd3bccb8f8bab3215b9bfe15b6ef294f27e90cb9ba5d8,cache/market_breadth/members/nasdaq.json;cache/market_breadth/snapshots/nasdaq.json,Composite business still references; approval required before archive
US.SYBT,cache/market_breadth/prices/US.SYBT.json,17716,bc82edc246d87b7cdc178d1eab9e61ce661252388acddf9bc59a372dde651fb4,cache/market_breadth/members/nasdaq.json;cache/market_breadth/snapshots/nasdaq.json,Composite business still references; approval required before archive
US.SYM,cache/market_breadth/prices/US.SYM.json,17571,729daa189081765fd73c950560fb96af04bebe9a03e0efe34fe4c6b84970c7a8,cache/market_breadth/members/nasdaq.json;cache/market_breadth/snapshots/nasdaq.json,Composite business still references; approval required before archive
US.SYNA,cache/market_breadth/prices/US.SYNA.json,17618,918f9cacf7924d6b5b3d639baeb53ec9c05eb59760414fbcce3a6b2576543c03,cache/market_breadth/members/nasdaq.json;cache/market_breadth/snapshots/nasdaq.json,Composite business still references; approval required before archive
US.SYPR,cache/market_breadth/prices/US.SYPR.json,17221,fd5d7080fabc3ba746899576f364579607040ed86a7cc5a250c7b619362630bd,cache/market_breadth/members/nasdaq.json;cache/market_breadth/snapshots/nasdaq.json,Composite business still references; approval required before archive
US.SYRE,cache/market_breadth/prices/US.SYRE.json,17541,8ed3a352427df888370b4f71009ae6bb72f8bf1f34b555c06330cc89cd4676e7,cache/market_breadth/members/nasdaq.json;cache/market_breadth/snapshots/nasdaq.json,Composite business still references; approval required before archive
US.SZZL,cache/market_breadth/prices/US.SZZL.json,14848,5e1fb5d8dcffe5f70948a33043da11620b5ad24d910da58e577b73778b14b1e3,cache/market_breadth/members/nasdaq.json;cache/market_breadth/snapshots/nasdaq.json,Composite business still references; approval required before archive
US.TACH,cache/market_breadth/prices/US.TACH.json,14679,76fef90e9d0edfec905554f400fe8446fa3c13edb34e8ca12e9cb9a2f32a102d,cache/market_breadth/members/nasdaq.json;cache/market_breadth/snapshots/nasdaq.json,Composite business still references; approval required before archive
US.TACO,cache/market_breadth/prices/US.TACO.json,14545,f3f1dd906583dd2625db63c596d3867ea99e98748938936cd62459b51d2d7ada,cache/market_breadth/members/nasdaq.json;cache/market_breadth/snapshots/nasdaq.json,Composite business still references; approval required before archive
US.TACT,cache/market_breadth/prices/US.TACT.json,17178,05dcde8fb1e3ca7274d30cb1983b329a7ab581e98f8b2e08ce25e9a9af7bd774,cache/market_breadth/members/nasdaq.json;cache/market_breadth/snapshots/nasdaq.json,Composite business still references; approval required before archive
US.TANH,cache/market_breadth/prices/US.TANH.json,15435,cb4de4a40d5624b776ef15cf3f7fe7c47b5448267150280681d55058b2772b3b,cache/market_breadth/members/nasdaq.json;cache/market_breadth/snapshots/nasdaq.json,Composite business still references; approval required before archive
US.TAOP,cache/market_breadth/prices/US.TAOP.json,17147,25e2feffe7d3dced768547865205286b6ccab80cc6d3492367e172674418489e,cache/market_breadth/members/nasdaq.json;cache/market_breadth/snapshots/nasdaq.json,Composite business still references; approval required before archive
US.TAOX,cache/market_breadth/prices/US.TAOX.json,17236,1b87731d6defa68b417cd26850b609107b704e7685b383fc678655a6dd49d2bc,cache/market_breadth/members/nasdaq.json;cache/market_breadth/snapshots/nasdaq.json,Composite business still references; approval required before archive
US.TARA,cache/market_breadth/prices/US.TARA.json,17156,e6d8f118b82a1d0fadcd03a07f7bcced6db95ccce2cf02cd63438b1024abc5ca,cache/market_breadth/members/nasdaq.json;cache/market_breadth/snapshots/nasdaq.json,Composite business still references; approval required before archive
US.TARS,cache/market_breadth/prices/US.TARS.json,17554,e7b022cf42335ee9398b33c148319305c99bd40a03836b307c49fb0fed8c1489,cache/market_breadth/members/nasdaq.json;cache/market_breadth/snapshots/nasdaq.json,Composite business still references; approval required before archive
US.TASK,cache/market_breadth/prices/US.TASK.json,17389,2c502e3414d2be661520608248a46e0cba43f3f79f676aa99380995894e241b2,cache/market_breadth/members/nasdaq.json;cache/market_breadth/snapshots/nasdaq.json,Composite business still references; approval required before archive
US.TATT,cache/market_breadth/prices/US.TATT.json,17597,9af89ba3e84867f40ee173a52bdd9d5ee54e1c0eaf81db2ac0d05d768a1c8d26,cache/market_breadth/members/nasdaq.json;cache/market_breadth/snapshots/nasdaq.json,Composite business still references; approval required before archive
US.TAVI,cache/market_breadth/prices/US.TAVI.json,17621,87dcaeae681bb9b141053a1c9b4321324c907fd17cf72f01e3af1a5a77920d77,cache/market_breadth/members/nasdaq.json;cache/market_breadth/snapshots/nasdaq.json,Composite business still references; approval required before archive
US.TAYD,cache/market_breadth/prices/US.TAYD.json,17453,f8ec7fda6c54fa7f7f10be3daf4cf75524681d48095c0699669b102e991b1a4f,cache/market_breadth/members/nasdaq.json;cache/market_breadth/snapshots/nasdaq.json,Composite business still references; approval required before archive
US.TBBK,cache/market_breadth/prices/US.TBBK.json,17593,5f4d05054d635419e0152949bcb5f3350bd942e0be974f8a4df9bfb2a69eab54,cache/market_breadth/members/nasdaq.json;cache/market_breadth/snapshots/nasdaq.json,Composite business still references; approval required before archive
US.TBCH,cache/market_breadth/prices/US.TBCH.json,17595,ff99c535ff3dd4ca46c2dcc262932878f63135e05d31610eb4d00597ae9e2f62,cache/market_breadth/members/nasdaq.json;cache/market_breadth/snapshots/nasdaq.json,Composite business still references; approval required before archive
US.TBLA,cache/market_breadth/prices/US.TBLA.json,17182,66e6c312e39c339b0aa4f55cf20031e0e151ba91dc41f9e273e10a896eae481a,cache/market_breadth/members/nasdaq.json;cache/market_breadth/snapshots/nasdaq.json,Composite business still references; approval required before archive
US.TC,cache/market_breadth/prices/US.TC.json,17048,0907183269a0a061fbd62da2b6125e8e88f1125358510f5c0861c5518c7ff426,cache/market_breadth/members/nasdaq.json;cache/market_breadth/snapshots/nasdaq.json,Composite business still references; approval required before archive
US.TCBI,cache/market_breadth/prices/US.TCBI.json,17765,8274276c633d62873c2af771e77c3e828799c1b5b45cef576edb446a09054748,cache/market_breadth/members/nasdaq.json;cache/market_breadth/snapshots/nasdaq.json,Composite business still references; approval required before archive
US.TCBK,cache/market_breadth/prices/US.TCBK.json,17709,b33f0d7581da4508f194a3ecbe0c630963b010b328c8abf7ad9dac2ca3f512d4,cache/market_breadth/members/nasdaq.json;cache/market_breadth/snapshots/nasdaq.json,Composite business still references; approval required before archive
US.TCBS,cache/market_breadth/prices/US.TCBS.json,17656,3372b7b720ba459d2805de9451b3a7626696528bb87abe4b4181ab2cbeb89c31,cache/market_breadth/members/nasdaq.json;cache/market_breadth/snapshots/nasdaq.json,Composite business still references; approval required before archive
US.TCGX,cache/market_breadth/prices/US.TCGX.json,1811,edbf69955c71dfb28a4f783aa8b322f4e52722f2fa55e68b1d2a797be3efe835,cache/market_breadth/members/nasdaq.json;cache/market_breadth/snapshots/nasdaq.json,Composite business still references; approval required before archive
US.TCMD,cache/market_breadth/prices/US.TCMD.json,17557,f5c91807f1a2a5cd8afbbf0595d0804b09ab09a2e82ef8cae1b2fc01d4a455d6,cache/market_breadth/members/nasdaq.json;cache/market_breadth/snapshots/nasdaq.json,Composite business still references; approval required before archive
US.TCOM,cache/market_breadth/prices/US.TCOM.json,17562,ccd67498b7a3038b758ccc7d13d17e424110130cbf74ea5e52fccab9e7a4e44b,cache/market_breadth/members/nasdaq.json;cache/market_breadth/snapshots/nasdaq.json,Composite business still references; approval required before archive
US.TCRT,cache/market_breadth/prices/US.TCRT.json,17149,86ab9a3a52c39587a02ccbcd3ce69b3ce006825c3647a916d320471f278e4be4,cache/market_breadth/members/nasdaq.json;cache/market_breadth/snapshots/nasdaq.json,Composite business still references; approval required before archive
US.TCRX,cache/market_breadth/prices/US.TCRX.json,17236,6bd49cc8398ee05d5445f36e89d4861b96c802a95785ece26a29918b117217fa,cache/market_breadth/members/nasdaq.json;cache/market_breadth/snapshots/nasdaq.json,Composite business still references; approval required before archive
US.TCX,cache/market_breadth/prices/US.TCX.json,17554,710f3aea59644aa27ea4c5f9c0e2297efa5d5394b24a23b1ccf8ef43e91d7bd4,cache/market_breadth/members/nasdaq.json;cache/market_breadth/snapshots/nasdaq.json,Composite business still references; approval required before archive
US.TDAC,cache/market_breadth/prices/US.TDAC.json,17641,3e9b2e5eb0d6ef76a915305a792509244bec11400a08ed5d9bf6b2c63f8747c6,cache/market_breadth/members/nasdaq.json;cache/market_breadth/snapshots/nasdaq.json,Composite business still references; approval required before archive
US.TDIC,cache/market_breadth/prices/US.TDIC.json,11526,5ca7c4aaddbebe4146d5db282e2ce4c2c378abc3f9380afe771fab1fe4b88649,cache/market_breadth/members/nasdaq.json;cache/market_breadth/snapshots/nasdaq.json,Composite business still references; approval required before archive
US.TDTH,cache/market_breadth/prices/US.TDTH.json,17224,640f64faca95de7bd2c7f0f1f7303b6421a6ff6680c3c69c8d5746f2328f03c9,cache/market_breadth/members/nasdaq.json;cache/market_breadth/snapshots/nasdaq.json,Composite business still references; approval required before archive
US.TDUP,cache/market_breadth/prices/US.TDUP.json,17185,48cb5d790f42215e92effd2921a1db4c13f099aff3dbc8a4310220617844a6e1,cache/market_breadth/members/nasdaq.json;cache/market_breadth/snapshots/nasdaq.json,Composite business still references; approval required before archive
US.TDWD,cache/market_breadth/prices/US.TDWD.json,8877,4772c9d5035f5887effde78c897f349446ffbd6329b5c4321d0bd289f6acf255,cache/market_breadth/members/nasdaq.json;cache/market_breadth/snapshots/nasdaq.json,Composite business still references; approval required before archive
US.TEAD,cache/market_breadth/prices/US.TEAD.json,17231,d12bc32fca55a60411de638991cd2738bd9bba06e91c7441964e1282204d0df5,cache/market_breadth/members/nasdaq.json;cache/market_breadth/snapshots/nasdaq.json,Composite business still references; approval required before archive
US.TEAM,cache/market_breadth/prices/US.TEAM.json,17818,6117cf790e078061cdd24a1a4c58798187cb21f99901a002a2cf008847b69d0a,cache/market_breadth/members/nasdaq.json;cache/market_breadth/snapshots/nasdaq.json,Composite business still references; approval required before archive
US.TECH,cache/market_breadth/prices/US.TECH.json,17689,4f785ed6567e6048eed4722f5d482389fe29a554bbf2799f7a63a4f8313b9e45,cache/market_breadth/members/nasdaq.json;cache/market_breadth/snapshots/nasdaq.json,Composite business still references; approval required before archive
US.TECX,cache/market_breadth/prices/US.TECX.json,17594,0002e5ef534e4e1149f5621927e391568ee9fca1f46768e1e760d6358a5d96c3,cache/market_breadth/members/nasdaq.json;cache/market_breadth/snapshots/nasdaq.json,Composite business still references; approval required before archive
US.TELA,cache/market_breadth/prices/US.TELA.json,17197,7eb9d038c14b6500172f27718f13e77bc298e465b4123accc4bed971447fb2c8,cache/market_breadth/members/nasdaq.json;cache/market_breadth/snapshots/nasdaq.json,Composite business still references; approval required before archive
US.TELO,cache/market_breadth/prices/US.TELO.json,17180,659512dfb4e1b702f4283c4c6ddc5349a82026ddaa9a8ee201531f48fdac62b5,cache/market_breadth/members/nasdaq.json;cache/market_breadth/snapshots/nasdaq.json,Composite business still references; approval required before archive
US.TEM,cache/market_breadth/prices/US.TEM.json,17622,0e27991119bb96a65b526480cce8d6aa9a919949db48726c048e352b3b3e10c6,cache/market_breadth/members/nasdaq.json;cache/market_breadth/snapshots/nasdaq.json,Composite business still references; approval required before archive
US.TENB,cache/market_breadth/prices/US.TENB.json,17591,df64cc020f221f4e0d78ff89d23d1fa0909c686c70f1cb48440e2f13ec77c8b2,cache/market_breadth/members/nasdaq.json;cache/market_breadth/snapshots/nasdaq.json,Composite business still references; approval required before archive
US.TENX,cache/market_breadth/prices/US.TENX.json,17245,691591f564dc16fddf06b85dd2468898e11964f67d52fefb701ca53f31ce724a,cache/market_breadth/members/nasdaq.json;cache/market_breadth/snapshots/nasdaq.json,Composite business still references; approval required before archive
US.TFSL,cache/market_breadth/prices/US.TFSL.json,17683,0d6cd42eb3b2278c84e52436871168f7ca1eb53a14ab5bc77c2d011e529a2c7e,cache/market_breadth/members/nasdaq.json;cache/market_breadth/snapshots/nasdaq.json,Composite business still references; approval required before archive
US.TGHL,cache/market_breadth/prices/US.TGHL.json,11797,458b74bb3b69e1a0d32b3174e18bf6d880731748574bcc0bb24a56ff7350e5d7,cache/market_breadth/members/nasdaq.json;cache/market_breadth/snapshots/nasdaq.json,Composite business still references; approval required before archive
US.TGL,cache/market_breadth/prices/US.TGL.json,16927,23b851b24527fec1119c1bb94956cf7c1cf6ca702ad59be36738cc39fbea4f8d,cache/market_breadth/members/nasdaq.json;cache/market_breadth/snapshots/nasdaq.json,Composite business still references; approval required before archive
US.TGTX,cache/market_breadth/prices/US.TGTX.json,17535,da87f141417ef9306fad787bb81a7b8f98071e72829b47f5bbf92760e24cffc3,cache/market_breadth/members/nasdaq.json;cache/market_breadth/snapshots/nasdaq.json,Composite business still references; approval required before archive
US.TH,cache/market_breadth/prices/US.TH.json,17241,706bd862cfebdda282a0e7fdf74548e69c2ff94ccfad3950eb0e94676cdf0f17,cache/market_breadth/members/nasdaq.json;cache/market_breadth/snapshots/nasdaq.json,Composite business still references; approval required before archive
US.THCH,cache/market_breadth/prices/US.THCH.json,17227,0e2ef80024ce77b6bed67ed9fa521cb6cf132792365ea107a27442579f0f8253,cache/market_breadth/members/nasdaq.json;cache/market_breadth/snapshots/nasdaq.json,Composite business still references; approval required before archive
US.THEO,cache/market_breadth/prices/US.THEO.json,1483,1eca2def7b23d814640356c9e9e47f65c6ce2fcd91473f0da20c1e3f1424f4a9,cache/market_breadth/members/nasdaq.json;cache/market_breadth/snapshots/nasdaq.json,Composite business still references; approval required before archive
US.THFF,cache/market_breadth/prices/US.THFF.json,17696,929fa9ce90b462007a2da43bdb9f5cc2f22efd7e85eef2105d20dcaefaf36d55,cache/market_breadth/members/nasdaq.json;cache/market_breadth/snapshots/nasdaq.json,Composite business still references; approval required before archive
US.THH,cache/market_breadth/prices/US.THH.json,11570,2e8b6c8addc854a82259f5b45c07bee3206611db92d952cd02f9a9cbe1dea24c,cache/market_breadth/members/nasdaq.json;cache/market_breadth/snapshots/nasdaq.json,Composite business still references; approval required before archive
US.THRM,cache/market_breadth/prices/US.THRM.json,17581,7947a10e6490d191dda64e734cef711e3230c1cf91f1ec84a5f05dac92e47597,cache/market_breadth/members/nasdaq.json;cache/market_breadth/snapshots/nasdaq.json,Composite business still references; approval required before archive
US.THRY,cache/market_breadth/prices/US.THRY.json,17376,09528f07d197fe2d29988a100c353f98d9d49e21e6e535780be4139c9c8b5012,cache/market_breadth/members/nasdaq.json;cache/market_breadth/snapshots/nasdaq.json,Composite business still references; approval required before archive
US.TIGO,cache/market_breadth/prices/US.TIGO.json,17676,2f60af309c1dc8d0a59e37c7b9afd8ccaf4774d47368cf4d9b574453239b1046,cache/market_breadth/members/nasdaq.json;cache/market_breadth/snapshots/nasdaq.json,Composite business still references; approval required before archive
US.TIGR,cache/market_breadth/prices/US.TIGR.json,17284,296f89b09703ba86a848dbffe793e531068690dab0e87dad63e72384465ebc8c,cache/market_breadth/members/nasdaq.json;cache/market_breadth/snapshots/nasdaq.json,Composite business still references; approval required before archive
US.TIL,cache/market_breadth/prices/US.TIL.json,17299,3df5a95959fb624ac2a5f187a9400fbe0867bb1b0fd231314547cc9221b82183,cache/market_breadth/members/nasdaq.json;cache/market_breadth/snapshots/nasdaq.json,Composite business still references; approval required before archive
US.TILE,cache/market_breadth/prices/US.TILE.json,17705,9a7e921b0e6cab439b868db6cad700c97ad5a1744ce3bc5d8f68108062534869,cache/market_breadth/members/nasdaq.json;cache/market_breadth/snapshots/nasdaq.json,Composite business still references; approval required before archive
US.TIPT,cache/market_breadth/prices/US.TIPT.json,17704,95391db21c9ac5b9f9d3676966e5116dbc7133e340aab33c0249321fdb5304b9,cache/market_breadth/members/nasdaq.json;cache/market_breadth/snapshots/nasdaq.json,Composite business still references; approval required before archive
US.TITN,cache/market_breadth/prices/US.TITN.json,17629,268b7788437e141f12929fae189bbae06e6836251a2d2efbba585b4925d50a61,cache/market_breadth/members/nasdaq.json;cache/market_breadth/snapshots/nasdaq.json,Composite business still references; approval required before archive
US.TJGC,cache/market_breadth/prices/US.TJGC.json,17288,4abd95c65cb743956f7f68fc86369760dea02b51455451e94903576832ce3a27,cache/market_breadth/members/nasdaq.json;cache/market_breadth/snapshots/nasdaq.json,Composite business still references; approval required before archive
US.TKLF,cache/market_breadth/prices/US.TKLF.json,17174,9f087799cc20f44df3364f6367a135fe1f06fb8cb913c4d1c2abec0fdf083c04,cache/market_breadth/members/nasdaq.json;cache/market_breadth/snapshots/nasdaq.json,Composite business still references; approval required before archive
US.TKNO,cache/market_breadth/prices/US.TKNO.json,17189,65031dafe9b2118c497c6817cdb9f6c207e490b1f7ef58c9dfc566713a292cba,cache/market_breadth/members/nasdaq.json;cache/market_breadth/snapshots/nasdaq.json,Composite business still references; approval required before archive
US.TLAC,cache/market_breadth/prices/US.TLAC.json,494,e56a240ff8b1a99b46f6286a9f3628df88e85d0c15714b668d067c776498c54c,cache/market_breadth/members/nasdaq.json;cache/market_breadth/snapshots/nasdaq.json,Composite business still references; approval required before archive
US.TLF,cache/market_breadth/prices/US.TLF.json,17332,9ad85f03c27981157b0815e74b785d639594ae5adc4ec25386110287b237936f,cache/market_breadth/members/nasdaq.json;cache/market_breadth/snapshots/nasdaq.json,Composite business still references; approval required before archive
US.TLIH,cache/market_breadth/prices/US.TLIH.json,13191,4416845e1a542e42ebc2daf8e1dc2ff781b0b36d79d55fa298437ebb51383ef7,cache/market_breadth/members/nasdaq.json;cache/market_breadth/snapshots/nasdaq.json,Composite business still references; approval required before archive
US.TLN,cache/market_breadth/prices/US.TLN.json,17918,2d7cce177c85d0578107324d85e0609fa930affe084e0e65fb0dcf813f8e6bfd,cache/market_breadth/members/nasdaq.json;cache/market_breadth/snapshots/nasdaq.json,Composite business still references; approval required before archive
US.TLNC,cache/market_breadth/prices/US.TLNC.json,10714,2374075871f59c3ff9e566b5b9e8229532692b3d7c4a71676649072e8b3ebb47,cache/market_breadth/members/nasdaq.json;cache/market_breadth/snapshots/nasdaq.json,Composite business still references; approval required before archive
US.TLPH,cache/market_breadth/prices/US.TLPH.json,17162,07cdc195beba29837fdcfd78b811cd5393bc1f0179f72bc1c8f0e344344b3833,cache/market_breadth/members/nasdaq.json;cache/market_breadth/snapshots/nasdaq.json,Composite business still references; approval required before archive
US.TLRY,cache/market_breadth/prices/US.TLRY.json,17026,50929d5e92308c3a19726928fef1e15e2203268e4a63abe64bfdcd1332361b40,cache/market_breadth/members/nasdaq.json;cache/market_breadth/snapshots/nasdaq.json,Composite business still references; approval required before archive
US.TLS,cache/market_breadth/prices/US.TLS.json,17257,45e1904cec74e04fd8aa08863815410cff7650199ba5aa491b4080cc69e000aa,cache/market_breadth/members/nasdaq.json;cache/market_breadth/snapshots/nasdaq.json,Composite business still references; approval required before archive
US.TLSA,cache/market_breadth/prices/US.TLSA.json,17154,a0f2a732862b214f149c1dfd1b350293a3dec5e983d0d55c4d0a507d76db5e13,cache/market_breadth/members/nasdaq.json;cache/market_breadth/snapshots/nasdaq.json,Composite business still references; approval required before archive
US.TLSI,cache/market_breadth/prices/US.TLSI.json,17167,0637544fe2a571678b34620ee9bc0fa1860a4763c0289818e3954aa72622f78c,cache/market_breadth/members/nasdaq.json;cache/market_breadth/snapshots/nasdaq.json,Composite business still references; approval required before archive
US.TLX,cache/market_breadth/prices/US.TLX.json,17412,10869105cc18faf7455f502646c66d43b80b59901355b6649a1ca8a146b2097c,cache/market_breadth/members/nasdaq.json;cache/market_breadth/snapshots/nasdaq.json,Composite business still references; approval required before archive
US.TMC,cache/market_breadth/prices/US.TMC.json,17277,d86c2decddf6546165ca38d937a8414f0cbb89d3a9adc9b25759b4170a61da43,cache/market_breadth/members/nasdaq.json;cache/market_breadth/snapshots/nasdaq.json,Composite business still references; approval required before archive
US.TMCI,cache/market_breadth/prices/US.TMCI.json,14103,b9c04b6b07742240f4f4b63c981100c0cf3a3cd5d090370514791cc04bde0a13,cache/market_breadth/members/nasdaq.json;cache/market_breadth/snapshots/nasdaq.json,Composite business still references; approval required before archive
US.TMCR,cache/market_breadth/prices/US.TMCR.json,5221,8e2ce444203cadaf1300462499b91ec928422bd3fae460eb0e18120b9807c347,cache/market_breadth/members/nasdaq.json;cache/market_breadth/snapshots/nasdaq.json,Composite business still references; approval required before archive
US.TMDX,cache/market_breadth/prices/US.TMDX.json,17801,9752f6c7a14f0b525d5ab1cdf99c66e6b8dfc2a92d907721cb967202aa9fa6c1,cache/market_breadth/members/nasdaq.json;cache/market_breadth/snapshots/nasdaq.json,Composite business still references; approval required before archive
US.TMS,cache/market_breadth/prices/US.TMS.json,15753,f60403dffbdde8ab3fdc0a4e4dea514b976f3867be0e31257f0aa8b02bea978e,cache/market_breadth/members/nasdaq.json;cache/market_breadth/snapshots/nasdaq.json,Composite business still references; approval required before archive
US.TMTS,cache/market_breadth/prices/US.TMTS.json,11295,1444e05e815fb9ab12e8d3e0e3feeb5c19737a941fd0e661707781c5bf4c6df8,cache/market_breadth/members/nasdaq.json;cache/market_breadth/snapshots/nasdaq.json,Composite business still references; approval required before archive
US.TNDM,cache/market_breadth/prices/US.TNDM.json,14521,ca1bc18ab132d2fcb6342223d29c0699c7049663ce0ef1695e7b6d40dc60eae7,cache/market_breadth/members/nasdaq.json;cache/market_breadth/snapshots/nasdaq.json,Composite business still references; approval required before archive
US.TNGX,cache/market_breadth/prices/US.TNGX.json,14300,a6f60df8f3ac16e0b489d19b9746326de95be9f09279644b9bd63ac468d654da,cache/market_breadth/members/nasdaq.json;cache/market_breadth/snapshots/nasdaq.json,Composite business still references; approval required before archive
US.TNMG,cache/market_breadth/prices/US.TNMG.json,14642,8ca10d643b4486c189550bb00ae7c6be1637862531ed47bcd0196d0d05781b2b,cache/market_breadth/members/nasdaq.json;cache/market_breadth/snapshots/nasdaq.json,Composite business still references; approval required before archive
US.TNON,cache/market_breadth/prices/US.TNON.json,14570,b2e9b268ad28cadc5dfd4d8ed3e333c454603d0bc1d6ce6ccbb98eb8e9d83e44,cache/market_breadth/members/nasdaq.json;cache/market_breadth/snapshots/nasdaq.json,Composite business still references; approval required before archive
US.TNXP,cache/market_breadth/prices/US.TNXP.json,14491,25c2e9bbeeadc5810254aa06826e56bf429a0bcd9e41d5c755d9dae2da65c069,cache/market_breadth/members/nasdaq.json;cache/market_breadth/snapshots/nasdaq.json,Composite business still references; approval required before archive
US.TNYA,cache/market_breadth/prices/US.TNYA.json,14619,1718097e5f0cf7fb9fafff769d7a194d93476a4abc202b8e72e114d9387326b0,cache/market_breadth/members/nasdaq.json;cache/market_breadth/snapshots/nasdaq.json,Composite business still references; approval required before archive
US.TOMZ,cache/market_breadth/prices/US.TOMZ.json,14557,2c4c940d6eb1155a5cd95430b9cf6192ad907684823f6fc544f033774b7c512d,cache/market_breadth/members/nasdaq.json;cache/market_breadth/snapshots/nasdaq.json,Composite business still references; approval required before archive
US.TONX,cache/market_breadth/prices/US.TONX.json,9580,a072ebc395accc084233ed64dc9bde057cf904f42257a535dd2df6b13b38272a,cache/market_breadth/members/nasdaq.json;cache/market_breadth/snapshots/nasdaq.json,Composite business still references; approval required before archive
US.TOP,cache/market_breadth/prices/US.TOP.json,14230,88d7b64fa5b34112b28a7e0f7d250290abc1265f787a6229be79614861262b95,cache/market_breadth/members/nasdaq.json;cache/market_breadth/snapshots/nasdaq.json,Composite business still references; approval required before archive
US.TORO,cache/market_breadth/prices/US.TORO.json,14143,6b15b477a7d0331062060e38a546ae2b3523111cb656d1b67a1fe8146aa39b43,cache/market_breadth/members/nasdaq.json;cache/market_breadth/snapshots/nasdaq.json,Composite business still references; approval required before archive
US.TOUR,cache/market_breadth/prices/US.TOUR.json,14398,5128d056daa3103eb839dccc7b017d51731a448195d3d82c2bcf72f89337f338,cache/market_breadth/members/nasdaq.json;cache/market_breadth/snapshots/nasdaq.json,Composite business still references; approval required before archive
US.TOWN,cache/market_breadth/prices/US.TOWN.json,14504,de2687f24be6a0da2874a234cd813eccbc5fcb68cde0e305722464cff037c0a9,cache/market_breadth/members/nasdaq.json;cache/market_breadth/snapshots/nasdaq.json,Composite business still references; approval required before archive
US.TOYO,cache/market_breadth/prices/US.TOYO.json,14236,00ee1521665eb76b9f9a76732f525dbe09a68fccdb8430d77db5926e8b3133a9,cache/market_breadth/members/nasdaq.json;cache/market_breadth/snapshots/nasdaq.json,Composite business still references; approval required before archive
US.TPCS,cache/market_breadth/prices/US.TPCS.json,14136,6e1bf3b40d663d9685e5fe0bd2a2794116dd9d4a5bebc8261ae49701874b17ba,cache/market_breadth/members/nasdaq.json;cache/market_breadth/snapshots/nasdaq.json,Composite business still references; approval required before archive
US.TPG,cache/market_breadth/prices/US.TPG.json,14515,d67d168113649f70ddebbfde4d0826eaa1c3293e080c0b38367e089f3deb5c5d,cache/market_breadth/members/nasdaq.json;cache/market_breadth/snapshots/nasdaq.json,Composite business still references; approval required before archive
US.TPST,cache/market_breadth/prices/US.TPST.json,14314,bd6b416e2e0a7d28c2a0d3a7ba8d89c96746c21a880e1a289a7781c73a5ba0e6,cache/market_breadth/members/nasdaq.json;cache/market_breadth/snapshots/nasdaq.json,Composite business still references; approval required before archive
US.TRAW,cache/market_breadth/prices/US.TRAW.json,14207,ff7b81331648355f7b0781ffcfee0d1283617653c7018e896488ce5985ae6e75,cache/market_breadth/members/nasdaq.json;cache/market_breadth/snapshots/nasdaq.json,Composite business still references; approval required before archive
US.TRAX,cache/market_breadth/prices/US.TRAX.json,4167,b5c10bb3189f1581bd4927ac5e828be2e4261763a2d8085c55fe456c11f87972,cache/market_breadth/members/nasdaq.json;cache/market_breadth/snapshots/nasdaq.json,Composite business still references; approval required before archive
US.TRBG,cache/market_breadth/prices/US.TRBG.json,744,e0713339d3d9134e162660b101ff4ee07e6093d708a30bf730affcb3ab14c2a7,cache/market_breadth/members/nasdaq.json;cache/market_breadth/snapshots/nasdaq.json,Composite business still references; approval required before archive
US.TRDA,cache/market_breadth/prices/US.TRDA.json,14231,3921e8eb215459d6e3d29fe73f59f2706eadadd8b778ebdcc428d65f3a5726fc,cache/market_breadth/members/nasdaq.json;cache/market_breadth/snapshots/nasdaq.json,Composite business still references; approval required before archive
US.TREE,cache/market_breadth/prices/US.TREE.json,14515,42a72e0b35333c589e366c1a05d38c8b7beb261d1894e4f3e2de9991b20fec43,cache/market_breadth/members/nasdaq.json;cache/market_breadth/snapshots/nasdaq.json,Composite business still references; approval required before archive
US.TREO,cache/market_breadth/prices/US.TREO.json,1091,88515fb2e3a8effda0ee98cb5f9a8e79336f8a98191817699457adafb08c529b,cache/market_breadth/members/nasdaq.json;cache/market_breadth/snapshots/nasdaq.json,Composite business still references; approval required before archive
US.TRGS,cache/market_breadth/prices/US.TRGS.json,2069,544d6a151b2fd68f1ad30485d4c58305a2e45a278491bb74f64dfaaea08dbd63,cache/market_breadth/members/nasdaq.json;cache/market_breadth/snapshots/nasdaq.json,Composite business still references; approval required before archive
US.TRIB,cache/market_breadth/prices/US.TRIB.json,14616,6cdf5b474d645e0c751f754297c40249c5a5ca7abf5bd83f11f25d6fadff8056,cache/market_breadth/members/nasdaq.json;cache/market_breadth/snapshots/nasdaq.json,Composite business still references; approval required before archive
US.TRIP,cache/market_breadth/prices/US.TRIP.json,14470,431c9e5a9049a44fff69a3bc9a1ca1c339305aec07b8774a708ac05f682ac32e,cache/market_breadth/members/nasdaq.json;cache/market_breadth/snapshots/nasdaq.json,Composite business still references; approval required before archive
US.TRMB,cache/market_breadth/prices/US.TRMB.json,14513,03dec80c47742a942cf66fb59294f5bbd47432f58b737e1272353d7ef3c6c787,cache/market_breadth/members/nasdaq.json;cache/market_breadth/snapshots/nasdaq.json,Composite business still references; approval required before archive
US.TRMD,cache/market_breadth/prices/US.TRMD.json,14510,e0bbd73784406d923af54f9f692fe43908fdf893003c40934d0baa57c9130ff4,cache/market_breadth/members/nasdaq.json;cache/market_breadth/snapshots/nasdaq.json,Composite business still references; approval required before archive
US.TRMK,cache/market_breadth/prices/US.TRMK.json,14522,6405567a4182650fe0c94ecf54e64ad465ee39fa89f1d8868d558c04c6420935,cache/market_breadth/members/nasdaq.json;cache/market_breadth/snapshots/nasdaq.json,Composite business still references; approval required before archive
US.TRNR,cache/market_breadth/prices/US.TRNR.json,14798,1b5fc6218fdb79ee4e92839c1bcbf33b95162a9a56239a824349efb3e06eea40,cache/market_breadth/members/nasdaq.json;cache/market_breadth/snapshots/nasdaq.json,Composite business still references; approval required before archive
US.TRNS,cache/market_breadth/prices/US.TRNS.json,14522,7748c9e0537fa0839d134989325b34989c442ff45cfead07b2846ea510ceb123,cache/market_breadth/members/nasdaq.json;cache/market_breadth/snapshots/nasdaq.json,Composite business still references; approval required before archive
US.TRON,cache/market_breadth/prices/US.TRON.json,14213,c0eef1f39c9bc0f47bd0ef3b2ccdef6b2a8365dd12c5cdec86385526fcd70493,cache/market_breadth/members/nasdaq.json;cache/market_breadth/snapshots/nasdaq.json,Composite business still references; approval required before archive
US.TROO,cache/market_breadth/prices/US.TROO.json,14269,bb705975bbd302ae86d07e4b4e4bfe91b9b501744a2709720a5a6684a9cbca13,cache/market_breadth/members/nasdaq.json;cache/market_breadth/snapshots/nasdaq.json,Composite business still references; approval required before archive
US.TROW,cache/market_breadth/prices/US.TROW.json,14710,2858867072330a997fa01cdfd952281bfeb03159ff97a3bc20b35260d4df59fa,cache/market_breadth/members/nasdaq.json;cache/market_breadth/snapshots/nasdaq.json,Composite business still references; approval required before archive
US.TRS,cache/market_breadth/prices/US.TRS.json,14512,21ac5d20e70f5311b2e753adca81bee69d4f8494ed5164b6e0ff01e0fd8045e4,cache/market_breadth/members/nasdaq.json;cache/market_breadth/snapshots/nasdaq.json,Composite business still references; approval required before archive
US.TRSG,cache/market_breadth/prices/US.TRSG.json,14373,53e96df80993bc0e242c8a82d19d92898d0210d401eed9699b1588d484278de6,cache/market_breadth/members/nasdaq.json;cache/market_breadth/snapshots/nasdaq.json,Composite business still references; approval required before archive
US.TRST,cache/market_breadth/prices/US.TRST.json,14501,ce104ac2aff51bcbf3cf405f6011205fddd1ebc03db367878a45a4374dd83645,cache/market_breadth/members/nasdaq.json;cache/market_breadth/snapshots/nasdaq.json,Composite business still references; approval required before archive
US.TRT,cache/market_breadth/prices/US.TRT.json,14337,9b2ecd74f88ddab4a7386cb66a5281406eac6e7912126c9ac7b031d06b65cad0,cache/market_breadth/members/nasdaq.json;cache/market_breadth/snapshots/nasdaq.json,Composite business still references; approval required before archive
US.TRUG,cache/market_breadth/prices/US.TRUG.json,14497,d7c002d1341577ae7a82329b2c27df1ddb93ebff8148870a8f24726071f0f0c9,cache/market_breadth/members/nasdaq.json;cache/market_breadth/snapshots/nasdaq.json,Composite business still references; approval required before archive
US.TRUP,cache/market_breadth/prices/US.TRUP.json,14504,0601c0a4b4540766fa886a26298a0ac1ce2b46c304aeb58f12867536ea8c245b,cache/market_breadth/members/nasdaq.json;cache/market_breadth/snapshots/nasdaq.json,Composite business still references; approval required before archive
US.TRVG,cache/market_breadth/prices/US.TRVG.json,14112,2eb5242039fdb90a9b5098707fdb19d88c267278ba095e036cd1ba4f64cdc85c,cache/market_breadth/members/nasdaq.json;cache/market_breadth/snapshots/nasdaq.json,Composite business still references; approval required before archive
US.TRVI,cache/market_breadth/prices/US.TRVI.json,14341,cf213ea7ded4d224940c6e4ec1c7ac7090b051eaa26ade883b9745f0df000896,cache/market_breadth/members/nasdaq.json;cache/market_breadth/snapshots/nasdaq.json,Composite business still references; approval required before archive
US.TSAT,cache/market_breadth/prices/US.TSAT.json,14506,b4031684939a3e33782f384111e72d679946f79bd857af73000036c015098199,cache/market_breadth/members/nasdaq.json;cache/market_breadth/snapshots/nasdaq.json,Composite business still references; approval required before archive
US.TSBK,cache/market_breadth/prices/US.TSBK.json,14519,9341fa2911b6e6b7aa383f944bc1ed343d16919ed20e0976eb6e57bfc121c48d,cache/market_breadth/members/nasdaq.json;cache/market_breadth/snapshots/nasdaq.json,Composite business still references; approval required before archive
US.TSCO,cache/market_breadth/prices/US.TSCO.json,14496,5fb81b4eb42dcaddcef7fed0d07c645e37f4a480c4f1808d94608832c25d70be,cache/market_breadth/members/nasdaq.json;cache/market_breadth/snapshots/nasdaq.json,Composite business still references; approval required before archive
US.TSEM,cache/market_breadth/prices/US.TSEM.json,14710,116cfd3fc49cc2a1b5559913f2aae79c1661f2f22cd18b1560ec226c3111ee49,cache/market_breadth/members/nasdaq.json;cache/market_breadth/snapshots/nasdaq.json,Composite business still references; approval required before archive
US.TSHA,cache/market_breadth/prices/US.TSHA.json,14124,3af2213649e4ee7b9eb2c30459cc4ed2710d6535bfb09ddf2ca3fe79be7efcea,cache/market_breadth/members/nasdaq.json;cache/market_breadth/snapshots/nasdaq.json,Composite business still references; approval required before archive
US.TSSI,cache/market_breadth/prices/US.TSSI.json,14356,6e5932f1ef02961064f92abace4cb93bb1a2cae30a95ec9f793932af474b07e1,cache/market_breadth/members/nasdaq.json;cache/market_breadth/snapshots/nasdaq.json,Composite business still references; approval required before archive
US.TTAN,cache/market_breadth/prices/US.TTAN.json,14656,86fba8084f31c806f77d4ede00b8a69c9df2afffc2b53bf953e60d33f6c81d98,cache/market_breadth/members/nasdaq.json;cache/market_breadth/snapshots/nasdaq.json,Composite business still references; approval required before archive
US.TTD,cache/market_breadth/prices/US.TTD.json,14507,54823926e66e4fc300e823531606fa186c9e75993c698ca93fea9ec6188f7e22,cache/market_breadth/members/nasdaq.json;cache/market_breadth/snapshots/nasdaq.json,Composite business still references; approval required before archive
US.TTEC,cache/market_breadth/prices/US.TTEC.json,14113,f4e2dea140e1297d7f78aa6172b40e30048b60a584973e10c54f22c75ff07b71,cache/market_breadth/members/nasdaq.json;cache/market_breadth/snapshots/nasdaq.json,Composite business still references; approval required before archive
US.TTEK,cache/market_breadth/prices/US.TTEK.json,14842,b80002763d3ef7c06c9d5e7186a3238bf9324bbfaacc4dcdc871a347c799c62d,cache/market_breadth/members/nasdaq.json;cache/market_breadth/snapshots/nasdaq.json,Composite business still references; approval required before archive
US.TTGT,cache/market_breadth/prices/US.TTGT.json,14145,c3ceedb25ea8bf7cfa4e45137517526145bf0417a1b08d05acb2ab82b6cb5291,cache/market_breadth/members/nasdaq.json;cache/market_breadth/snapshots/nasdaq.json,Composite business still references; approval required before archive
US.TTMI,cache/market_breadth/prices/US.TTMI.json,14638,948775acc803dfd4a3778fb4f243ddfe44254ecf1792688a70ba592a832d3feb,cache/market_breadth/members/nasdaq.json;cache/market_breadth/snapshots/nasdaq.json,Composite business still references; approval required before archive
US.TTRX,cache/market_breadth/prices/US.TTRX.json,8693,e9f05528fcbf13b5fee523d0abab50383203969832300560295d36e492e2e902,cache/market_breadth/members/nasdaq.json;cache/market_breadth/snapshots/nasdaq.json,Composite business still references; approval required before archive
US.TULP,cache/market_breadth/prices/US.TULP.json,5113,26318947e0fd4319088875aa2eba9b6c4075036275208b1557912e451d98024c,cache/market_breadth/members/nasdaq.json;cache/market_breadth/snapshots/nasdaq.json,Composite business still references; approval required before archive
US.TURB,cache/market_breadth/prices/US.TURB.json,14346,bc9b64c6916151abc667f3c19cfdab49adae6f33c56f9c18341c6960e8763d39,cache/market_breadth/members/nasdaq.json;cache/market_breadth/snapshots/nasdaq.json,Composite business still references; approval required before archive
US.TUSK,cache/market_breadth/prices/US.TUSK.json,14116,c0f1744caa2e15991daf3e16480d6c2b4c9912ecbeb8df8321cf5f411ac6b59b,cache/market_breadth/members/nasdaq.json;cache/market_breadth/snapshots/nasdaq.json,Composite business still references; approval required before archive
US.TVA,cache/market_breadth/prices/US.TVA.json,11861,248937978742828e6c3c8080e457d4aadcae70525504a6b3d60f3e9005a718a4,cache/market_breadth/members/nasdaq.json;cache/market_breadth/snapshots/nasdaq.json,Composite business still references; approval required before archive
US.TVAI,cache/market_breadth/prices/US.TVAI.json,5931,72443f4f11fd53ec54028f6772a0e2229595c36e03d41c3e9972a63707f0b68e,cache/market_breadth/members/nasdaq.json;cache/market_breadth/snapshots/nasdaq.json,Composite business still references; approval required before archive
US.TVGN,cache/market_breadth/prices/US.TVGN.json,14353,f5193597f28b74ee8abb286e3298354f5123160ba052b6f1c53d43d111053210,cache/market_breadth/members/nasdaq.json;cache/market_breadth/snapshots/nasdaq.json,Composite business still references; approval required before archive
US.TVIV,cache/market_breadth/prices/US.TVIV.json,1224,3611fc5e65efb5e87882afe213e9b3fb7bd73eb689a7054abae6023ecffe7f97,cache/market_breadth/members/nasdaq.json;cache/market_breadth/snapshots/nasdaq.json,Composite business still references; approval required before archive
US.TVRD,cache/market_breadth/prices/US.TVRD.json,12977,388670d3c82c0c489c58bdd81eac2b47fac88a9b8bc90bb00f0955cc55e37645,cache/market_breadth/members/nasdaq.json;cache/market_breadth/snapshots/nasdaq.json,Composite business still references; approval required before archive
US.TVTX,cache/market_breadth/prices/US.TVTX.json,14507,05a516f959615b27f17b7a8bf15a48359c49b9d8c948c93474856e52b46870d8,cache/market_breadth/members/nasdaq.json;cache/market_breadth/snapshots/nasdaq.json,Composite business still references; approval required before archive
US.TW,cache/market_breadth/prices/US.TW.json,14881,5798a1e8925444cbefef6b9d9436c5c49954c1e47acf8cebe61a6f68413df2cb,cache/market_breadth/members/nasdaq.json;cache/market_breadth/snapshots/nasdaq.json,Composite business still references; approval required before archive
US.TWAV,cache/market_breadth/prices/US.TWAV.json,7162,a9191421fd03a6212952d08bcc1be99699f84409f5bafb714dfe554b469ddeb9,cache/market_breadth/members/nasdaq.json;cache/market_breadth/snapshots/nasdaq.json,Composite business still references; approval required before archive
US.TWFG,cache/market_breadth/prices/US.TWFG.json,14511,cef37b14ca6be156be0d6606c82caabbe366b5b46387ffa77513a52ee642aec4,cache/market_breadth/members/nasdaq.json;cache/market_breadth/snapshots/nasdaq.json,Composite business still references; approval required before archive
US.TWG,cache/market_breadth/prices/US.TWG.json,14366,f459e21f481d1257e4b42bf9e655c8b41b8bf5a870d022d38a5a628808a26c9f,cache/market_breadth/members/nasdaq.json;cache/market_breadth/snapshots/nasdaq.json,Composite business still references; approval required before archive
US.TWIN,cache/market_breadth/prices/US.TWIN.json,14396,95d4e2f95adcbea528a0e93e0a5d774e29f9ccd994b94a2c3b62546dd62bfaeb,cache/market_breadth/members/nasdaq.json;cache/market_breadth/snapshots/nasdaq.json,Composite business still references; approval required before archive
US.TWLV,cache/market_breadth/prices/US.TWLV.json,14425,9c24d8b7aad88798dc0f88fb12ac52432bf1856b6013418f4c71e35db4fc0e66,cache/market_breadth/members/nasdaq.json;cache/market_breadth/snapshots/nasdaq.json,Composite business still references; approval required before archive
US.TWST,cache/market_breadth/prices/US.TWST.json,14556,b84301da0291cd79b53cd9e385e3d1328e208aaa466ef50f83902b9df9320b9b,cache/market_breadth/members/nasdaq.json;cache/market_breadth/snapshots/nasdaq.json,Composite business still references; approval required before archive
US.TXG,cache/market_breadth/prices/US.TXG.json,14451,490343961aea8e4f704338bcb02984c8e44662e38483db1ecffc47b5de9b5b85,cache/market_breadth/members/nasdaq.json;cache/market_breadth/snapshots/nasdaq.json,Composite business still references; approval required before archive
US.TXMD,cache/market_breadth/prices/US.TXMD.json,14172,9d3152415345fd3984f3dd3dcbc58dc3e8f1accd9c49cf54d923bd7ea03407cb,cache/market_breadth/members/nasdaq.json;cache/market_breadth/snapshots/nasdaq.json,Composite business still references; approval required before archive
US.TXRH,cache/market_breadth/prices/US.TXRH.json,14908,fee0f3e5fb571a47665d0ddd0c5f6384be32c5ebc4f4119fb9c3905ca3ce9e80,cache/market_breadth/members/nasdaq.json;cache/market_breadth/snapshots/nasdaq.json,Composite business still references; approval required before archive
US.TYGO,cache/market_breadth/prices/US.TYGO.json,14156,2671c7d7a255571d6b8e4efa409824e57a3e344fc93eec7c5036d67003fbd5bf,cache/market_breadth/members/nasdaq.json;cache/market_breadth/snapshots/nasdaq.json,Composite business still references; approval required before archive
US.TYRA,cache/market_breadth/prices/US.TYRA.json,14452,f6704e92270f3bdffadd8e5c07bfb745844366293f124c57539111913f325300,cache/market_breadth/members/nasdaq.json;cache/market_breadth/snapshots/nasdaq.json,Composite business still references; approval required before archive
US.TZOO,cache/market_breadth/prices/US.TZOO.json,14282,a19b5d8774dd0b1e431e6ec28d6deba0aebd00082d58fa9993be76a775d30a70,cache/market_breadth/members/nasdaq.json;cache/market_breadth/snapshots/nasdaq.json,Composite business still references; approval required before archive
US.UAL,cache/market_breadth/prices/US.UAL.json,14692,2f67144373e6535c61fd8de2610c09ef1f5301d123efe033a91654a341c3eb82,cache/market_breadth/members/nasdaq.json;cache/market_breadth/snapshots/nasdaq.json,Composite business still references; approval required before archive
US.UBCP,cache/market_breadth/prices/US.UBCP.json,14969,18535b7323943077b923babadac854b6c3c3d93ed5fa04f00ee2db80fe5395ab,cache/market_breadth/members/nasdaq.json;cache/market_breadth/snapshots/nasdaq.json,Composite business still references; approval required before archive
US.UBSI,cache/market_breadth/prices/US.UBSI.json,14504,204af5c2b03983aa5982cd554b41b48b0691f8cca5f71a594c90dbab4b0a6163,cache/market_breadth/members/nasdaq.json;cache/market_breadth/snapshots/nasdaq.json,Composite business still references; approval required before archive
US.UCAR,cache/market_breadth/prices/US.UCAR.json,14496,011970f12b05037899f270d8beca6aa02d84d01787178cf989b5dc37303bdc4e,cache/market_breadth/members/nasdaq.json;cache/market_breadth/snapshots/nasdaq.json,Composite business still references; approval required before archive
US.UCFI,cache/market_breadth/prices/US.UCFI.json,182,93dcf0ccde5e3533d41ba4225844a5f0aa1a5baf02e85cba75fa5a877e79a53e,cache/market_breadth/members/nasdaq.json;cache/market_breadth/snapshots/nasdaq.json,Composite business still references; approval required before archive
US.UCL,cache/market_breadth/prices/US.UCL.json,14309,d46bdf98fbc45dbda403db4a2d02aa9c0e4345c0342b5bd538b0fdb4df7bda94,cache/market_breadth/members/nasdaq.json;cache/market_breadth/snapshots/nasdaq.json,Composite business still references; approval required before archive
US.UCTT,cache/market_breadth/prices/US.UCTT.json,14533,44201a7e8d78259da043d0f30d16474dc00a9d165fdcc6849b3aec804e8ae89f,cache/market_breadth/members/nasdaq.json;cache/market_breadth/snapshots/nasdaq.json,Composite business still references; approval required before archive
US.UEIC,cache/market_breadth/prices/US.UEIC.json,14117,fce00d019e9b498f8c4f48a233bd4bc135e4c77f48d0b9bf2ff428663ffc3b90,cache/market_breadth/members/nasdaq.json;cache/market_breadth/snapshots/nasdaq.json,Composite business still references; approval required before archive
US.UFCS,cache/market_breadth/prices/US.UFCS.json,14512,3d8c57aa6035c78f4753a48fb311bdda641b2b613646dda5d2288ef85a6c2da8,cache/market_breadth/members/nasdaq.json;cache/market_breadth/snapshots/nasdaq.json,Composite business still references; approval required before archive
US.UFG,cache/market_breadth/prices/US.UFG.json,14357,65bec963c2f1a047de2ae9c3347b2cfa9b58380110563802edf7d80de0754892,cache/market_breadth/members/nasdaq.json;cache/market_breadth/snapshots/nasdaq.json,Composite business still references; approval required before archive
US.UFPI,cache/market_breadth/prices/US.UFPI.json,14617,b03f4c986a353989a712dbd05cddd3b28e434f8899eb8958e5673c4991c253d7,cache/market_breadth/members/nasdaq.json;cache/market_breadth/snapshots/nasdaq.json,Composite business still references; approval required before archive
US.UFPT,cache/market_breadth/prices/US.UFPT.json,14908,9f919b496978032a6fcaa34d5b29f493210479560b4d9be3ff8ba16cb85b87a8,cache/market_breadth/members/nasdaq.json;cache/market_breadth/snapshots/nasdaq.json,Composite business still references; approval required before archive
US.UG,cache/market_breadth/prices/US.UG.json,14198,0d1ed406c3e627ebbe9659472f488c05eaeeb5f02eb9f046dab9a4abf8aa3d81,cache/market_breadth/members/nasdaq.json;cache/market_breadth/snapshots/nasdaq.json,Composite business still references; approval required before archive
US.UK,cache/market_breadth/prices/US.UK.json,14323,1bf16d725176a7ca9dd0e57378ce5d2f18912406a687afa8eae832e0a1cb704c,cache/market_breadth/members/nasdaq.json;cache/market_breadth/snapshots/nasdaq.json,Composite business still references; approval required before archive
US.ULBI,cache/market_breadth/prices/US.ULBI.json,14123,bbf348d2119cf1f719837785ae6dead313b9fbbcca1837d2b9e3dde11b98bfb7,cache/market_breadth/members/nasdaq.json;cache/market_breadth/snapshots/nasdaq.json,Composite business still references; approval required before archive
US.ULCC,cache/market_breadth/prices/US.ULCC.json,14129,c00157f257695ef15c1dfb38dbcb100d3443b0dcd542ea005ab14195dfb90e82,cache/market_breadth/members/nasdaq.json;cache/market_breadth/snapshots/nasdaq.json,Composite business still references; approval required before archive
US.ULH,cache/market_breadth/prices/US.ULH.json,14697,5bc1818255a2e5ee653f0c11513185fd4570109155a60c812c01550dff79d8ca,cache/market_breadth/members/nasdaq.json;cache/market_breadth/snapshots/nasdaq.json,Composite business still references; approval required before archive
US.ULTA,cache/market_breadth/prices/US.ULTA.json,14920,7c54bd4d0f61b25df6cac2b5192523e499b53e98a62dfaf3e346b57759654236,cache/market_breadth/members/nasdaq.json;cache/market_breadth/snapshots/nasdaq.json,Composite business still references; approval required before archive
US.UMBF,cache/market_breadth/prices/US.UMBF.json,14857,8bdc372611cb1ac79786e647f10008cc11d42b16181d58d628954b88b7f7295f,cache/market_breadth/members/nasdaq.json;cache/market_breadth/snapshots/nasdaq.json,Composite business still references; approval required before archive
US.UNB,cache/market_breadth/prices/US.UNB.json,14497,caf2d90e4e7985879d82473e26640e342bbf276b00e313b2c3b3771ef611d93a,cache/market_breadth/members/nasdaq.json;cache/market_breadth/snapshots/nasdaq.json,Composite business still references; approval required before archive
US.UNCY,cache/market_breadth/prices/US.UNCY.json,14163,f22e0ea42ea51db9ba231884f9ee7632c955c0344923f9d473cbc885259a93b0,cache/market_breadth/members/nasdaq.json;cache/market_breadth/snapshots/nasdaq.json,Composite business still references; approval required before archive
US.UNIT,cache/market_breadth/prices/US.UNIT.json,14192,005c01d88321e6a506c615b85610455d3edabeaca70075fbe2957e5a70f287fd,cache/market_breadth/members/nasdaq.json;cache/market_breadth/snapshots/nasdaq.json,Composite business still references; approval required before archive
US.UNTY,cache/market_breadth/prices/US.UNTY.json,14521,9c251f69b15d3a3ec473ec1c5423a886b3a83a0fb1c01b0f04cf1d676994f999,cache/market_breadth/members/nasdaq.json;cache/market_breadth/snapshots/nasdaq.json,Composite business still references; approval required before archive
US.UONE,cache/market_breadth/prices/US.UONE.json,14236,d44114eb04f6f8a3346a543d356ec2556e1f3b604cc6381443bcaa9f4ea33109,cache/market_breadth/members/nasdaq.json;cache/market_breadth/snapshots/nasdaq.json,Composite business still references; approval required before archive
US.UONEK,cache/market_breadth/prices/US.UONEK.json,14170,0b6da9546f274c82c1d88e7fbc9e205f0d8e9fd65a40d25c0b810336c7e63f1a,cache/market_breadth/members/nasdaq.json;cache/market_breadth/snapshots/nasdaq.json,Composite business still references; approval required before archive
US.UPB,cache/market_breadth/prices/US.UPB.json,14286,bdaf97d09cfda31a6ae7e045061a1143c23f41afc0506ea773dff8f2c6d1d9fe,cache/market_breadth/members/nasdaq.json;cache/market_breadth/snapshots/nasdaq.json,Composite business still references; approval required before archive
US.UPBD,cache/market_breadth/prices/US.UPBD.json,14511,908c62733d29b0abf43f1225fc2e9e4a8bd1b6173d54f3bea940819b1d3c4476,cache/market_breadth/members/nasdaq.json;cache/market_breadth/snapshots/nasdaq.json,Composite business still references; approval required before archive
US.UPC,cache/market_breadth/prices/US.UPC.json,14184,8047247620ca17401eaac8d9f8c02f624a9c7a6b122c5b7f931481a1d4739930,cache/market_breadth/members/nasdaq.json;cache/market_breadth/snapshots/nasdaq.json,Composite business still references; approval required before archive
US.UPLD,cache/market_breadth/prices/US.UPLD.json,14193,318878e044328f3c885e31650b42b844afd04dff9909fb8316a6a5c37bb88b78,cache/market_breadth/members/nasdaq.json;cache/market_breadth/snapshots/nasdaq.json,Composite business still references; approval required before archive
US.UPST,cache/market_breadth/prices/US.UPST.json,14509,70958b2681d77100b2e3f62aa9754114a340ba9c38aec73f3171316078ff6164,cache/market_breadth/members/nasdaq.json;cache/market_breadth/snapshots/nasdaq.json,Composite business still references; approval required before archive
US.UPWK,cache/market_breadth/prices/US.UPWK.json,14429,fe7cc916f828bde41c0d6bbdfcb2a50b47c4aced69c2d68791c8d537ec1ba2b8,cache/market_breadth/members/nasdaq.json;cache/market_breadth/snapshots/nasdaq.json,Composite business still references; approval required before archive
US.UPXI,cache/market_breadth/prices/US.UPXI.json,14285,63e4c52efd27f64458f58dc4b348a13ee3d99edd5e02b8b769eb084776e06ab4,cache/market_breadth/members/nasdaq.json;cache/market_breadth/snapshots/nasdaq.json,Composite business still references; approval required before archive
US.URBN,cache/market_breadth/prices/US.URBN.json,14738,e1378fca68cef8dbd811aa9f56786954cfe2825843b476ff30ce17e0388071bb,cache/market_breadth/members/nasdaq.json;cache/market_breadth/snapshots/nasdaq.json,Composite business still references; approval required before archive
US.URGN,cache/market_breadth/prices/US.URGN.json,14456,db56335e65af3e654d9cdd10039a5fa8581fccd3c46e8485a4f11a371dc7c504,cache/market_breadth/members/nasdaq.json;cache/market_breadth/snapshots/nasdaq.json,Composite business still references; approval required before archive
US.UROY,cache/market_breadth/prices/US.UROY.json,14105,636ada302282cb21c1fee4fe7e203efaaa50bb8e7b62110f726094b39829a654,cache/market_breadth/members/nasdaq.json;cache/market_breadth/snapshots/nasdaq.json,Composite business still references; approval required before archive
US.USAR,cache/market_breadth/prices/US.USAR.json,14011,ecb926697ffc58a51405e6a64cafe42029a2f9a37af96a999f4862a3f9845748,cache/market_breadth/members/nasdaq.json;cache/market_breadth/snapshots/nasdaq.json,Composite business still references; approval required before archive
US.USAU,cache/market_breadth/prices/US.USAU.json,14479,b5f6c4f71e108f9f5cb1534adbc92e5cdbc4dbb00c8ce97f851b787abd634bb8,cache/market_breadth/members/nasdaq.json;cache/market_breadth/snapshots/nasdaq.json,Composite business still references; approval required before archive
US.USCB,cache/market_breadth/prices/US.USCB.json,14581,555528ea054e0e7e6be5e272b24d5726421c932cca661d4f451efc263fd5211c,cache/market_breadth/members/nasdaq.json;cache/market_breadth/snapshots/nasdaq.json,Composite business still references; approval required before archive
US.USDE,cache/market_breadth/prices/US.USDE.json,2423,dcc951324b510467185a4bd37d236a942e86c92231e7bbe125a164c970daa4f3,cache/market_breadth/members/nasdaq.json;cache/market_breadth/snapshots/nasdaq.json,Composite business still references; approval required before archive
US.USEA,cache/market_breadth/prices/US.USEA.json,14203,038d60567b87e4942c1fcd6c24a192f7d0bb8f197d4882d3ad05fb306b317f5f,cache/market_breadth/members/nasdaq.json;cache/market_breadth/snapshots/nasdaq.json,Composite business still references; approval required before archive
US.USGO,cache/market_breadth/prices/US.USGO.json,14282,06abc5930c14ab733c811d31067c8c0a759e2bbc7d0a3dc9e038703f2e3ea6a6,cache/market_breadth/members/nasdaq.json;cache/market_breadth/snapshots/nasdaq.json,Composite business still references; approval required before archive
US.USIO,cache/market_breadth/prices/US.USIO.json,14138,7523cd09d165151d5582558ffa681393cbdd275bad14adf6beecf32e15bda0db,cache/market_breadth/members/nasdaq.json;cache/market_breadth/snapshots/nasdaq.json,Composite business still references; approval required before archive
US.USLM,cache/market_breadth/prices/US.USLM.json,14842,b20b1c0288033024c04fa5c29fef95f7912e5513eca710cfc4936dc1c445aefb,cache/market_breadth/members/nasdaq.json;cache/market_breadth/snapshots/nasdaq.json,Composite business still references; approval required before archive
US.UTHR,cache/market_breadth/prices/US.UTHR.json,14898,08e4741ea4c18bb1e70a96346aed40608363a430833e1b4d3ac6bb1d2c4fc4d9,cache/market_breadth/members/nasdaq.json;cache/market_breadth/snapshots/nasdaq.json,Composite business still references; approval required before archive
US.UTMD,cache/market_breadth/prices/US.UTMD.json,14588,a0e936f232c841999de417a12140bfca3fde1ba800a52a5e163b0d69f8deaf62,cache/market_breadth/members/nasdaq.json;cache/market_breadth/snapshots/nasdaq.json,Composite business still references; approval required before archive
US.UTSI,cache/market_breadth/prices/US.UTSI.json,14154,011edd354e2ee60a46853c55ba8fe4a352afed910e95fc1c8887e7141b68f2e5,cache/market_breadth/members/nasdaq.json;cache/market_breadth/snapshots/nasdaq.json,Composite business still references; approval required before archive
US.UVSP,cache/market_breadth/prices/US.UVSP.json,14512,28ec12cab5f2b783e585ace54574e2ed92be844583426d7280d1310493715e8b,cache/market_breadth/members/nasdaq.json;cache/market_breadth/snapshots/nasdaq.json,Composite business still references; approval required before archive
US.UXIN,cache/market_breadth/prices/US.UXIN.json,14125,23730d44fc4da5e82b67f2b5086bf610d570c90d75ea31c4d0f747d8a141ec63,cache/market_breadth/members/nasdaq.json;cache/market_breadth/snapshots/nasdaq.json,Composite business still references; approval required before archive
US.UYSC,cache/market_breadth/prices/US.UYSC.json,7236,6c936be558f51e7c5e9497c9768534ef6b3b272e2a6d65296a2d20f3df675ffe,cache/market_breadth/members/nasdaq.json;cache/market_breadth/snapshots/nasdaq.json,Composite business still references; approval required before archive
US.UZX,cache/market_breadth/prices/US.UZX.json,3630,dec04edf00ccea869f5e11beb725cdc92b1164e31c13e56677a8fa5651bed8b5,cache/market_breadth/members/nasdaq.json;cache/market_breadth/snapshots/nasdaq.json,Composite business still references; approval required before archive
US.VABK,cache/market_breadth/prices/US.VABK.json,14509,e269ab86223351ea0fdeeabe00c31b336383c0b00f777da7a57290ad87338a44,cache/market_breadth/members/nasdaq.json;cache/market_breadth/snapshots/nasdaq.json,Composite business still references; approval required before archive
US.VAI,cache/market_breadth/prices/US.VAI.json,914,7e84ae4e9b826f7006b11693ce62b164d84cd5893d6b2d24ff2c5805485de679,cache/market_breadth/members/nasdaq.json;cache/market_breadth/snapshots/nasdaq.json,Composite business still references; approval required before archive
US.VALN,cache/market_breadth/prices/US.VALN.json,14234,1bcf1c9f7bfee932deb3b518c47286583e11007618b5cce072b0da5f35742b04,cache/market_breadth/members/nasdaq.json;cache/market_breadth/snapshots/nasdaq.json,Composite business still references; approval required before archive
US.VALU,cache/market_breadth/prices/US.VALU.json,14622,49e361385036371b0f11062657c2f4d4166aea370dadc1b1f73b5ecda83bd47e,cache/market_breadth/members/nasdaq.json;cache/market_breadth/snapshots/nasdaq.json,Composite business still references; approval required before archive
US.VANI,cache/market_breadth/prices/US.VANI.json,14111,cc07655e68ee8a0958389ac57068afa4261faeff5fd98d855ebf5e05ef31a321,cache/market_breadth/members/nasdaq.json;cache/market_breadth/snapshots/nasdaq.json,Composite business still references; approval required before archive
US.VBIO,cache/market_breadth/prices/US.VBIO.json,3961,c09226549308eedbde0ab66e9646061e40e1aa6867d09fce46eb286a43f5f339,cache/market_breadth/members/nasdaq.json;cache/market_breadth/snapshots/nasdaq.json,Composite business still references; approval required before archive
US.VBNK,cache/market_breadth/prices/US.VBNK.json,14694,88230c435d4c199118d934d3cc1a67912dbfa00bb0461f74934c7b9322c1c1f8,cache/market_breadth/members/nasdaq.json;cache/market_breadth/snapshots/nasdaq.json,Composite business still references; approval required before archive
US.VC,cache/market_breadth/prices/US.VC.json,14871,3261c2bc318039ce14c4a04eec4ceb1288b45552ce723e29335d2f0f1c0b2d4a,cache/market_breadth/members/nasdaq.json;cache/market_breadth/snapshots/nasdaq.json,Composite business still references; approval required before archive
US.VCEL,cache/market_breadth/prices/US.VCEL.json,14510,aa1a8288025439cc001d156425b237c098470263d77f47471b3f9e183a390dcf,cache/market_breadth/members/nasdaq.json;cache/market_breadth/snapshots/nasdaq.json,Composite business still references; approval required before archive
US.VCIG,cache/market_breadth/prices/US.VCIG.json,14917,100131da966d1163249345681e8bb533608c28748f855f46d7d81435c9775f10,cache/market_breadth/members/nasdaq.json;cache/market_breadth/snapshots/nasdaq.json,Composite business still references; approval required before archive
US.VCRE,cache/market_breadth/prices/US.VCRE.json,2119,e1e44882d65b1e30e0a806ffa7c6deff003af49a4f04c6b82305c0a352bad6d5,cache/market_breadth/members/nasdaq.json;cache/market_breadth/snapshots/nasdaq.json,Composite business still references; approval required before archive
US.VCTR,cache/market_breadth/prices/US.VCTR.json,14560,bfa4a04227917e9dc45a37a7bbdea1a9fb063cb1ccc6c7aeca755fc309321bcc,cache/market_breadth/members/nasdaq.json;cache/market_breadth/snapshots/nasdaq.json,Composite business still references; approval required before archive
US.VCYT,cache/market_breadth/prices/US.VCYT.json,14514,d2522ea6a28bbfdfe39ff30d396dd0158706125e01a6314f6486f350d715cae7,cache/market_breadth/members/nasdaq.json;cache/market_breadth/snapshots/nasdaq.json,Composite business still references; approval required before archive
US.VECO,cache/market_breadth/prices/US.VECO.json,14513,6d215f7db5dea7def7097c8b8a75d9968a0978366745c3eb3253e55b828c899c,cache/market_breadth/members/nasdaq.json;cache/market_breadth/snapshots/nasdaq.json,Composite business still references; approval required before archive
US.VEEA,cache/market_breadth/prices/US.VEEA.json,14450,ff49658b3d6c1124a55f65b6a5a197f4a5c856fa02dd005f976c3f532e81edad,cache/market_breadth/members/nasdaq.json;cache/market_breadth/snapshots/nasdaq.json,Composite business still references; approval required before archive
US.VEEE,cache/market_breadth/prices/US.VEEE.json,14573,8e79ccf4e1043e166fc99bd19e71af396ae7c5a2c4b907ad0f07737cc1ac1a36,cache/market_breadth/members/nasdaq.json;cache/market_breadth/snapshots/nasdaq.json,Composite business still references; approval required before archive
US.VELO,cache/market_breadth/prices/US.VELO.json,10071,16ac8792768830b2f739dc37952b75de2f16c43ba3a4967149ba386758774c67,cache/market_breadth/members/nasdaq.json;cache/market_breadth/snapshots/nasdaq.json,Composite business still references; approval required before archive
US.VEON,cache/market_breadth/prices/US.VEON.json,14512,3cfc2a0098d970bf9b681d134277d5d04792c2ae173b008f2439642e7bd1b504,cache/market_breadth/members/nasdaq.json;cache/market_breadth/snapshots/nasdaq.json,Composite business still references; approval required before archive
US.VERA,cache/market_breadth/prices/US.VERA.json,14503,8a6803756f09ebdff869fe947f5eb368326d857eb20a3a8e6058a72d355ac8c4,cache/market_breadth/members/nasdaq.json;cache/market_breadth/snapshots/nasdaq.json,Composite business still references; approval required before archive
US.VERI,cache/market_breadth/prices/US.VERI.json,14153,f535a81d355ef1255dc66174d3cb3ecb7f617675518989a971234a036997addb,cache/market_breadth/members/nasdaq.json;cache/market_breadth/snapshots/nasdaq.json,Composite business still references; approval required before archive
US.VERU,cache/market_breadth/prices/US.VERU.json,14203,0dfc2edeb188dcb4949705ec5a9bd388f4bde9c2646e72563ca4f95ae1996c7a,cache/market_breadth/members/nasdaq.json;cache/market_breadth/snapshots/nasdaq.json,Composite business still references; approval required before archive
US.VERX,cache/market_breadth/prices/US.VERX.json,14510,ccb942db5ef6f192a5f8125baa48a7409e0408e01ef40d475062067a86569b04,cache/market_breadth/members/nasdaq.json;cache/market_breadth/snapshots/nasdaq.json,Composite business still references; approval required before archive
US.VFF,cache/market_breadth/prices/US.VFF.json,14211,e957a493e85200f92a4c546a74136bfe32df065f0ec76ed4f8faf94f9c30e6f0,cache/market_breadth/members/nasdaq.json;cache/market_breadth/snapshots/nasdaq.json,Composite business still references; approval required before archive
US.VFS,cache/market_breadth/prices/US.VFS.json,14127,8a96a5323fde95ae95eb16c7133122bd142f846991d0bd13d687428af525e573,cache/market_breadth/members/nasdaq.json;cache/market_breadth/snapshots/nasdaq.json,Composite business still references; approval required before archive
US.VGAS,cache/market_breadth/prices/US.VGAS.json,14106,b5a510ad1fdd9873b589af1800736a6595dfaff0f2845e2b495468e84b2f4893,cache/market_breadth/members/nasdaq.json;cache/market_breadth/snapshots/nasdaq.json,Composite business still references; approval required before archive
US.VHC,cache/market_breadth/prices/US.VHC.json,14460,bfa367a4bc3f2dadbe674859969f1bbb00a1100a1296ab494146d6c7b499d77d,cache/market_breadth/members/nasdaq.json;cache/market_breadth/snapshots/nasdaq.json,Composite business still references; approval required before archive
US.VHCP,cache/market_breadth/prices/US.VHCP.json,3246,1dbb6b4a36bf18d4aa8705ab9bc621fcfe279923799ac82f1a9a09b06c07de2f,cache/market_breadth/members/nasdaq.json;cache/market_breadth/snapshots/nasdaq.json,Composite business still references; approval required before archive
US.VHUB,cache/market_breadth/prices/US.VHUB.json,6072,e65ef31f30ee9d9ae875109661179f62945ab83257253404499d51c0d5d3ee37,cache/market_breadth/members/nasdaq.json;cache/market_breadth/snapshots/nasdaq.json,Composite business still references; approval required before archive
US.VIAV,cache/market_breadth/prices/US.VIAV.json,14457,fb2b39165819de1b4b3dcb9e066a40eae1bd68529f2108fe8ae0409b6918d516,cache/market_breadth/members/nasdaq.json;cache/market_breadth/snapshots/nasdaq.json,Composite business still references; approval required before archive
US.VICR,cache/market_breadth/prices/US.VICR.json,14711,3a29b465f6ecd68a137ed08fdc9d228de1bc41c63e50078b682177fa8c8eccf5,cache/market_breadth/members/nasdaq.json;cache/market_breadth/snapshots/nasdaq.json,Composite business still references; approval required before archive
US.VINP,cache/market_breadth/prices/US.VINP.json,14294,88a6bae16561511ceca57af3196805e986795b2c99447732a79eb1003b752328,cache/market_breadth/members/nasdaq.json;cache/market_breadth/snapshots/nasdaq.json,Composite business still references; approval required before archive
US.VIOT,cache/market_breadth/prices/US.VIOT.json,14553,6233716a1439fd2b1b3c6f73ae4d7b6e3909601a17c7cc0afaac25fdd00709c9,cache/market_breadth/members/nasdaq.json;cache/market_breadth/snapshots/nasdaq.json,Composite business still references; approval required before archive
US.VIP,cache/market_breadth/prices/US.VIP.json,14850,70f5e63ce54a57c762f642a23558d1b4525483da3a6a6b7d092918ca18221f75,cache/market_breadth/members/nasdaq.json;cache/market_breadth/snapshots/nasdaq.json,Composite business still references; approval required before archive
US.VIR,cache/market_breadth/prices/US.VIR.json,14154,688c7070d1f316edf36ce7f911c6992541fb227924c487aeedaddd097b08e02c,cache/market_breadth/members/nasdaq.json;cache/market_breadth/snapshots/nasdaq.json,Composite business still references; approval required before archive
US.VIRC,cache/market_breadth/prices/US.VIRC.json,14314,0923159d649812b1ebdfd3af9e2628eaa5cd7375ed8bdae1d43e5261038c8319,cache/market_breadth/members/nasdaq.json;cache/market_breadth/snapshots/nasdaq.json,Composite business still references; approval required before archive
US.VISN,cache/market_breadth/prices/US.VISN.json,14390,82a7fe9ff8fe35ceadd6e6f3b87644b85c159245e7d95287708e86a51052a733,cache/market_breadth/members/nasdaq.json;cache/market_breadth/snapshots/nasdaq.json,Composite business still references; approval required before archive
US.VITL,cache/market_breadth/prices/US.VITL.json,14477,90ad9cff7de6446085c2ab419a93c4ad34ecd174e411c203ae7559c0f3b5ae8a,cache/market_breadth/members/nasdaq.json;cache/market_breadth/snapshots/nasdaq.json,Composite business still references; approval required before archive
US.VIVK,cache/market_breadth/prices/US.VIVK.json,14430,895447ea8b119dcc88f522bd1b77297f501244cfc85ad091b8476b3a1da14894,cache/market_breadth/members/nasdaq.json;cache/market_breadth/snapshots/nasdaq.json,Composite business still references; approval required before archive
US.VIVO,cache/market_breadth/prices/US.VIVO.json,14358,88491ab2093a5a0f2fe14ef2b5b1390f9620798b202f547984ecff6fa638f1b8,cache/market_breadth/members/nasdaq.json;cache/market_breadth/snapshots/nasdaq.json,Composite business still references; approval required before archive
US.VIVS,cache/market_breadth/prices/US.VIVS.json,12809,f4b72d33d1ff18e43e938a37624ab7d805bed5b25195f55ec100ed441e4d6240,cache/market_breadth/members/nasdaq.json;cache/market_breadth/snapshots/nasdaq.json,Composite business still references; approval required before archive
US.VKTX,cache/market_breadth/prices/US.VKTX.json,14511,89231fe5ca5df00594b04fa91ab71b7e43dd19e509181f49d4ed73ea00c82e20,cache/market_breadth/members/nasdaq.json;cache/market_breadth/snapshots/nasdaq.json,Composite business still references; approval required before archive
US.VLGEA,cache/market_breadth/prices/US.VLGEA.json,14520,3cb4d038780be279f377082a05c6e9a56fb567820979b901d80a18f13595d98f,cache/market_breadth/members/nasdaq.json;cache/market_breadth/snapshots/nasdaq.json,Composite business still references; approval required before archive
US.VLOS,cache/market_breadth/prices/US.VLOS.json,1301,df3f2387b3a49761b6ca4e41c5ecc48b82c0ad500a989d16b447b3ea47c317b4,cache/market_breadth/members/nasdaq.json;cache/market_breadth/snapshots/nasdaq.json,Composite business still references; approval required before archive
US.VLY,cache/market_breadth/prices/US.VLY.json,14376,982a1ff3b39193063fc44f717fd7b9528152c44ac4ca5648d54ebc734ce93cc7,cache/market_breadth/members/nasdaq.json;cache/market_breadth/snapshots/nasdaq.json,Composite business still references; approval required before archive
US.VMAR,cache/market_breadth/prices/US.VMAR.json,15107,9d1e1f026c6824fd85eb3f45d6e351baae5e551f103cc111a33011ae9e458290,cache/market_breadth/members/nasdaq.json;cache/market_breadth/snapshots/nasdaq.json,Composite business still references; approval required before archive
US.VMD,cache/market_breadth/prices/US.VMD.json,14151,064b4c174d929a0893542c4aba68af444569611001bcf5fb77c80b9012f53e58,cache/market_breadth/members/nasdaq.json;cache/market_breadth/snapshots/nasdaq.json,Composite business still references; approval required before archive
US.VMET,cache/market_breadth/prices/US.VMET.json,6414,b863272776465f0331c62ffb9520a9dd244340fe76057aa150c34433c71991e3,cache/market_breadth/members/nasdaq.json;cache/market_breadth/snapshots/nasdaq.json,Composite business still references; approval required before archive
US.VNCE,cache/market_breadth/prices/US.VNCE.json,14116,259435f0da6fbab2edc7b387e885a690f6ead762f942966cc2c769f61d9f77dd,cache/market_breadth/members/nasdaq.json;cache/market_breadth/snapshots/nasdaq.json,Composite business still references; approval required before archive
US.VNDA,cache/market_breadth/prices/US.VNDA.json,14105,8869dd19d95f720447cf4fa9d4a43150cf54f610b6138d869cdaa7867cd2a6da,cache/market_breadth/members/nasdaq.json;cache/market_breadth/snapshots/nasdaq.json,Composite business still references; approval required before archive
US.VNET,cache/market_breadth/prices/US.VNET.json,14202,e3664e2bc9a8dbaea730472c14cff84d17e45ef24486548d81e9593f5ede396d,cache/market_breadth/members/nasdaq.json;cache/market_breadth/snapshots/nasdaq.json,Composite business still references; approval required before archive
US.VNME,cache/market_breadth/prices/US.VNME.json,5954,46fba94245970757af4e2a7dc5ce6dd61ca324dc25673aa93a78ed410e909d21,cache/market_breadth/members/nasdaq.json;cache/market_breadth/snapshots/nasdaq.json,Composite business still references; approval required before archive
US.VNOM,cache/market_breadth/prices/US.VNOM.json,14516,68d774ab31042464a17acceb2bbb2ad2df5c05c205ae86b770d1a92ce5d31764,cache/market_breadth/members/nasdaq.json;cache/market_breadth/snapshots/nasdaq.json,Composite business still references; approval required before archive
US.VOD,cache/market_breadth/prices/US.VOD.json,15096,dbb062d934a4d34de9f5ac05148f0a10b3a95b0833d5432aad36fa1e3b2e7790,cache/market_breadth/members/nasdaq.json;cache/market_breadth/snapshots/nasdaq.json,Composite business still references; approval required before archive
US.VOGX,cache/market_breadth/prices/US.VOGX.json,1326,a0cfbfe7fb80de285415aa6ae34416881721dd3433f647e2905cc93e61dea796,cache/market_breadth/members/nasdaq.json;cache/market_breadth/snapshots/nasdaq.json,Composite business still references; approval required before archive
US.VOR,cache/market_breadth/prices/US.VOR.json,14431,3502a9e7bd223544fc21aac687877b0d9a8950beba1657fff7d894b4546627c3,cache/market_breadth/members/nasdaq.json;cache/market_breadth/snapshots/nasdaq.json,Composite business still references; approval required before archive
US.VOXR,cache/market_breadth/prices/US.VOXR.json,14259,6df4e5ea00e2ae203161164c7fdf33005a1911fe5b2fec4a539d26b9281fdd6f,cache/market_breadth/members/nasdaq.json;cache/market_breadth/snapshots/nasdaq.json,Composite business still references; approval required before archive
US.VRA,cache/market_breadth/prices/US.VRA.json,14108,2359588033aa4d87921e5a64d932b9db30c1b597d3598095633d1242dc62abba,cache/market_breadth/members/nasdaq.json;cache/market_breadth/snapshots/nasdaq.json,Composite business still references; approval required before archive
US.VRAX,cache/market_breadth/prices/US.VRAX.json,14568,84c5f56b2c5d5d555cfbb75dad8c148a2e74ec99d7703caf39cce15a36391d64,cache/market_breadth/members/nasdaq.json;cache/market_breadth/snapshots/nasdaq.json,Composite business still references; approval required before archive
US.VRCA,cache/market_breadth/prices/US.VRCA.json,14203,00b04759b8482249bad35bab78157af8314227b28d99238cdfd29cb8ba0cde08,cache/market_breadth/members/nasdaq.json;cache/market_breadth/snapshots/nasdaq.json,Composite business still references; approval required before archive
US.VRDN,cache/market_breadth/prices/US.VRDN.json,14503,b0892c9874ab3ba397b80ad2c09161ae39ce2abb1ee1fc78e2420c90221c7f51,cache/market_breadth/members/nasdaq.json;cache/market_breadth/snapshots/nasdaq.json,Composite business still references; approval required before archive
US.VREX,cache/market_breadth/prices/US.VREX.json,14418,36f8dafb878760a7dd58d89ef5522be139bc55529573c95ff9f578bee9638a08,cache/market_breadth/members/nasdaq.json;cache/market_breadth/snapshots/nasdaq.json,Composite business still references; approval required before archive
US.VRM,cache/market_breadth/prices/US.VRM.json,14448,71fee057e104719815ea5e226b367abcaa2b07fc1900e51fc068e3604ea264ae,cache/market_breadth/members/nasdaq.json;cache/market_breadth/snapshots/nasdaq.json,Composite business still references; approval required before archive
US.VRME,cache/market_breadth/prices/US.VRME.json,14321,a8f937994b18a8ed8bcce0668604d1fa2f6d8e28d633d9151f4c89b8efb4d9b4,cache/market_breadth/members/nasdaq.json;cache/market_breadth/snapshots/nasdaq.json,Composite business still references; approval required before archive
US.VRNS,cache/market_breadth/prices/US.VRNS.json,14514,90dc92955c723fa77d463768c249ca7528d5b75edf7188be3e34349d76b2f3b1,cache/market_breadth/members/nasdaq.json;cache/market_breadth/snapshots/nasdaq.json,Composite business still references; approval required before archive
US.VRRM,cache/market_breadth/prices/US.VRRM.json,14412,f481e84b7c84d565d4ce4401bbfe56835a14e32e618e04687881c66fca85d13b,cache/market_breadth/members/nasdaq.json;cache/market_breadth/snapshots/nasdaq.json,Composite business still references; approval required before archive
US.VRSK,cache/market_breadth/prices/US.VRSK.json,14902,3bc0f468664170619c8408965262d1fe3b8b8c4585ea912f0991f5c0903302f3,cache/market_breadth/members/nasdaq.json;cache/market_breadth/snapshots/nasdaq.json,Composite business still references; approval required before archive
US.VRSN,cache/market_breadth/prices/US.VRSN.json,14897,851d4db31d7d95fd6c611e51b67d02169451d25ee03e17b5c3ec89b0c05014fd,cache/market_breadth/members/nasdaq.json;cache/market_breadth/snapshots/nasdaq.json,Composite business still references; approval required before archive
US.VRXA,cache/market_breadth/prices/US.VRXA.json,2768,8043acccc3d0d5e699eb7aacb5efd70d0bb372391222a8c2fed95fd0ed1af6c8,cache/market_breadth/members/nasdaq.json;cache/market_breadth/snapshots/nasdaq.json,Composite business still references; approval required before archive
US.VS,cache/market_breadth/prices/US.VS.json,14273,3ca748a776d047d16e40e9063f3d32d2cd2d21889562ac3e9ffc7e63a26f0812,cache/market_breadth/members/nasdaq.json;cache/market_breadth/snapshots/nasdaq.json,Composite business still references; approval required before archive
US.VSA,cache/market_breadth/prices/US.VSA.json,13388,ef17d3bbe82b0a4fcd471646c75ba33d40b3a41fc4b5f499e118a36e6d4dff74,cache/market_breadth/members/nasdaq.json;cache/market_breadth/snapshots/nasdaq.json,Composite business still references; approval required before archive
US.VSAT,cache/market_breadth/prices/US.VSAT.json,14454,1f56f3e6424b16afb57ca9cca79c20ab07a938ee3ab8725341b5c02be4f16516,cache/market_breadth/members/nasdaq.json;cache/market_breadth/snapshots/nasdaq.json,Composite business still references; approval required before archive
US.VSEC,cache/market_breadth/prices/US.VSEC.json,14905,7475405662bd5f07268c674d8fee4528558e370bad0a753d98f2ed1e54a0c16f,cache/market_breadth/members/nasdaq.json;cache/market_breadth/snapshots/nasdaq.json,Composite business still references; approval required before archive
US.VSME,cache/market_breadth/prices/US.VSME.json,14342,18a0750d3110cc056e5ff1f23d602eedeaf26a7eab686fe790cdf1e86451b66f,cache/market_breadth/members/nasdaq.json;cache/market_breadth/snapshots/nasdaq.json,Composite business still references; approval required before archive
US.VSNT,cache/market_breadth/prices/US.VSNT.json,6817,51f20c1bb86a2103a7d31917b70a94d2c21a6ed77c50faf6f5e9b6740e746d7d,cache/market_breadth/members/nasdaq.json;cache/market_breadth/snapshots/nasdaq.json,Composite business still references; approval required before archive
US.VSTM,cache/market_breadth/prices/US.VSTM.json,14119,69b00ddda6fb7fcc80f6c7eaadb592739c4eab45840b61a51a11e01d4cd128d4,cache/market_breadth/members/nasdaq.json;cache/market_breadth/snapshots/nasdaq.json,Composite business still references; approval required before archive
US.VTGN,cache/market_breadth/prices/US.VTGN.json,14450,7f780cfad88e9e305a87adb843f1505fa74e88e481dfcda44768c037fe597fbb,cache/market_breadth/members/nasdaq.json;cache/market_breadth/snapshots/nasdaq.json,Composite business still references; approval required before archive
US.VTIX,cache/market_breadth/prices/US.VTIX.json,6053,f4d610551f55bac4021eaa20ec2f6bb57adc1cb8fc860ebadd25c38f29a612e3,cache/market_breadth/members/nasdaq.json;cache/market_breadth/snapshots/nasdaq.json,Composite business still references; approval required before archive
US.VTRS,cache/market_breadth/prices/US.VTRS.json,14352,f2061ee5deb245c9a1434a9adf9352c88365852bc6293a7774b4535020d91a77,cache/market_breadth/members/nasdaq.json;cache/market_breadth/snapshots/nasdaq.json,Composite business still references; approval required before archive
US.VTSI,cache/market_breadth/prices/US.VTSI.json,14098,a051174d47b7c0936f4514d2c924232eb1239090d8ded39350409737ab5b5950,cache/market_breadth/members/nasdaq.json;cache/market_breadth/snapshots/nasdaq.json,Composite business still references; approval required before archive
US.VTVT,cache/market_breadth/prices/US.VTVT.json,14534,e04f112a988066cf68f84df4ed16d281c12d8f1585e2653c99bc6a61049b5948,cache/market_breadth/members/nasdaq.json;cache/market_breadth/snapshots/nasdaq.json,Composite business still references; approval required before archive
US.VUZI,cache/market_breadth/prices/US.VUZI.json,14118,77ea6ded247b7ce459a58bc1d3cbcbd08004474df280c8f1c962506182282dda,cache/market_breadth/members/nasdaq.json;cache/market_breadth/snapshots/nasdaq.json,Composite business still references; approval required before archive
US.VVOS,cache/market_breadth/prices/US.VVOS.json,14305,8a31bb50733bb4062f5a49b6ddfa93f7348aab72a0bb084e59a3fc1ce55d3537,cache/market_breadth/members/nasdaq.json;cache/market_breadth/snapshots/nasdaq.json,Composite business still references; approval required before archive
US.VWAV,cache/market_breadth/prices/US.VWAV.json,11026,2adfba54e5b019dd2f4402cfe99770f3be25357753e1e49122cfac26f0a8b418,cache/market_breadth/members/nasdaq.json;cache/market_breadth/snapshots/nasdaq.json,Composite business still references; approval required before archive
US.VYGR,cache/market_breadth/prices/US.VYGR.json,14112,5bb49c3ea58f41487f5bfa847691341d1d766d164251cc14f707e794580b85a3,cache/market_breadth/members/nasdaq.json;cache/market_breadth/snapshots/nasdaq.json,Composite business still references; approval required before archive
US.WABC,cache/market_breadth/prices/US.WABC.json,14514,e523f3acf428df86b053cdf45587cb76446973f194224b73c8246bb24b1e3d6c,cache/market_breadth/members/nasdaq.json;cache/market_breadth/snapshots/nasdaq.json,Composite business still references; approval required before archive
US.WAFD,cache/market_breadth/prices/US.WAFD.json,14505,0f5e93a90834f0cfc602a24cefd46ff96ba10c95099fecb791d2ae49b781e2a9,cache/market_breadth/members/nasdaq.json;cache/market_breadth/snapshots/nasdaq.json,Composite business still references; approval required before archive
US.WAFDP,cache/market_breadth/prices/US.WAFDP.json,15223,076cd7ff4f8df92b16e1daae374bd668864d208659e3b6623f5b83d98366a907,cache/market_breadth/members/nasdaq.json;cache/market_breadth/snapshots/nasdaq.json,Composite business still references; approval required before archive
US.WAFU,cache/market_breadth/prices/US.WAFU.json,14231,b6a34dea85839f814a5b230f927e18acf2c781d34fe9439d69f96a0f06220580,cache/market_breadth/members/nasdaq.json;cache/market_breadth/snapshots/nasdaq.json,Composite business still references; approval required before archive
US.WALD,cache/market_breadth/prices/US.WALD.json,14135,0c73a210700f248114103053057937602d452e68751ef397ecb2244a57d17d5c,cache/market_breadth/members/nasdaq.json;cache/market_breadth/snapshots/nasdaq.json,Composite business still references; approval required before archive
US.WASH,cache/market_breadth/prices/US.WASH.json,14505,5a254bbc2df22e1d44a6332948bc8348718cf359c0e860a2eb9f6024b28620b3,cache/market_breadth/members/nasdaq.json;cache/market_breadth/snapshots/nasdaq.json,Composite business still references; approval required before archive
US.WATR,cache/market_breadth/prices/US.WATR.json,1193,b09d88d1c33ff3b375458ec71a20fe871c61a426a174a1157b48b5b81887bc29,cache/market_breadth/members/nasdaq.json;cache/market_breadth/snapshots/nasdaq.json,Composite business still references; approval required before archive
US.WATT,cache/market_breadth/prices/US.WATT.json,14357,052989c1a3bd1a0719d0eab71c88e8ff9d3a42a87b0946896bdf28439a6d702d,cache/market_breadth/members/nasdaq.json;cache/market_breadth/snapshots/nasdaq.json,Composite business still references; approval required before archive
US.WAVE,cache/market_breadth/prices/US.WAVE.json,14175,e1cbb86fc073cb6bd1e8b01d53fb880195820f7808874b3d3f6f77f949a4cf01,cache/market_breadth/members/nasdaq.json;cache/market_breadth/snapshots/nasdaq.json,Composite business still references; approval required before archive
US.WAY,cache/market_breadth/prices/US.WAY.json,14518,01624f1effb092e1c9474f4ebdeabff1db50ddf3570633e3401b56903417c524,cache/market_breadth/members/nasdaq.json;cache/market_breadth/snapshots/nasdaq.json,Composite business still references; approval required before archive
US.WB,cache/market_breadth/prices/US.WB.json,14186,e6044db3c1bd752ca343155eeef01699bc94468059bab6143f6156c9d6058784,cache/market_breadth/members/nasdaq.json;cache/market_breadth/snapshots/nasdaq.json,Composite business still references; approval required before archive
US.WBTN,cache/market_breadth/prices/US.WBTN.json,14345,4a3ab9f72d0b196c551510a148a477914abcdf99c1a8e098417568f034ffba27,cache/market_breadth/members/nasdaq.json;cache/market_breadth/snapshots/nasdaq.json,Composite business still references; approval required before archive
US.WBUY,cache/market_breadth/prices/US.WBUY.json,12470,6843872aa94f120913173b2e1b1b005649c71621119e2366fb6e27680231564d,cache/market_breadth/members/nasdaq.json;cache/market_breadth/snapshots/nasdaq.json,Composite business still references; approval required before archive
US.WCCB,cache/market_breadth/prices/US.WCCB.json,469,6e57790fd9162f7bd20f4e39bf6d994626a72455bc6d35cc0134a90235b772be,cache/market_breadth/members/nasdaq.json;cache/market_breadth/snapshots/nasdaq.json,Composite business still references; approval required before archive
US.WCT,cache/market_breadth/prices/US.WCT.json,15105,ac32aa717fd7ba2f20eabde51e6b2b57d55a45bc1324c79c12174581d7c9a6e0,cache/market_breadth/members/nasdaq.json;cache/market_breadth/snapshots/nasdaq.json,Composite business still references; approval required before archive
US.WDFC,cache/market_breadth/prices/US.WDFC.json,14905,ecd143277a8df556644b1a521f9c0e50ac8802fd32711f5d6ec500b51b2daddf,cache/market_breadth/members/nasdaq.json;cache/market_breadth/snapshots/nasdaq.json,Composite business still references; approval required before archive
US.WEN,cache/market_breadth/prices/US.WEN.json,14208,e5a9eadd4385cd7ccb8ecc3ab977a5fcc5bd20df6fd69b012658b699a3478955,cache/market_breadth/members/nasdaq.json;cache/market_breadth/snapshots/nasdaq.json,Composite business still references; approval required before archive
US.WENN,cache/market_breadth/prices/US.WENN.json,10201,cc496706f6f6db5d5ccb3d08cac10488f3f1219bd3b324f3eb3eb3643c7cc95e,cache/market_breadth/members/nasdaq.json;cache/market_breadth/snapshots/nasdaq.json,Composite business still references; approval required before archive
US.WERN,cache/market_breadth/prices/US.WERN.json,14524,169e07d2490c831a4515525a4dfcddc0e7a0263505304327fb74a9e213a81ba6,cache/market_breadth/members/nasdaq.json;cache/market_breadth/snapshots/nasdaq.json,Composite business still references; approval required before archive
US.WEST,cache/market_breadth/prices/US.WEST.json,17186,71f3bed42e6e734ff0b7215fcbdc6fb473faa5209efe4b44a51519405bfb54db,cache/market_breadth/members/nasdaq.json;cache/market_breadth/snapshots/nasdaq.json,Composite business still references; approval required before archive
US.WETH,cache/market_breadth/prices/US.WETH.json,14236,875ddb59c1a4da853bbcb8d676f0d7ac8a9e7d3c0e05971e5850adcfdc387492,cache/market_breadth/members/nasdaq.json;cache/market_breadth/snapshots/nasdaq.json,Composite business still references; approval required before archive
US.WETO,cache/market_breadth/prices/US.WETO.json,15866,065a3c084ec1b911cda8f917a9675eb2dff74bfcf85983cdac9fcf0d9d654463,cache/market_breadth/members/nasdaq.json;cache/market_breadth/snapshots/nasdaq.json,Composite business still references; approval required before archive
US.WEYS,cache/market_breadth/prices/US.WEYS.json,14510,316d3e3ca6bdd54725d7d101cb1941cdc3c808f86137ac4fe56b7c33a7a3fb86,cache/market_breadth/members/nasdaq.json;cache/market_breadth/snapshots/nasdaq.json,Composite business still references; approval required before archive
US.WFCF,cache/market_breadth/prices/US.WFCF.json,14556,e1eb5ef97ea45486dac33053c1be79ef260d94d50d049dc8b992e28b3b9e5890,cache/market_breadth/members/nasdaq.json;cache/market_breadth/snapshots/nasdaq.json,Composite business still references; approval required before archive
US.WFF,cache/market_breadth/prices/US.WFF.json,13602,ffa8b4602b709bbd3154581c24d0e2eb5f9dc8b6a84b4615ddf7855e74abd6bb,cache/market_breadth/members/nasdaq.json;cache/market_breadth/snapshots/nasdaq.json,Composite business still references; approval required before archive
US.WFRD,cache/market_breadth/prices/US.WFRD.json,14634,cdebce9dba58d365c605e66fb22d606483af817b19f4f60ab2fd6060819525fc,cache/market_breadth/members/nasdaq.json;cache/market_breadth/snapshots/nasdaq.json,Composite business still references; approval required before archive
US.WGS,cache/market_breadth/prices/US.WGS.json,14658,fff0c8a8f061d1ab44dabd716673ad0567e739e06121597f88cd83736da138de,cache/market_breadth/members/nasdaq.json;cache/market_breadth/snapshots/nasdaq.json,Composite business still references; approval required before archive
US.WHLR,cache/market_breadth/prices/US.WHLR.json,15554,873a5feee7d26c59fda72b7efdcc2d2de4f5f4ffeb2021a887d6c3bd5a3c79b2,cache/market_breadth/members/nasdaq.json;cache/market_breadth/snapshots/nasdaq.json,Composite business still references; approval required before archive
US.WHWK,cache/market_breadth/prices/US.WHWK.json,13540,098cceda3ed00a2b49fe4d307463d6469c58a7e0aebf1a428dc6527a417762b7,cache/market_breadth/members/nasdaq.json;cache/market_breadth/snapshots/nasdaq.json,Composite business still references; approval required before archive
US.WIMI,cache/market_breadth/prices/US.WIMI.json,14141,a14a6e9c9f62a515a02235faa720fba9fd22849d35ddf1ee4d14ff7f17374995,cache/market_breadth/members/nasdaq.json;cache/market_breadth/snapshots/nasdaq.json,Composite business still references; approval required before archive
US.WINA,cache/market_breadth/prices/US.WINA.json,14920,d933af9d5fec17582711a7337e93427c9266befbfc39796229c63a4e047fe4ab,cache/market_breadth/members/nasdaq.json;cache/market_breadth/snapshots/nasdaq.json,Composite business still references; approval required before archive
US.WING,cache/market_breadth/prices/US.WING.json,14907,48039fc3e147d4ff347557220f17c48038604781e28905823728da4832a428a6,cache/market_breadth/members/nasdaq.json;cache/market_breadth/snapshots/nasdaq.json,Composite business still references; approval required before archive
US.WIX,cache/market_breadth/prices/US.WIX.json,14724,5d686a3103da4b9d4e8dbe6e272fe0ae5c29aba201d1545a5ddbbf4aff1c9e5a,cache/market_breadth/members/nasdaq.json;cache/market_breadth/snapshots/nasdaq.json,Composite business still references; approval required before archive
US.WKEY,cache/market_breadth/prices/US.WKEY.json,14142,c625ded81fc1d8b57d4387bfb9db2ccae7791a2f7c7e35c91d2b56479c7ce9f7,cache/market_breadth/members/nasdaq.json;cache/market_breadth/snapshots/nasdaq.json,Composite business still references; approval required before archive
US.WKHS,cache/market_breadth/prices/US.WKHS.json,14339,9729b0bbb511cad8ea61ef4e76003218ce3ecbab87847723ba9901a83191c314,cache/market_breadth/members/nasdaq.json;cache/market_breadth/snapshots/nasdaq.json,Composite business still references; approval required before archive
US.WKSP,cache/market_breadth/prices/US.WKSP.json,14285,de3b7ae91f68c786b5805c0f27d00f5830995576489203e4139059e295fc1413,cache/market_breadth/members/nasdaq.json;cache/market_breadth/snapshots/nasdaq.json,Composite business still references; approval required before archive
US.WLCO,cache/market_breadth/prices/US.WLCO.json,989,8751a695e4da926af29f63c508e0bdaaa477e855c1bfda076b467897a3e9ec7d,cache/market_breadth/members/nasdaq.json;cache/market_breadth/snapshots/nasdaq.json,Composite business still references; approval required before archive
US.WLDN,cache/market_breadth/prices/US.WLDN.json,14585,3e0d842ffb98b7923ef8bee74fa98cd75507035b992a516a169e4f406429ab9a,cache/market_breadth/members/nasdaq.json;cache/market_breadth/snapshots/nasdaq.json,Composite business still references; approval required before archive
US.WLDS,cache/market_breadth/prices/US.WLDS.json,17397,0ad186f8ab3d1e2d6f256be4f2c13808b47ac9094c6a9620a99cdbcbe89a5dcc,cache/market_breadth/members/nasdaq.json;cache/market_breadth/snapshots/nasdaq.json,Composite business still references; approval required before archive
US.WLFC,cache/market_breadth/prices/US.WLFC.json,15132,e77194aaea83a2d300e6a8760e206195d0f045e3d5584fdc4850a013becebce1,cache/market_breadth/members/nasdaq.json;cache/market_breadth/snapshots/nasdaq.json,Composite business still references; approval required before archive
US.WLII,cache/market_breadth/prices/US.WLII.json,5384,2cdff2cd45311ba4a111e441b7f9d181a617be8ab2c49f86377ad216ce99b9ed,cache/market_breadth/members/nasdaq.json;cache/market_breadth/snapshots/nasdaq.json,Composite business still references; approval required before archive
US.WLTH,cache/market_breadth/prices/US.WLTH.json,8594,6cf30c0d51bd40dd3af224ca2f097b62eee57a1f0d9a2fcc07ff37c62973f441,cache/market_breadth/members/nasdaq.json;cache/market_breadth/snapshots/nasdaq.json,Composite business still references; approval required before archive
US.WMG,cache/market_breadth/prices/US.WMG.json,17714,f6a23f6485c49eedb779cae7cdd1f78d3748d6711aba04109873ad0a7dc3951b,cache/market_breadth/members/nasdaq.json;cache/market_breadth/snapshots/nasdaq.json,Composite business still references; approval required before archive
US.WNEB,cache/market_breadth/prices/US.WNEB.json,17588,1a09032bef2db1ad80f6630b0d3f6a456cae7cb24ad5d5d08cb47077d67ae489,cache/market_breadth/members/nasdaq.json;cache/market_breadth/snapshots/nasdaq.json,Composite business still references; approval required before archive
US.WNW,cache/market_breadth/prices/US.WNW.json,15729,ccceb4f839cced03eaf09befd0b56376272de2b49dfffbed113ad4b3163d4a4e,cache/market_breadth/members/nasdaq.json;cache/market_breadth/snapshots/nasdaq.json,Composite business still references; approval required before archive
US.WOK,cache/market_breadth/prices/US.WOK.json,15696,5cdaef5593c771c78d4144098db7d324218f7a18c135481d9a989408c7740f08,cache/market_breadth/members/nasdaq.json;cache/market_breadth/snapshots/nasdaq.json,Composite business still references; approval required before archive
US.WOOF,cache/market_breadth/prices/US.WOOF.json,17223,e0699d539dfa31b655208e200a31d3912874ed938017ae8c4d4cbbc84b6ebfd5,cache/market_breadth/members/nasdaq.json;cache/market_breadth/snapshots/nasdaq.json,Composite business still references; approval required before archive
US.WPRT,cache/market_breadth/prices/US.WPRT.json,17235,ed7a79336e38a3ad2a1a0fdc77c4dfecb00a9fdf49716e3444b8df8d71089a88,cache/market_breadth/members/nasdaq.json;cache/market_breadth/snapshots/nasdaq.json,Composite business still references; approval required before archive
US.WRAP,cache/market_breadth/prices/US.WRAP.json,17221,2dc3daf9de85e3ecd1ebf36121ca76ab6d7a099492e053561af467b81aaa729b,cache/market_breadth/members/nasdaq.json;cache/market_breadth/snapshots/nasdaq.json,Composite business still references; approval required before archive
US.WRD,cache/market_breadth/prices/US.WRD.json,17300,36ee815bc41782addde44356edb8d81489ed47fcc0b070ac99c6bdcd7b8c0acc,cache/market_breadth/members/nasdaq.json;cache/market_breadth/snapshots/nasdaq.json,Composite business still references; approval required before archive
US.WRLD,cache/market_breadth/prices/US.WRLD.json,17960,4a309ec9a7f69ffe196c9a263190c1b668096dd2d592943a78614531d38146ba,cache/market_breadth/members/nasdaq.json;cache/market_breadth/snapshots/nasdaq.json,Composite business still references; approval required before archive
US.WSBC,cache/market_breadth/prices/US.WSBC.json,17687,c43e7d27c2ba0e8a6a3428dcfdd6f00ccebb990796e2bf529b26c715a9f17bac,cache/market_breadth/members/nasdaq.json;cache/market_breadth/snapshots/nasdaq.json,Composite business still references; approval required before archive
US.WSBF,cache/market_breadth/prices/US.WSBF.json,17697,a98394e63b15d337c9ab9d8083f45502dafa3298575956c0c1a8903fef995957,cache/market_breadth/members/nasdaq.json;cache/market_breadth/snapshots/nasdaq.json,Composite business still references; approval required before archive
US.WSBK,cache/market_breadth/prices/US.WSBK.json,15288,b9cb631f260b5fd0dbc8b5cca27f71c12cd34c5f71e4c502593717da67130b81,cache/market_breadth/members/nasdaq.json;cache/market_breadth/snapshots/nasdaq.json,Composite business still references; approval required before archive
US.WSC,cache/market_breadth/prices/US.WSC.json,17706,aa2e611af7839ebce34832e05d713a4ef71a8b10df0d11d2b6ae6add4e7f1910,cache/market_breadth/members/nasdaq.json;cache/market_breadth/snapshots/nasdaq.json,Composite business still references; approval required before archive
US.WSE,cache/market_breadth/prices/US.WSE.json,4360,1757186fa18e11b7703144c70ba278671cd165720f5caa32ba95b2dea27df0b6,cache/market_breadth/members/nasdaq.json;cache/market_breadth/snapshots/nasdaq.json,Composite business still references; approval required before archive
US.WSFS,cache/market_breadth/prices/US.WSFS.json,17709,31c60efd9167cc12dd045a6c695c577b25b0ef9f6f9af420bfbedd47c212a2b6,cache/market_breadth/members/nasdaq.json;cache/market_breadth/snapshots/nasdaq.json,Composite business still references; approval required before archive
US.WSHP,cache/market_breadth/prices/US.WSHP.json,9244,d4b5112e10ea5af63eae4c7921268fe1f00418b2c56a64f93ae29a143dab50aa,cache/market_breadth/members/nasdaq.json;cache/market_breadth/snapshots/nasdaq.json,Composite business still references; approval required before archive
US.WSTN,cache/market_breadth/prices/US.WSTN.json,8110,9e44d4ce5b53374a3c04818991bda2f7866019c77eb0654351f455e4d2828dbe,cache/market_breadth/members/nasdaq.json;cache/market_breadth/snapshots/nasdaq.json,Composite business still references; approval required before archive
US.WTBA,cache/market_breadth/prices/US.WTBA.json,17687,879ecc3e7896570dc640cecef8f056f41cd76cdfdbad1a57f21226f9a445810a,cache/market_breadth/members/nasdaq.json;cache/market_breadth/snapshots/nasdaq.json,Composite business still references; approval required before archive
US.WTF,cache/market_breadth/prices/US.WTF.json,16108,71eb9f066a72373e7e872c8f7aad6f4e7ccbb02a749fffff2e71126d2baf0227,cache/market_breadth/members/nasdaq.json;cache/market_breadth/snapshots/nasdaq.json,Composite business still references; approval required before archive
US.WTFC,cache/market_breadth/prices/US.WTFC.json,18091,3676c863dfe6818bd03a557745fc93b03d849c23bc33415c2c656410497b4eea,cache/market_breadth/members/nasdaq.json;cache/market_breadth/snapshots/nasdaq.json,Composite business still references; approval required before archive
US.WTG,cache/market_breadth/prices/US.WTG.json,13191,def544017d765a3e5320a7addc8146ea5a8f944c35e4d09c4036d4ff5feea498,cache/market_breadth/members/nasdaq.json;cache/market_breadth/snapshots/nasdaq.json,Composite business still references; approval required before archive
US.WTW,cache/market_breadth/prices/US.WTW.json,18099,3aef9819d2e4560f11629044f222d619df3cde0d8516f1c3315532f6aedd5c4f,cache/market_breadth/members/nasdaq.json;cache/market_breadth/snapshots/nasdaq.json,Composite business still references; approval required before archive
US.WULF,cache/market_breadth/prices/US.WULF.json,17471,613b832a301a60f356b39c5e9d42fc86e4bed4790fc200df9c6cf5ebaab26d38,cache/market_breadth/members/nasdaq.json;cache/market_breadth/snapshots/nasdaq.json,Composite business still references; approval required before archive
US.WVE,cache/market_breadth/prices/US.WVE.json,17245,bf5039e7faf922a4c52329e2896f05ac6bedc4b9129219c390f95de43c2c2798,cache/market_breadth/members/nasdaq.json;cache/market_breadth/snapshots/nasdaq.json,Composite business still references; approval required before archive
US.WVVI,cache/market_breadth/prices/US.WVVI.json,17129,c7b6c772492c55de5944e7d9ec17002af945c81f91f5d29ee85d86844a720a87,cache/market_breadth/members/nasdaq.json;cache/market_breadth/snapshots/nasdaq.json,Composite business still references; approval required before archive
US.WW,cache/market_breadth/prices/US.WW.json,13776,0a4c41ab16885f5d2d173ce0a91d0c7d7c81fc2d1492d03ccbfe473f141a4a1a,cache/market_breadth/members/nasdaq.json;cache/market_breadth/snapshots/nasdaq.json,Composite business still references; approval required before archive
US.WWD,cache/market_breadth/prices/US.WWD.json,18097,a82c45755fa181e8af2bf7ff22d39078286b39dd0e1dfa14b36aac10068e115b,cache/market_breadth/members/nasdaq.json;cache/market_breadth/snapshots/nasdaq.json,Composite business still references; approval required before archive
US.WXM,cache/market_breadth/prices/US.WXM.json,15866,6fd795296dcb8a225035834b05f270b458d21ecf20aa4d0e632ae100f4b38666,cache/market_breadth/members/nasdaq.json;cache/market_breadth/snapshots/nasdaq.json,Composite business still references; approval required before archive
US.WYFI,cache/market_breadth/prices/US.WYFI.json,12622,2e8b8101d09e0cb9b241cf4e8a301d2e6fa5933501200496e764d13ae10f9b0a,cache/market_breadth/members/nasdaq.json;cache/market_breadth/snapshots/nasdaq.json,Composite business still references; approval required before archive
US.WYHG,cache/market_breadth/prices/US.WYHG.json,17291,8d15f93e12ffea60b44196fa723bb9796abcd8d878cf8fbdcf4ed843afdaba55,cache/market_breadth/members/nasdaq.json;cache/market_breadth/snapshots/nasdaq.json,Composite business still references; approval required before archive
US.WYNN,cache/market_breadth/prices/US.WYNN.json,17956,844d283734746611ae629885966ed1b900f80a1ffcd102b09a6837113ba2b047,cache/market_breadth/members/nasdaq.json;cache/market_breadth/snapshots/nasdaq.json,Composite business still references; approval required before archive
US.XAIR,cache/market_breadth/prices/US.XAIR.json,16997,53073e3e7b9e315f80562d3ae9f4ff8e145e0638d70f232b4d7f782d6fef6aa2,cache/market_breadth/members/nasdaq.json;cache/market_breadth/snapshots/nasdaq.json,Composite business still references; approval required before archive
US.XBIO,cache/market_breadth/prices/US.XBIO.json,17211,ceb0e83c9e583a95a9c1e78e3483ea5abea1982acac78315ab18da5a343002d5,cache/market_breadth/members/nasdaq.json;cache/market_breadth/snapshots/nasdaq.json,Composite business still references; approval required before archive
US.XBIT,cache/market_breadth/prices/US.XBIT.json,17197,b64f42d86a05611ec5c1b3af831fa9d4f319b1db4d4f29353c2288cedcaee832,cache/market_breadth/members/nasdaq.json;cache/market_breadth/snapshots/nasdaq.json,Composite business still references; approval required before archive
US.XBP,cache/market_breadth/prices/US.XBP.json,17117,9a28862545a01be3f2945cd40f51e730d1cfd0f02ee48b7cca364fd08f9b93ef,cache/market_breadth/members/nasdaq.json;cache/market_breadth/snapshots/nasdaq.json,Composite business still references; approval required before archive
US.XCBE,cache/market_breadth/prices/US.XCBE.json,5974,ddd1b50a9c536242c00b1bdfb6d4cf87167094cc9e1878c586e9386492376eb0,cache/market_breadth/members/nasdaq.json;cache/market_breadth/snapshots/nasdaq.json,Composite business still references; approval required before archive
US.XCH,cache/market_breadth/prices/US.XCH.json,17046,405242067f2bf8e3258dd7aaa9e04748379977e3f79b470ac4f6223477369651,cache/market_breadth/members/nasdaq.json;cache/market_breadth/snapshots/nasdaq.json,Composite business still references; approval required before archive
US.XCUR,cache/market_breadth/prices/US.XCUR.json,17175,afe9af695518844e661b3f93227baee41ad92ab48681b712fa32ace0a154ebba,cache/market_breadth/members/nasdaq.json;cache/market_breadth/snapshots/nasdaq.json,Composite business still references; approval required before archive
US.XE,cache/market_breadth/prices/US.XE.json,4891,780df7cc0429dac737faaf423343e0b2b596341cabca0652f5395e3122cb1a3b,cache/market_breadth/members/nasdaq.json;cache/market_breadth/snapshots/nasdaq.json,Composite business still references; approval required before archive
US.XELB,cache/market_breadth/prices/US.XELB.json,17221,837b6c11ed9d2879cc817f719940636cc705f8216e7b3627702ccbfd5da5430c,cache/market_breadth/members/nasdaq.json;cache/market_breadth/snapshots/nasdaq.json,Composite business still references; approval required before archive
US.XENE,cache/market_breadth/prices/US.XENE.json,17621,cc95337284fba1f258d8464b6a07b5604e5936ce85eb2912e8d97f51bb0dac91,cache/market_breadth/members/nasdaq.json;cache/market_breadth/snapshots/nasdaq.json,Composite business still references; approval required before archive
US.XERS,cache/market_breadth/prices/US.XERS.json,17267,c7d51ab995adc226498d9e59b9fa69d51cee7f5933adca59be74bb7a755567a5,cache/market_breadth/members/nasdaq.json;cache/market_breadth/snapshots/nasdaq.json,Composite business still references; approval required before archive
US.XFOR,cache/market_breadth/prices/US.XFOR.json,17108,89ede8946e55a357285810d5d824773af51311e1776fad2a9585d475cfbe7e28,cache/market_breadth/members/nasdaq.json;cache/market_breadth/snapshots/nasdaq.json,Composite business still references; approval required before archive
US.XGN,cache/market_breadth/prices/US.XGN.json,17200,b8b4552cd1cdce998577ccad11b3862ba4506a4687b919e53844705f893c4059,cache/market_breadth/members/nasdaq.json;cache/market_breadth/snapshots/nasdaq.json,Composite business still references; approval required before archive
US.XHG,cache/market_breadth/prices/US.XHG.json,17248,0444ec58ccd0c40bf447ff35f492b7143d1cfb2f6cb92c59118c8f359309890a,cache/market_breadth/members/nasdaq.json;cache/market_breadth/snapshots/nasdaq.json,Composite business still references; approval required before archive
US.XHLD,cache/market_breadth/prices/US.XHLD.json,17136,d31ff89b3a778b63ef4ddeceee9e78b8b917f73b637080680b6b31f504a25929,cache/market_breadth/members/nasdaq.json;cache/market_breadth/snapshots/nasdaq.json,Composite business still references; approval required before archive
US.XIII,cache/market_breadth/prices/US.XIII.json,440,f73eebd8fbd6fea3aba27e2a7fb8ed833c2ba57f9663b7a1601b26763883e746,cache/market_breadth/members/nasdaq.json;cache/market_breadth/snapshots/nasdaq.json,Composite business still references; approval required before archive
US.XLAB,cache/market_breadth/prices/US.XLAB.json,12196,55d999d51cf760ea8a422acfb3fbbc200a64698431ac6db7dfe4fcf4924e511f,cache/market_breadth/members/nasdaq.json;cache/market_breadth/snapshots/nasdaq.json,Composite business still references; approval required before archive
US.XLO,cache/market_breadth/prices/US.XLO.json,17324,4e4e8c68a701d5bcfeacb2ed9f39f7c05ef35b22048c27297f576831ae9103d4,cache/market_breadth/members/nasdaq.json;cache/market_breadth/snapshots/nasdaq.json,Composite business still references; approval required before archive
US.XMAX,cache/market_breadth/prices/US.XMAX.json,17192,4ed20c77d77752fcdaf31028b17283b60595c8490a760ab0234cf0bff0e39b70,cache/market_breadth/members/nasdaq.json;cache/market_breadth/snapshots/nasdaq.json,Composite business still references; approval required before archive
US.XMTR,cache/market_breadth/prices/US.XMTR.json,17570,ab5006d4b3725a2c982778e8b58ad761733efe311073578346595adf7cae2ff5,cache/market_breadth/members/nasdaq.json;cache/market_breadth/snapshots/nasdaq.json,Composite business still references; approval required before archive
US.XNCR,cache/market_breadth/prices/US.XNCR.json,17492,27ab133141e1e084b11eade1912d0419be9cf9a253df18d664a5c179605d676d,cache/market_breadth/members/nasdaq.json;cache/market_breadth/snapshots/nasdaq.json,Composite business still references; approval required before archive
US.XNDU,cache/market_breadth/prices/US.XNDU.json,5778,f720c626e9395c7b4a45a08fd269a461898215bfe25be077aa3c1b83da9054f9,cache/market_breadth/members/nasdaq.json;cache/market_breadth/snapshots/nasdaq.json,Composite business still references; approval required before archive
US.XNET,cache/market_breadth/prices/US.XNET.json,17181,3247d539870931ffcb6603a4d3285428081ed995723c8920807a2b611bf775ff,cache/market_breadth/members/nasdaq.json;cache/market_breadth/snapshots/nasdaq.json,Composite business still references; approval required before archive
US.XOS,cache/market_breadth/prices/US.XOS.json,17169,556e435aa1224a00ffe6cd82806ec0fd4b8218bd1c28b5dba98922c748a6965b,cache/market_breadth/members/nasdaq.json;cache/market_breadth/snapshots/nasdaq.json,Composite business still references; approval required before archive
US.XP,cache/market_breadth/prices/US.XP.json,17697,eb7d88b60dfd0819df99f673fa255b7b88b599474101283e0e57443f2f76148f,cache/market_breadth/members/nasdaq.json;cache/market_breadth/snapshots/nasdaq.json,Composite business still references; approval required before archive
US.XPEL,cache/market_breadth/prices/US.XPEL.json,17496,3da2f7d7aa5a016cb435519aef2c5a790d082b1744a9d2631024b3c0b76207b1,cache/market_breadth/members/nasdaq.json;cache/market_breadth/snapshots/nasdaq.json,Composite business still references; approval required before archive
US.XPON,cache/market_breadth/prices/US.XPON.json,17434,8eb92c69a8c6c2a026ba05f2005a76b4460f72aee1c6680e0ddf8b05a9999193,cache/market_breadth/members/nasdaq.json;cache/market_breadth/snapshots/nasdaq.json,Composite business still references; approval required before archive
US.XRAY,cache/market_breadth/prices/US.XRAY.json,17584,4ebd32d968051ec5c8f8c2771eae4f3c00a74b02f64750b450821070367b0730,cache/market_breadth/members/nasdaq.json;cache/market_breadth/snapshots/nasdaq.json,Composite business still references; approval required before archive
US.XRPN,cache/market_breadth/prices/US.XRPN.json,13900,cb8f6f8c63eeb96a86a893654cd01254c48c8d9ff953cddb784ea508a2a4efbd,cache/market_breadth/members/nasdaq.json;cache/market_breadth/snapshots/nasdaq.json,Composite business still references; approval required before archive
US.XRTX,cache/market_breadth/prices/US.XRTX.json,16955,1af6b0b92634b2509390511cb168717c07f0db80d4f4726dbf74620b1fff574a,cache/market_breadth/members/nasdaq.json;cache/market_breadth/snapshots/nasdaq.json,Composite business still references; approval required before archive
US.XRX,cache/market_breadth/prices/US.XRX.json,17297,b7d533c7a66353769f55694dee9c204c72bae186c5928c10189581ec40c47981,cache/market_breadth/members/nasdaq.json;cache/market_breadth/snapshots/nasdaq.json,Composite business still references; approval required before archive
US.XSLL,cache/market_breadth/prices/US.XSLL.json,5857,c62860107a5d47b8fa24b9fcf1629bf0aa11019d4789f634b4666d92baf20f4c,cache/market_breadth/members/nasdaq.json;cache/market_breadth/snapshots/nasdaq.json,Composite business still references; approval required before archive
US.XTER,cache/market_breadth/prices/US.XTER.json,1096,bc3835a203fd61affe3245245d79cd8ac6385303d6f54697a1091e6cffea205f,cache/market_breadth/members/nasdaq.json;cache/market_breadth/snapshots/nasdaq.json,Composite business still references; approval required before archive
US.XTIA,cache/market_breadth/prices/US.XTIA.json,17154,3f0b5c475aa46028ec89f6da34d3ef70978d29321d7af6208953c2a547847b6d,cache/market_breadth/members/nasdaq.json;cache/market_breadth/snapshots/nasdaq.json,Composite business still references; approval required before archive
US.XTLB,cache/market_breadth/prices/US.XTLB.json,17207,c4ad9493dcec31fd9967eb9363251f8dfaa7c4b6c4cc734e7a4279a1182ed236,cache/market_breadth/members/nasdaq.json;cache/market_breadth/snapshots/nasdaq.json,Composite business still references; approval required before archive
US.XWEL,cache/market_breadth/prices/US.XWEL.json,17104,985e63b610269567190a4d4eec30960bddd3977c306c6f72e366eb3782d0b9b0,cache/market_breadth/members/nasdaq.json;cache/market_breadth/snapshots/nasdaq.json,Composite business still references; approval required before archive
US.XXII,cache/market_breadth/prices/US.XXII.json,16237,a80dfc3d5c86a72190a6236044a416d06e8db74a710e2b9b1bc2dc7f5ba54089,cache/market_breadth/members/nasdaq.json;cache/market_breadth/snapshots/nasdaq.json,Composite business still references; approval required before archive
US.YAAS,cache/market_breadth/prices/US.YAAS.json,17200,2bdb71a1c62784149683c844d697efdc4eb7aa762de5c1072ca210d1c9726a24,cache/market_breadth/members/nasdaq.json;cache/market_breadth/snapshots/nasdaq.json,Composite business still references; approval required before archive
US.YARW,cache/market_breadth/prices/US.YARW.json,17608,b69ff1add458cfe2026996e023ce5c1b5663aa4adf6eae8bdec499b851cc4815,cache/market_breadth/members/nasdaq.json;cache/market_breadth/snapshots/nasdaq.json,Composite business still references; approval required before archive
US.YB,cache/market_breadth/prices/US.YB.json,15680,30381728bfa664898679f7f5485fc0fedf61c7ca8bce386974e3dee034aabf08,cache/market_breadth/members/nasdaq.json;cache/market_breadth/snapshots/nasdaq.json,Composite business still references; approval required before archive
US.YDDL,cache/market_breadth/prices/US.YDDL.json,10445,17662d08ce93e8d225e0a3722828010fe3a82b0699b7e6316d5f540bc4e0d0f3,cache/market_breadth/members/nasdaq.json;cache/market_breadth/snapshots/nasdaq.json,Composite business still references; approval required before archive
US.YDES,cache/market_breadth/prices/US.YDES.json,11872,53066d344cd9c500a5afba8e85f82ecde5480bba9a327800d94ad1e09ff8f7fb,cache/market_breadth/members/nasdaq.json;cache/market_breadth/snapshots/nasdaq.json,Composite business still references; approval required before archive
US.YDKG,cache/market_breadth/prices/US.YDKG.json,15901,b26efef0e1afd29362363fc93faddb4ca9e09d372ecf0cddec6297249fd069c7,cache/market_breadth/members/nasdaq.json;cache/market_breadth/snapshots/nasdaq.json,Composite business still references; approval required before archive
US.YFOR,cache/market_breadth/prices/US.YFOR.json,15458,e54a83b6d907da142671ab46d610d5e27dede7109336a390a2ca80425e6a7397,cache/market_breadth/members/nasdaq.json;cache/market_breadth/snapshots/nasdaq.json,Composite business still references; approval required before archive
US.YHC,cache/market_breadth/prices/US.YHC.json,16001,b557fd355d97bb4294fc1a8ea9f588da3bd06a97f9d0fff680683e1748b8ab1a,cache/market_breadth/members/nasdaq.json;cache/market_breadth/snapshots/nasdaq.json,Composite business still references; approval required before archive
US.YHGJ,cache/market_breadth/prices/US.YHGJ.json,16866,9a9d603101b2173a0b7ebed633c23d2272a5cbf393027eab8afabba724dad695,cache/market_breadth/members/nasdaq.json;cache/market_breadth/snapshots/nasdaq.json,Composite business still references; approval required before archive
US.YHNA,cache/market_breadth/prices/US.YHNA.json,17639,969442d76948dae646f2f50d653e8d2405c9ce70344e4baeb18d3d02df82521a,cache/market_breadth/members/nasdaq.json;cache/market_breadth/snapshots/nasdaq.json,Composite business still references; approval required before archive
US.YI,cache/market_breadth/prices/US.YI.json,17150,442a35addd08aa177e030e4b4ac3397b07082c4029c4573149922c851147fc7a,cache/market_breadth/members/nasdaq.json;cache/market_breadth/snapshots/nasdaq.json,Composite business still references; approval required before archive
US.YIBO,cache/market_breadth/prices/US.YIBO.json,17100,7a87eeebfbe7590f010c1a583d6e2d28b1adeac8ac926b61d2a21cbe0a4d6899,cache/market_breadth/members/nasdaq.json;cache/market_breadth/snapshots/nasdaq.json,Composite business still references; approval required before archive
US.YICC,cache/market_breadth/prices/US.YICC.json,2515,bc6fb9b3e5f14b057bc860a257ac3d6c8424cd978341afa6b2b9f50ddb9ad91f,cache/market_breadth/members/nasdaq.json;cache/market_breadth/snapshots/nasdaq.json,Composite business still references; approval required before archive
US.YJ,cache/market_breadth/prices/US.YJ.json,17173,12298b1d4b7a1fc68e367af2cde7068bd376091814a8d739b750a5412eef4979,cache/market_breadth/members/nasdaq.json;cache/market_breadth/snapshots/nasdaq.json,Composite business still references; approval required before archive
US.YMAT,cache/market_breadth/prices/US.YMAT.json,12541,c15e48ab2a5af7d8c04090074a56c52807bafc510657b135b7e8383d3397399d,cache/market_breadth/members/nasdaq.json;cache/market_breadth/snapshots/nasdaq.json,Composite business still references; approval required before archive
US.YMT,cache/market_breadth/prices/US.YMT.json,12124,9c3c372833e8b7cc9b11198db75d72f29754c4e3faf37edbc99d5a6d7e32b760,cache/market_breadth/members/nasdaq.json;cache/market_breadth/snapshots/nasdaq.json,Composite business still references; approval required before archive
US.YORW,cache/market_breadth/prices/US.YORW.json,17664,19414758795630fbed43d649ee0b442dd99173b19a5d754008fce43074666517,cache/market_breadth/members/nasdaq.json;cache/market_breadth/snapshots/nasdaq.json,Composite business still references; approval required before archive
US.YOUL,cache/market_breadth/prices/US.YOUL.json,13251,7a3104698cc50fee0b6e588b0e65bd90ac26aca412c10760bdca3d0e003bd5e8,cache/market_breadth/members/nasdaq.json;cache/market_breadth/snapshots/nasdaq.json,Composite business still references; approval required before archive
US.YQ,cache/market_breadth/prices/US.YQ.json,17159,7e2d168be4a626d73e32d5f6276fb777e46844373f0cd8f7a8543a172c77e7f7,cache/market_breadth/members/nasdaq.json;cache/market_breadth/snapshots/nasdaq.json,Composite business still references; approval required before archive
US.YSWY,cache/market_breadth/prices/US.YSWY.json,4928,a46d976785f038300743af334171e7b23231e6c68c9dd57a2d2b182e6c6702cf,cache/market_breadth/members/nasdaq.json;cache/market_breadth/snapshots/nasdaq.json,Composite business still references; approval required before archive
US.YSXT,cache/market_breadth/prices/US.YSXT.json,17120,79e3e173c70fe1ccb0cff0d4ae3523c08bd3f9b44a7d37b719a72218b42b7be2,cache/market_breadth/members/nasdaq.json;cache/market_breadth/snapshots/nasdaq.json,Composite business still references; approval required before archive
US.YTRA,cache/market_breadth/prices/US.YTRA.json,17202,f1041549aa3a641a1ce05efe3e288e0c8431e2e037f0e07c225fd87498985b5f,cache/market_breadth/members/nasdaq.json;cache/market_breadth/snapshots/nasdaq.json,Composite business still references; approval required before archive
US.YXT,cache/market_breadth/prices/US.YXT.json,16817,dea38ec5f87644db266e36f6d1d303333e976f7cb747fee1ffab439e9d1150e6,cache/market_breadth/members/nasdaq.json;cache/market_breadth/snapshots/nasdaq.json,Composite business still references; approval required before archive
US.YYAI,cache/market_breadth/prices/US.YYAI.json,15993,68d1d4a999d9f00dce51d0e73e3094e63b2dc4b1a5d8e559b39fe5dda1b35c0a,cache/market_breadth/members/nasdaq.json;cache/market_breadth/snapshots/nasdaq.json,Composite business still references; approval required before archive
US.Z,cache/market_breadth/prices/US.Z.json,17517,8a4fd75f54e16a8a221f59ae9eeb0425d50abf17e5f7f1c3f3fbe0104c3d5fb3,cache/market_breadth/members/nasdaq.json;cache/market_breadth/snapshots/nasdaq.json,Composite business still references; approval required before archive
US.ZBAO,cache/market_breadth/prices/US.ZBAO.json,17178,d854a22de8c2ad6868375fa2899cbcbed92773f7af89dc3aafec1b19fa70944e,cache/market_breadth/members/nasdaq.json;cache/market_breadth/snapshots/nasdaq.json,Composite business still references; approval required before archive
US.ZBIO,cache/market_breadth/prices/US.ZBIO.json,17486,fc15e6a88bd5cf0bff71ad2aafb37e19a3af2004ce7ab95ffa43f09f7164cf4a,cache/market_breadth/members/nasdaq.json;cache/market_breadth/snapshots/nasdaq.json,Composite business still references; approval required before archive
US.ZBRA,cache/market_breadth/prices/US.ZBRA.json,18002,9bb4eb517937b0d027e3db4ad42b87bd56edf75c11f4312f2e11c7736c91aa4d,cache/market_breadth/members/nasdaq.json;cache/market_breadth/snapshots/nasdaq.json,Composite business still references; approval required before archive
US.ZCMD,cache/market_breadth/prices/US.ZCMD.json,17893,dce8b2772ba22a475a351dc750b347841fe6c2e6f9287012452a44ae30303856,cache/market_breadth/members/nasdaq.json;cache/market_breadth/snapshots/nasdaq.json,Composite business still references; approval required before archive
US.ZD,cache/market_breadth/prices/US.ZD.json,17598,aef79b00752784252a2bfc24f03b9c15110cea12819aca1eef76cf422ba2125d,cache/market_breadth/members/nasdaq.json;cache/market_breadth/snapshots/nasdaq.json,Composite business still references; approval required before archive
US.ZDAI,cache/market_breadth/prices/US.ZDAI.json,17330,178edfb60ce980d41099e3fdea1498639dbaeda4346ce59a20071a0219ca6e27,cache/market_breadth/members/nasdaq.json;cache/market_breadth/snapshots/nasdaq.json,Composite business still references; approval required before archive
US.ZENA,cache/market_breadth/prices/US.ZENA.json,17164,378c8ef7e25033f866c3b360e18d679014a31c7a0fd92745935889d78b0999a8,cache/market_breadth/members/nasdaq.json;cache/market_breadth/snapshots/nasdaq.json,Composite business still references; approval required before archive
US.ZEO,cache/market_breadth/prices/US.ZEO.json,17248,528b7be18d935c763b0b474e2d9b4d280ddab1908d00308e3c4c830584bee246,cache/market_breadth/members/nasdaq.json;cache/market_breadth/snapshots/nasdaq.json,Composite business still references; approval required before archive
US.ZG,cache/market_breadth/prices/US.ZG.json,17572,d5c34c37f0fea35b415a45a8386a96fa468115b504bb1d9abd947516dd04109b,cache/market_breadth/members/nasdaq.json;cache/market_breadth/snapshots/nasdaq.json,Composite business still references; approval required before archive
US.ZION,cache/market_breadth/prices/US.ZION.json,17704,4e6e3671ed9f85c476135a78aa67debb07415af075baa4e8cbbea802c5ec19ab,cache/market_breadth/members/nasdaq.json;cache/market_breadth/snapshots/nasdaq.json,Composite business still references; approval required before archive
US.ZJK,cache/market_breadth/prices/US.ZJK.json,17114,258300a85520608ba2f1bd291dcc2bac0dd87efaa528dd1a57da35e63ee1e9f7,cache/market_breadth/members/nasdaq.json;cache/market_breadth/snapshots/nasdaq.json,Composite business still references; approval required before archive
US.ZJYL,cache/market_breadth/prices/US.ZJYL.json,17226,ccb30e297897593850d8e25fa592f6ca228d498d05fe27b7a2f71ae648a0174c,cache/market_breadth/members/nasdaq.json;cache/market_breadth/snapshots/nasdaq.json,Composite business still references; approval required before archive
US.ZKIN,cache/market_breadth/prices/US.ZKIN.json,17210,6a5370b140eea9895d97a34a7a4f4691c5fd9c42c068ece1dd22d5b5317c56b6,cache/market_breadth/members/nasdaq.json;cache/market_breadth/snapshots/nasdaq.json,Composite business still references; approval required before archive
US.ZKP,cache/market_breadth/prices/US.ZKP.json,7144,85d66d547a72aea2a672fecd157c0f1abfc6093050f18e73e6fb4906b6a70532,cache/market_breadth/members/nasdaq.json;cache/market_breadth/snapshots/nasdaq.json,Composite business still references; approval required before archive
US.ZLAB,cache/market_breadth/prices/US.ZLAB.json,17437,db71c9ec71b5a19001b48cd544fcb5acc50776ec6809f6ebcef60a0a18b52644,cache/market_breadth/members/nasdaq.json;cache/market_breadth/snapshots/nasdaq.json,Composite business still references; approval required before archive
US.ZM,cache/market_breadth/prices/US.ZM.json,17664,d5c2f2fe2c81b93fd3d49d8b434862b4bf261dcb0b361383ce3d4da6d4bf3ef1,cache/market_breadth/members/nasdaq.json;cache/market_breadth/snapshots/nasdaq.json,Composite business still references; approval required before archive
US.ZNB,cache/market_breadth/prices/US.ZNB.json,15820,0fc3aba74bc35cd47ebecf816fad5b733796a25744c681f1f95bc7d12367a7d3,cache/market_breadth/members/nasdaq.json;cache/market_breadth/snapshots/nasdaq.json,Composite business still references; approval required before archive
US.ZNTL,cache/market_breadth/prices/US.ZNTL.json,17171,7f1ae74fdf874dae34d90bf346a47d50a88b1fd6c10857405deeebd63ce12e77,cache/market_breadth/members/nasdaq.json;cache/market_breadth/snapshots/nasdaq.json,Composite business still references; approval required before archive
US.ZOOZ,cache/market_breadth/prices/US.ZOOZ.json,17100,d3f3e573e5cdd555dcbf05f70d2b780908f8c1123258c6c2a3eca00a08336355,cache/market_breadth/members/nasdaq.json;cache/market_breadth/snapshots/nasdaq.json,Composite business still references; approval required before archive
US.ZS,cache/market_breadth/prices/US.ZS.json,17993,0c049840b29f97bf2a2e31819989608e3dc7f62d12a4cbf809e521e7d77a1056,cache/market_breadth/members/nasdaq.json;cache/market_breadth/snapshots/nasdaq.json,Composite business still references; approval required before archive
US.ZSQR,cache/market_breadth/prices/US.ZSQR.json,17317,923830f0a701bfcd737bb164c21d2344889e07980b024d97847645d24f6648d2,cache/market_breadth/members/nasdaq.json;cache/market_breadth/snapshots/nasdaq.json,Composite business still references; approval required before archive
US.ZSTK,cache/market_breadth/prices/US.ZSTK.json,17344,ccfb4e710d05a9387ccadab16fe93069938e84240b27d21c37116d3c2ce9733c,cache/market_breadth/members/nasdaq.json;cache/market_breadth/snapshots/nasdaq.json,Composite business still references; approval required before archive
US.ZTG,cache/market_breadth/prices/US.ZTG.json,11433,08ee09539e7ffce2b3917b1daa1eb4d39d09da232269a7a6a8b1f13ec690998d,cache/market_breadth/members/nasdaq.json;cache/market_breadth/snapshots/nasdaq.json,Composite business still references; approval required before archive
US.ZUMZ,cache/market_breadth/prices/US.ZUMZ.json,17636,24592440193ee42e968bd5ca8f91ef9b1b51020f28c6a9b198825eb080591fce,cache/market_breadth/members/nasdaq.json;cache/market_breadth/snapshots/nasdaq.json,Composite business still references; approval required before archive
US.ZURA,cache/market_breadth/prices/US.ZURA.json,17214,043e4c1571902dd78eacc92d439b67499820f4c4d8979e95f4929e0321a05b68,cache/market_breadth/members/nasdaq.json;cache/market_breadth/snapshots/nasdaq.json,Composite business still references; approval required before archive
US.ZVRA,cache/market_breadth/prices/US.ZVRA.json,17333,335f053e4521e9ba9bf11cf0cbca7e61bb821b1355c8dc0411d889619fa40fec,cache/market_breadth/members/nasdaq.json;cache/market_breadth/snapshots/nasdaq.json,Composite business still references; approval required before archive
US.ZYBT,cache/market_breadth/prices/US.ZYBT.json,17209,8f86d900e7eafbbc995ca40e7ce9c8896289583d4661ac159d881cb0f633e3a6,cache/market_breadth/members/nasdaq.json;cache/market_breadth/snapshots/nasdaq.json,Composite business still references; approval required before archive
US.ZYME,cache/market_breadth/prices/US.ZYME.json,17580,b906f8aa606c8df2eb034a27588cd4fa8954f5e9999a8be62aae64e24e725f42,cache/market_breadth/members/nasdaq.json;cache/market_breadth/snapshots/nasdaq.json,Composite business still references; approval required before archive
